time,target_time,horizon_hours,hour,day,day_of_week,month,temperature_2m,relative_humidity_2m,wind_speed_10m,surface_pressure,precipitation,us_aqi_rolling_mean,aqi_change_rate_24h,us_aqi_lag_24h,us_aqi_lag_48h,us_aqi_lag_72h,pm2_5_lag_24h,pm2_5_lag_48h,pm2_5_lag_72h,target_aqi
2026-07-06 19:00:00,2026-07-07 19:00:00,24,19,6,0,7,35.1,49.0,6.9,943.7,0.0,137.88888888888889,-0.3333333333333333,162.0,174.0,181.0,56.8,40.3,35.2,185.0
2026-07-06 19:00:00,2026-07-08 19:00:00,48,19,6,0,7,35.1,49.0,6.9,943.7,0.0,137.88888888888889,-0.3333333333333333,162.0,174.0,181.0,56.8,40.3,35.2,198.0
2026-07-06 19:00:00,2026-07-09 19:00:00,72,19,6,0,7,35.1,49.0,6.9,943.7,0.0,137.88888888888889,-0.3333333333333333,162.0,174.0,181.0,56.8,40.3,35.2,202.0
2026-07-06 20:00:00,2026-07-07 20:00:00,24,20,6,0,7,33.9,55.0,5.3,944.1,0.0,137.54166666666666,-0.25,142.0,154.0,160.0,66.4,52.6,48.0,163.0
2026-07-06 20:00:00,2026-07-08 20:00:00,48,20,6,0,7,33.9,55.0,5.3,944.1,0.0,137.54166666666666,-0.25,142.0,154.0,160.0,66.4,52.6,48.0,185.0
2026-07-06 20:00:00,2026-07-09 20:00:00,72,20,6,0,7,33.9,55.0,5.3,944.1,0.0,137.54166666666666,-0.25,142.0,154.0,160.0,66.4,52.6,48.0,186.0
2026-07-06 21:00:00,2026-07-07 21:00:00,24,21,6,0,7,32.6,63.0,6.4,944.4,0.0,137.45833333333334,0.5,134.0,119.0,124.0,63.6,56.7,58.9,150.0
2026-07-06 21:00:00,2026-07-08 21:00:00,48,21,6,0,7,32.6,63.0,6.4,944.4,0.0,137.45833333333334,0.5,134.0,119.0,124.0,63.6,56.7,58.9,167.0
2026-07-06 21:00:00,2026-07-09 21:00:00,72,21,6,0,7,32.6,63.0,6.4,944.4,0.0,137.45833333333334,0.5,134.0,119.0,124.0,63.6,56.7,58.9,161.0
2026-07-06 22:00:00,2026-07-07 22:00:00,24,22,6,0,7,31.6,66.0,6.3,945.1,0.0,137.875,0.8333333333333334,134.0,119.0,118.0,63.3,57.2,62.4,150.0
2026-07-06 22:00:00,2026-07-08 22:00:00,48,22,6,0,7,31.6,66.0,6.3,945.1,0.0,137.875,0.8333333333333334,134.0,119.0,118.0,63.3,57.2,62.4,153.0
2026-07-06 22:00:00,2026-07-09 22:00:00,72,22,6,0,7,31.6,66.0,6.3,945.1,0.0,137.875,0.8333333333333334,134.0,119.0,118.0,63.3,57.2,62.4,157.0
2026-07-06 23:00:00,2026-07-07 23:00:00,24,23,6,0,7,31.2,70.0,0.4,945.5,0.0,138.36111111111111,0.7916666666666666,135.0,118.0,118.0,64.0,56.1,63.6,150.0
2026-07-06 23:00:00,2026-07-08 23:00:00,48,23,6,0,7,31.2,70.0,0.4,945.5,0.0,138.36111111111111,0.7916666666666666,135.0,118.0,118.0,64.0,56.1,63.6,154.0
2026-07-06 23:00:00,2026-07-09 23:00:00,72,23,6,0,7,31.2,70.0,0.4,945.5,0.0,138.36111111111111,0.7916666666666666,135.0,118.0,118.0,64.0,56.1,63.6,157.0
2026-07-07 00:00:00,2026-07-08 00:00:00,24,0,7,1,7,30.7,72.0,1.1,945.3,0.0,138.84722222222223,0.75,136.0,118.0,119.0,62.9,52.4,61.2,151.0
2026-07-07 00:00:00,2026-07-09 00:00:00,48,0,7,1,7,30.7,72.0,1.1,945.3,0.0,138.84722222222223,0.75,136.0,118.0,119.0,62.9,52.4,61.2,154.0
2026-07-07 00:00:00,2026-07-10 00:00:00,72,0,7,1,7,30.7,72.0,1.1,945.3,0.0,138.84722222222223,0.75,136.0,118.0,119.0,62.9,52.4,61.2,157.0
2026-07-07 01:00:00,2026-07-08 01:00:00,24,1,7,1,7,30.0,75.0,3.3,945.0,0.0,139.31944444444446,0.7083333333333334,137.0,117.0,119.0,60.8,48.1,54.7,151.0
2026-07-07 01:00:00,2026-07-09 01:00:00,48,1,7,1,7,30.0,75.0,3.3,945.0,0.0,139.31944444444446,0.7083333333333334,137.0,117.0,119.0,60.8,48.1,54.7,154.0
2026-07-07 01:00:00,2026-07-10 01:00:00,72,1,7,1,7,30.0,75.0,3.3,945.0,0.0,139.31944444444446,0.7083333333333334,137.0,117.0,119.0,60.8,48.1,54.7,156.0
2026-07-07 02:00:00,2026-07-08 02:00:00,24,2,7,1,7,26.8,84.0,2.3,945.8,4.2,139.79166666666666,0.6666666666666666,138.0,116.0,119.0,59.4,44.8,48.8,151.0
2026-07-07 02:00:00,2026-07-09 02:00:00,48,2,7,1,7,26.8,84.0,2.3,945.8,4.2,139.79166666666666,0.6666666666666666,138.0,116.0,119.0,59.4,44.8,48.8,155.0
2026-07-07 02:00:00,2026-07-10 02:00:00,72,2,7,1,7,26.8,84.0,2.3,945.8,4.2,139.79166666666666,0.6666666666666666,138.0,116.0,119.0,59.4,44.8,48.8,155.0
2026-07-07 03:00:00,2026-07-08 03:00:00,24,3,7,1,7,26.8,84.0,8.1,945.2,0.0,140.26388888888889,0.625,140.0,116.0,119.0,58.3,42.7,42.8,150.0
2026-07-07 03:00:00,2026-07-09 03:00:00,48,3,7,1,7,26.8,84.0,8.1,945.2,0.0,140.26388888888889,0.625,140.0,116.0,119.0,58.3,42.7,42.8,156.0
2026-07-07 03:00:00,2026-07-10 03:00:00,72,3,7,1,7,26.8,84.0,8.1,945.2,0.0,140.26388888888889,0.625,140.0,116.0,119.0,58.3,42.7,42.8,154.0
2026-07-07 04:00:00,2026-07-08 04:00:00,24,4,7,1,7,26.5,86.0,6.3,945.6,0.4,140.72222222222223,0.5,141.0,116.0,119.0,56.5,41.7,37.8,150.0
2026-07-07 04:00:00,2026-07-09 04:00:00,48,4,7,1,7,26.5,86.0,6.3,945.6,0.4,140.72222222222223,0.5,141.0,116.0,119.0,56.5,41.7,37.8,157.0
2026-07-07 04:00:00,2026-07-10 04:00:00,72,4,7,1,7,26.5,86.0,6.3,945.6,0.4,140.72222222222223,0.5,141.0,116.0,119.0,56.5,41.7,37.8,152.0
2026-07-07 05:00:00,2026-07-08 05:00:00,24,5,7,1,7,26.6,85.0,8.2,945.4,3.8,141.18055555555554,0.4583333333333333,143.0,116.0,118.0,63.8,40.2,43.7,151.0
2026-07-07 05:00:00,2026-07-09 05:00:00,48,5,7,1,7,26.6,85.0,8.2,945.4,3.8,141.18055555555554,0.4583333333333333,143.0,116.0,118.0,63.8,40.2,43.7,158.0
2026-07-07 05:00:00,2026-07-10 05:00:00,72,5,7,1,7,26.6,85.0,8.2,945.4,3.8,141.18055555555554,0.4583333333333333,143.0,116.0,118.0,63.8,40.2,43.7,151.0
2026-07-07 06:00:00,2026-07-08 06:00:00,24,6,7,1,7,27.1,81.0,4.2,945.7,0.0,141.63888888888889,0.3333333333333333,145.0,116.0,119.0,62.2,39.8,39.8,151.0
2026-07-07 06:00:00,2026-07-09 06:00:00,48,6,7,1,7,27.1,81.0,4.2,945.7,0.0,141.63888888888889,0.3333333333333333,145.0,116.0,119.0,62.2,39.8,39.8,159.0
2026-07-07 06:00:00,2026-07-10 06:00:00,72,6,7,1,7,27.1,81.0,4.2,945.7,0.0,141.63888888888889,0.3333333333333333,145.0,116.0,119.0,62.2,39.8,39.8,150.0
2026-07-07 07:00:00,2026-07-08 07:00:00,24,7,7,1,7,28.0,77.0,1.1,945.8,0.0,142.08333333333334,0.25,148.0,116.0,121.0,64.7,41.7,35.0,150.0
2026-07-07 07:00:00,2026-07-09 07:00:00,48,7,7,1,7,28.0,77.0,1.1,945.8,0.0,142.08333333333334,0.25,148.0,116.0,121.0,64.7,41.7,35.0,160.0
2026-07-07 07:00:00,2026-07-10 07:00:00,72,7,7,1,7,28.0,77.0,1.1,945.8,0.0,142.08333333333334,0.25,148.0,116.0,121.0,64.7,41.7,35.0,146.0
2026-07-07 08:00:00,2026-07-08 08:00:00,24,8,7,1,7,26.8,84.0,7.2,946.6,2.0,142.5,0.125,150.0,116.0,121.0,68.9,49.7,35.0,150.0
2026-07-07 08:00:00,2026-07-09 08:00:00,48,8,7,1,7,26.8,84.0,7.2,946.6,2.0,142.5,0.125,150.0,116.0,121.0,68.9,49.7,35.0,161.0
2026-07-07 08:00:00,2026-07-10 08:00:00,72,8,7,1,7,26.8,84.0,7.2,946.6,2.0,142.5,0.125,150.0,116.0,121.0,68.9,49.7,35.0,143.0
2026-07-07 09:00:00,2026-07-08 09:00:00,24,9,7,1,7,26.8,81.0,3.9,946.8,2.1,142.91666666666666,0.041666666666666664,151.0,118.0,122.0,68.9,55.1,36.1,150.0
2026-07-07 09:00:00,2026-07-09 09:00:00,48,9,7,1,7,26.8,81.0,3.9,946.8,2.1,142.91666666666666,0.041666666666666664,151.0,118.0,122.0,68.9,55.1,36.1,161.0
2026-07-07 09:00:00,2026-07-10 09:00:00,72,9,7,1,7,26.8,81.0,3.9,946.8,2.1,142.91666666666666,0.041666666666666664,151.0,118.0,122.0,68.9,55.1,36.1,141.0
2026-07-07 10:00:00,2026-07-08 10:00:00,24,10,7,1,7,26.3,83.0,4.5,947.1,2.9,143.31944444444446,0.0,151.0,120.0,122.0,67.8,57.2,37.8,150.0
2026-07-07 10:00:00,2026-07-09 10:00:00,48,10,7,1,7,26.3,83.0,4.5,947.1,2.9,143.31944444444446,0.0,151.0,120.0,122.0,67.8,57.2,37.8,161.0
2026-07-07 10:00:00,2026-07-10 10:00:00,72,10,7,1,7,26.3,83.0,4.5,947.1,2.9,143.31944444444446,0.0,151.0,120.0,122.0,67.8,57.2,37.8,142.0
2026-07-07 11:00:00,2026-07-08 11:00:00,24,11,7,1,7,30.6,64.0,4.7,945.8,0.6,143.70833333333334,-0.041666666666666664,151.0,122.0,121.0,64.5,55.5,38.2,150.0
2026-07-07 11:00:00,2026-07-09 11:00:00,48,11,7,1,7,30.6,64.0,4.7,945.8,0.6,143.70833333333334,-0.041666666666666664,151.0,122.0,121.0,64.5,55.5,38.2,160.0
2026-07-07 11:00:00,2026-07-10 11:00:00,72,11,7,1,7,30.6,64.0,4.7,945.8,0.6,143.70833333333334,-0.041666666666666664,151.0,122.0,121.0,64.5,55.5,38.2,142.0
2026-07-07 12:00:00,2026-07-08 12:00:00,24,12,7,1,7,31.7,61.0,4.7,945.4,0.0,144.11111111111111,-0.041666666666666664,152.0,124.0,120.0,60.5,51.1,38.5,150.0
2026-07-07 12:00:00,2026-07-09 12:00:00,48,12,7,1,7,31.7,61.0,4.7,945.4,0.0,144.11111111111111,-0.041666666666666664,152.0,124.0,120.0,60.5,51.1,38.5,160.0
2026-07-07 12:00:00,2026-07-10 12:00:00,72,12,7,1,7,31.7,61.0,4.7,945.4,0.0,144.11111111111111,-0.041666666666666664,152.0,124.0,120.0,60.5,51.1,38.5,142.0
2026-07-07 13:00:00,2026-07-08 13:00:00,24,13,7,1,7,34.0,52.0,4.1,944.8,0.0,144.52777777777777,-0.08333333333333333,152.0,125.0,120.0,55.3,46.6,38.8,150.0
2026-07-07 13:00:00,2026-07-09 13:00:00,48,13,7,1,7,34.0,52.0,4.1,944.8,0.0,144.52777777777777,-0.08333333333333333,152.0,125.0,120.0,55.3,46.6,38.8,160.0
2026-07-07 13:00:00,2026-07-10 13:00:00,72,13,7,1,7,34.0,52.0,4.1,944.8,0.0,144.52777777777777,-0.08333333333333333,152.0,125.0,120.0,55.3,46.6,38.8,142.0
2026-07-07 14:00:00,2026-07-08 14:00:00,24,14,7,1,7,35.5,47.0,4.5,944.1,0.0,144.95833333333334,-0.041666666666666664,152.0,147.0,141.0,51.3,43.5,37.7,157.0
2026-07-07 14:00:00,2026-07-09 14:00:00,48,14,7,1,7,35.5,47.0,4.5,944.1,0.0,144.95833333333334,-0.041666666666666664,152.0,147.0,141.0,51.3,43.5,37.7,160.0
2026-07-07 14:00:00,2026-07-10 14:00:00,72,14,7,1,7,35.5,47.0,4.5,944.1,0.0,144.95833333333334,-0.041666666666666664,152.0,147.0,141.0,51.3,43.5,37.7,141.0
2026-07-07 15:00:00,2026-07-08 15:00:00,24,15,7,1,7,36.2,44.0,6.0,943.4,0.0,145.09722222222223,-0.041666666666666664,154.0,162.0,162.0,53.0,41.0,36.4,177.0
2026-07-07 15:00:00,2026-07-09 15:00:00,48,15,7,1,7,36.2,44.0,6.0,943.4,0.0,145.09722222222223,-0.041666666666666664,154.0,162.0,162.0,53.0,41.0,36.4,177.0
2026-07-07 15:00:00,2026-07-10 15:00:00,72,15,7,1,7,36.2,44.0,6.0,943.4,0.0,145.09722222222223,-0.041666666666666664,154.0,162.0,162.0,53.0,41.0,36.4,160.0
2026-07-07 16:00:00,2026-07-08 16:00:00,24,16,7,1,7,36.4,44.0,7.1,942.7,0.0,145.02777777777777,0.125,162.0,171.0,175.0,50.3,38.6,34.9,191.0
2026-07-07 16:00:00,2026-07-09 16:00:00,48,16,7,1,7,36.4,44.0,7.1,942.7,0.0,145.02777777777777,0.125,162.0,171.0,175.0,50.3,38.6,34.9,198.0
2026-07-07 16:00:00,2026-07-10 16:00:00,72,16,7,1,7,36.4,44.0,7.1,942.7,0.0,145.02777777777777,0.125,162.0,171.0,175.0,50.3,38.6,34.9,173.0
2026-07-07 17:00:00,2026-07-08 17:00:00,24,17,7,1,7,37.4,39.0,8.2,941.6,0.0,145.06944444444446,0.6666666666666666,165.0,174.0,182.0,61.0,47.6,30.7,200.0
2026-07-07 17:00:00,2026-07-09 17:00:00,48,17,7,1,7,37.4,39.0,8.2,941.6,0.0,145.06944444444446,0.6666666666666666,165.0,174.0,182.0,61.0,47.6,30.7,205.0
2026-07-07 17:00:00,2026-07-10 17:00:00,72,17,7,1,7,37.4,39.0,8.2,941.6,0.0,145.06944444444446,0.6666666666666666,165.0,174.0,182.0,61.0,47.6,30.7,180.0
2026-07-07 18:00:00,2026-07-08 18:00:00,24,18,7,1,7,36.6,42.0,7.9,941.6,0.0,145.20833333333334,1.125,164.0,172.0,183.0,59.8,45.3,30.4,201.0
2026-07-07 18:00:00,2026-07-09 18:00:00,48,18,7,1,7,36.6,42.0,7.9,941.6,0.0,145.20833333333334,1.125,164.0,172.0,183.0,59.8,45.3,30.4,206.0
2026-07-07 18:00:00,2026-07-10 18:00:00,72,18,7,1,7,36.6,42.0,7.9,941.6,0.0,145.20833333333334,1.125,164.0,172.0,183.0,59.8,45.3,30.4,183.0
2026-07-07 19:00:00,2026-07-08 19:00:00,24,19,7,1,7,35.8,44.0,6.8,942.0,0.0,145.375,1.2916666666666667,156.0,162.0,174.0,56.1,56.8,40.3,198.0
2026-07-07 19:00:00,2026-07-09 19:00:00,48,19,7,1,7,35.8,44.0,6.8,942.0,0.0,145.375,1.2916666666666667,156.0,162.0,174.0,56.1,56.8,40.3,202.0
2026-07-07 19:00:00,2026-07-10 19:00:00,72,19,7,1,7,35.8,44.0,6.8,942.0,0.0,145.375,1.2916666666666667,156.0,162.0,174.0,56.1,56.8,40.3,177.0
2026-07-07 20:00:00,2026-07-08 20:00:00,24,20,7,1,7,34.6,48.0,3.3,942.8,0.0,145.52777777777777,1.2083333333333333,154.0,142.0,154.0,56.2,66.4,52.6,185.0
2026-07-07 20:00:00,2026-07-09 20:00:00,48,20,7,1,7,34.6,48.0,3.3,942.8,0.0,145.52777777777777,1.2083333333333333,154.0,142.0,154.0,56.2,66.4,52.6,186.0
2026-07-07 20:00:00,2026-07-10 20:00:00,72,20,7,1,7,34.6,48.0,3.3,942.8,0.0,145.52777777777777,1.2083333333333333,154.0,142.0,154.0,56.2,66.4,52.6,164.0
2026-07-07 21:00:00,2026-07-08 21:00:00,24,21,7,1,7,33.7,52.0,1.9,943.2,0.0,145.65277777777777,0.375,154.0,134.0,119.0,56.8,63.6,56.7,167.0
2026-07-07 21:00:00,2026-07-09 21:00:00,48,21,7,1,7,33.7,52.0,1.9,943.2,0.0,145.65277777777777,0.375,154.0,134.0,119.0,56.8,63.6,56.7,161.0
2026-07-07 21:00:00,2026-07-10 21:00:00,72,21,7,1,7,33.7,52.0,1.9,943.2,0.0,145.65277777777777,0.375,154.0,134.0,119.0,56.8,63.6,56.7,143.0
2026-07-07 22:00:00,2026-07-08 22:00:00,24,22,7,1,7,32.7,55.0,3.4,943.6,0.0,146.08333333333334,-0.16666666666666666,153.0,134.0,119.0,56.9,63.3,57.2,153.0
2026-07-07 22:00:00,2026-07-09 22:00:00,48,22,7,1,7,32.7,55.0,3.4,943.6,0.0,146.08333333333334,-0.16666666666666666,153.0,134.0,119.0,56.9,63.3,57.2,157.0
2026-07-07 22:00:00,2026-07-10 22:00:00,72,22,7,1,7,32.7,55.0,3.4,943.6,0.0,146.08333333333334,-0.16666666666666666,153.0,134.0,119.0,56.9,63.3,57.2,137.0
2026-07-07 23:00:00,2026-07-08 23:00:00,24,23,7,1,7,32.5,57.0,6.9,943.0,0.0,146.51388888888889,-0.125,153.0,135.0,118.0,54.4,64.0,56.1,154.0
2026-07-07 23:00:00,2026-07-09 23:00:00,48,23,7,1,7,32.5,57.0,6.9,943.0,0.0,146.51388888888889,-0.125,153.0,135.0,118.0,54.4,64.0,56.1,157.0
2026-07-07 23:00:00,2026-07-10 23:00:00,72,23,7,1,7,32.5,57.0,6.9,943.0,0.0,146.51388888888889,-0.125,153.0,135.0,118.0,54.4,64.0,56.1,136.0
2026-07-08 00:00:00,2026-07-09 00:00:00,24,0,8,2,7,32.1,55.0,6.9,943.2,0.1,146.95833333333334,-0.125,153.0,136.0,118.0,55.1,62.9,52.4,154.0
2026-07-08 00:00:00,2026-07-10 00:00:00,48,0,8,2,7,32.1,55.0,6.9,943.2,0.1,146.95833333333334,-0.125,153.0,136.0,118.0,55.1,62.9,52.4,157.0
2026-07-08 00:00:00,2026-07-11 00:00:00,72,0,8,2,7,32.1,55.0,6.9,943.2,0.1,146.95833333333334,-0.125,153.0,136.0,118.0,55.1,62.9,52.4,134.0
2026-07-08 01:00:00,2026-07-09 01:00:00,24,1,8,2,7,31.1,58.0,4.0,943.6,0.3,147.41666666666666,-0.08333333333333333,153.0,137.0,117.0,56.6,60.8,48.1,154.0
2026-07-08 01:00:00,2026-07-10 01:00:00,48,1,8,2,7,31.1,58.0,4.0,943.6,0.3,147.41666666666666,-0.08333333333333333,153.0,137.0,117.0,56.6,60.8,48.1,156.0
2026-07-08 01:00:00,2026-07-11 01:00:00,72,1,8,2,7,31.1,58.0,4.0,943.6,0.3,147.41666666666666,-0.08333333333333333,153.0,137.0,117.0,56.6,60.8,48.1,134.0
2026-07-08 02:00:00,2026-07-09 02:00:00,24,2,8,2,7,29.8,66.0,2.5,943.6,0.3,147.88888888888889,-0.08333333333333333,153.0,138.0,116.0,56.2,59.4,44.8,155.0
2026-07-08 02:00:00,2026-07-10 02:00:00,48,2,8,2,7,29.8,66.0,2.5,943.6,0.3,147.88888888888889,-0.08333333333333333,153.0,138.0,116.0,56.2,59.4,44.8,155.0
2026-07-08 02:00:00,2026-07-11 02:00:00,72,2,8,2,7,29.8,66.0,2.5,943.6,0.3,147.88888888888889,-0.08333333333333333,153.0,138.0,116.0,56.2,59.4,44.8,134.0
2026-07-08 03:00:00,2026-07-09 03:00:00,24,3,8,2,7,26.9,78.0,9.4,943.5,0.6,148.375,-0.08333333333333333,152.0,140.0,116.0,52.3,58.3,42.7,156.0
2026-07-08 03:00:00,2026-07-10 03:00:00,48,3,8,2,7,26.9,78.0,9.4,943.5,0.6,148.375,-0.08333333333333333,152.0,140.0,116.0,52.3,58.3,42.7,154.0
2026-07-08 03:00:00,2026-07-11 03:00:00,72,3,8,2,7,26.9,78.0,9.4,943.5,0.6,148.375,-0.08333333333333333,152.0,140.0,116.0,52.3,58.3,42.7,134.0
2026-07-08 04:00:00,2026-07-09 04:00:00,24,4,8,2,7,26.9,77.0,5.7,943.0,0.0,148.84722222222223,-0.08333333333333333,152.0,141.0,116.0,26.3,56.5,41.7,157.0
2026-07-08 04:00:00,2026-07-10 04:00:00,48,4,8,2,7,26.9,77.0,5.7,943.0,0.0,148.84722222222223,-0.08333333333333333,152.0,141.0,116.0,26.3,56.5,41.7,152.0
2026-07-08 04:00:00,2026-07-11 04:00:00,72,4,8,2,7,26.9,77.0,5.7,943.0,0.0,148.84722222222223,-0.08333333333333333,152.0,141.0,116.0,26.3,56.5,41.7,134.0
2026-07-08 05:00:00,2026-07-09 05:00:00,24,5,8,2,7,27.2,80.0,8.4,943.6,2.4,149.31944444444446,-0.08333333333333333,151.0,143.0,116.0,62.2,63.8,40.2,158.0
2026-07-08 05:00:00,2026-07-10 05:00:00,48,5,8,2,7,27.2,80.0,8.4,943.6,2.4,149.31944444444446,-0.08333333333333333,151.0,143.0,116.0,62.2,63.8,40.2,151.0
2026-07-08 05:00:00,2026-07-11 05:00:00,72,5,8,2,7,27.2,80.0,8.4,943.6,2.4,149.31944444444446,-0.08333333333333333,151.0,143.0,116.0,62.2,63.8,40.2,135.0
2026-07-08 06:00:00,2026-07-09 06:00:00,24,6,8,2,7,27.4,80.0,8.9,943.7,0.2,149.80555555555554,0.0,151.0,145.0,116.0,61.2,62.2,39.8,159.0
2026-07-08 06:00:00,2026-07-10 06:00:00,48,6,8,2,7,27.4,80.0,8.9,943.7,0.2,149.80555555555554,0.0,151.0,145.0,116.0,61.2,62.2,39.8,150.0
2026-07-08 06:00:00,2026-07-11 06:00:00,72,6,8,2,7,27.4,80.0,8.9,943.7,0.2,149.80555555555554,0.0,151.0,145.0,116.0,61.2,62.2,39.8,132.0
2026-07-08 07:00:00,2026-07-09 07:00:00,24,7,8,2,7,27.6,77.0,7.4,944.0,0.0,150.29166666666666,0.0,151.0,148.0,116.0,60.8,64.7,41.7,160.0
2026-07-08 07:00:00,2026-07-10 07:00:00,48,7,8,2,7,27.6,77.0,7.4,944.0,0.0,150.29166666666666,0.0,151.0,148.0,116.0,60.8,64.7,41.7,146.0
2026-07-08 07:00:00,2026-07-11 07:00:00,72,7,8,2,7,27.6,77.0,7.4,944.0,0.0,150.29166666666666,0.0,151.0,148.0,116.0,60.8,64.7,41.7,129.0
2026-07-08 08:00:00,2026-07-09 08:00:00,24,8,8,2,7,28.4,73.0,7.4,944.6,0.0,150.76388888888889,-0.041666666666666664,151.0,150.0,116.0,54.1,68.9,49.7,161.0
2026-07-08 08:00:00,2026-07-10 08:00:00,48,8,8,2,7,28.4,73.0,7.4,944.6,0.0,150.76388888888889,-0.041666666666666664,151.0,150.0,116.0,54.1,68.9,49.7,143.0
2026-07-08 08:00:00,2026-07-11 08:00:00,72,8,8,2,7,28.4,73.0,7.4,944.6,0.0,150.76388888888889,-0.041666666666666664,151.0,150.0,116.0,54.1,68.9,49.7,127.0
2026-07-08 09:00:00,2026-07-09 09:00:00,24,9,8,2,7,27.4,81.0,3.3,945.2,1.8,151.23611111111111,-0.041666666666666664,151.0,151.0,118.0,59.6,68.9,55.1,161.0
2026-07-08 09:00:00,2026-07-10 09:00:00,48,9,8,2,7,27.4,81.0,3.3,945.2,1.8,151.23611111111111,-0.041666666666666664,151.0,151.0,118.0,59.6,68.9,55.1,141.0
2026-07-08 09:00:00,2026-07-11 09:00:00,72,9,8,2,7,27.4,81.0,3.3,945.2,1.8,151.23611111111111,-0.041666666666666664,151.0,151.0,118.0,59.6,68.9,55.1,125.0
2026-07-08 10:00:00,2026-07-09 10:00:00,24,10,8,2,7,27.8,77.0,6.4,945.7,1.8,151.68055555555554,-0.041666666666666664,150.0,151.0,120.0,64.0,67.8,57.2,161.0
2026-07-08 10:00:00,2026-07-10 10:00:00,48,10,8,2,7,27.8,77.0,6.4,945.7,1.8,151.68055555555554,-0.041666666666666664,150.0,151.0,120.0,64.0,67.8,57.2,142.0
2026-07-08 10:00:00,2026-07-11 10:00:00,72,10,8,2,7,27.8,77.0,6.4,945.7,1.8,151.68055555555554,-0.041666666666666664,150.0,151.0,120.0,64.0,67.8,57.2,122.0
2026-07-08 11:00:00,2026-07-09 11:00:00,24,11,8,2,7,30.7,65.0,6.0,944.7,0.0,152.09722222222223,0.0,150.0,151.0,122.0,67.1,64.5,55.5,160.0
2026-07-08 11:00:00,2026-07-10 11:00:00,48,11,8,2,7,30.7,65.0,6.0,944.7,0.0,152.09722222222223,0.0,150.0,151.0,122.0,67.1,64.5,55.5,142.0
2026-07-08 11:00:00,2026-07-11 11:00:00,72,11,8,2,7,30.7,65.0,6.0,944.7,0.0,152.09722222222223,0.0,150.0,151.0,122.0,67.1,64.5,55.5,118.0
2026-07-08 12:00:00,2026-07-09 12:00:00,24,12,8,2,7,31.9,62.0,5.4,944.3,0.0,152.48611111111111,0.0,150.0,152.0,124.0,68.9,60.5,51.1,160.0
2026-07-08 12:00:00,2026-07-10 12:00:00,48,12,8,2,7,31.9,62.0,5.4,944.3,0.0,152.48611111111111,0.0,150.0,152.0,124.0,68.9,60.5,51.1,142.0
2026-07-08 12:00:00,2026-07-11 12:00:00,72,12,8,2,7,31.9,62.0,5.4,944.3,0.0,152.48611111111111,0.0,150.0,152.0,124.0,68.9,60.5,51.1,116.0
2026-07-08 13:00:00,2026-07-09 13:00:00,24,13,8,2,7,33.7,59.0,6.6,944.0,0.6,152.84722222222223,0.0,151.0,152.0,125.0,66.4,55.3,46.6,160.0
2026-07-08 13:00:00,2026-07-10 13:00:00,48,13,8,2,7,33.7,59.0,6.6,944.0,0.6,152.84722222222223,0.0,151.0,152.0,125.0,66.4,55.3,46.6,142.0
2026-07-08 13:00:00,2026-07-11 13:00:00,72,13,8,2,7,33.7,59.0,6.6,944.0,0.6,152.84722222222223,0.0,151.0,152.0,125.0,66.4,55.3,46.6,114.0
2026-07-08 14:00:00,2026-07-09 14:00:00,24,14,8,2,7,34.2,59.0,5.5,944.1,0.1,153.19444444444446,-0.041666666666666664,151.0,152.0,147.0,64.3,51.3,43.5,160.0
2026-07-08 14:00:00,2026-07-10 14:00:00,48,14,8,2,7,34.2,59.0,5.5,944.1,0.1,153.19444444444446,-0.041666666666666664,151.0,152.0,147.0,64.3,51.3,43.5,141.0
2026-07-08 14:00:00,2026-07-11 14:00:00,72,14,8,2,7,34.2,59.0,5.5,944.1,0.1,153.19444444444446,-0.041666666666666664,151.0,152.0,147.0,64.3,51.3,43.5,132.0
2026-07-08 15:00:00,2026-07-09 15:00:00,24,15,8,2,7,33.3,63.0,4.9,943.6,0.1,153.33333333333334,0.25,157.0,154.0,162.0,62.4,53.0,41.0,177.0
2026-07-08 15:00:00,2026-07-10 15:00:00,48,15,8,2,7,33.3,63.0,4.9,943.6,0.1,153.33333333333334,0.25,157.0,154.0,162.0,62.4,53.0,41.0,160.0
2026-07-08 15:00:00,2026-07-11 15:00:00,72,15,8,2,7,33.3,63.0,4.9,943.6,0.1,153.33333333333334,0.25,157.0,154.0,162.0,62.4,53.0,41.0,151.0
2026-07-08 16:00:00,2026-07-09 16:00:00,24,16,8,2,7,33.2,65.0,4.1,943.5,0.1,153.54166666666666,0.8333333333333334,178.0,162.0,171.0,60.3,50.3,38.6,198.0
2026-07-08 16:00:00,2026-07-10 16:00:00,48,16,8,2,7,33.2,65.0,4.1,943.5,0.1,153.54166666666666,0.8333333333333334,178.0,162.0,171.0,60.3,50.3,38.6,173.0
2026-07-08 16:00:00,2026-07-11 16:00:00,72,16,8,2,7,33.2,65.0,4.1,943.5,0.1,153.54166666666666,0.8333333333333334,178.0,162.0,171.0,60.3,50.3,38.6,164.0
2026-07-08 17:00:00,2026-07-09 17:00:00,24,17,8,2,7,33.1,67.0,7.8,942.8,0.7,153.81944444444446,0.5416666666666666,192.0,165.0,174.0,36.7,61.0,47.6,205.0
2026-07-08 17:00:00,2026-07-10 17:00:00,48,17,8,2,7,33.1,67.0,7.8,942.8,0.7,153.81944444444446,0.5416666666666666,192.0,165.0,174.0,36.7,61.0,47.6,180.0
2026-07-08 17:00:00,2026-07-11 17:00:00,72,17,8,2,7,33.1,67.0,7.8,942.8,0.7,153.81944444444446,0.5416666666666666,192.0,165.0,174.0,36.7,61.0,47.6,174.0
2026-07-08 18:00:00,2026-07-09 18:00:00,24,18,8,2,7,30.5,73.0,10.9,943.2,0.4,154.18055555555554,0.3333333333333333,195.0,164.0,172.0,38.5,59.8,45.3,206.0
2026-07-08 18:00:00,2026-07-10 18:00:00,48,18,8,2,7,30.5,73.0,10.9,943.2,0.4,154.18055555555554,0.3333333333333333,195.0,164.0,172.0,38.5,59.8,45.3,183.0
2026-07-08 18:00:00,2026-07-11 18:00:00,72,18,8,2,7,30.5,73.0,10.9,943.2,0.4,154.18055555555554,0.3333333333333333,195.0,164.0,172.0,38.5,59.8,45.3,176.0
2026-07-08 19:00:00,2026-07-09 19:00:00,24,19,8,2,7,29.6,74.0,8.8,943.2,0.0,154.58333333333334,0.25,185.0,156.0,162.0,44.6,56.1,56.8,202.0
2026-07-08 19:00:00,2026-07-10 19:00:00,48,19,8,2,7,29.6,74.0,8.8,943.2,0.0,154.58333333333334,0.25,185.0,156.0,162.0,44.6,56.1,56.8,177.0
2026-07-08 19:00:00,2026-07-11 19:00:00,72,19,8,2,7,29.6,74.0,8.8,943.2,0.0,154.58333333333334,0.25,185.0,156.0,162.0,44.6,56.1,56.8,170.0
2026-07-08 20:00:00,2026-07-09 20:00:00,24,20,8,2,7,29.2,78.0,7.0,943.5,0.0,155.08333333333334,0.5416666666666666,163.0,154.0,142.0,50.8,56.2,66.4,186.0
2026-07-08 20:00:00,2026-07-10 20:00:00,48,20,8,2,7,29.2,78.0,7.0,943.5,0.0,155.08333333333334,0.5416666666666666,163.0,154.0,142.0,50.8,56.2,66.4,164.0
2026-07-08 20:00:00,2026-07-11 20:00:00,72,20,8,2,7,29.2,78.0,7.0,943.5,0.0,155.08333333333334,0.5416666666666666,163.0,154.0,142.0,50.8,56.2,66.4,158.0
2026-07-08 21:00:00,2026-07-09 21:00:00,24,21,8,2,7,27.9,84.0,5.5,944.4,0.5,155.68055555555554,0.9166666666666666,150.0,154.0,134.0,58.8,56.8,63.6,161.0
2026-07-08 21:00:00,2026-07-10 21:00:00,48,21,8,2,7,27.9,84.0,5.5,944.4,0.5,155.68055555555554,0.9166666666666666,150.0,154.0,134.0,58.8,56.8,63.6,143.0
2026-07-08 21:00:00,2026-07-11 21:00:00,72,21,8,2,7,27.9,84.0,5.5,944.4,0.5,155.68055555555554,0.9166666666666666,150.0,154.0,134.0,58.8,56.8,63.6,139.0
2026-07-08 22:00:00,2026-07-09 22:00:00,24,22,8,2,7,27.4,84.0,3.4,944.6,0.4,156.13888888888889,0.7083333333333334,150.0,153.0,134.0,63.3,56.9,63.3,157.0
2026-07-08 22:00:00,2026-07-10 22:00:00,48,22,8,2,7,27.4,84.0,3.4,944.6,0.4,156.13888888888889,0.7083333333333334,150.0,153.0,134.0,63.3,56.9,63.3,137.0
2026-07-08 22:00:00,2026-07-11 22:00:00,72,22,8,2,7,27.4,84.0,3.4,944.6,0.4,156.13888888888889,0.7083333333333334,150.0,153.0,134.0,63.3,56.9,63.3,113.0
2026-07-08 23:00:00,2026-07-09 23:00:00,24,23,8,2,7,28.9,75.0,4.7,944.8,1.0,156.40277777777777,0.125,150.0,153.0,135.0,61.5,54.4,64.0,157.0
2026-07-08 23:00:00,2026-07-10 23:00:00,48,23,8,2,7,28.9,75.0,4.7,944.8,1.0,156.40277777777777,0.125,150.0,153.0,135.0,61.5,54.4,64.0,136.0
2026-07-08 23:00:00,2026-07-11 23:00:00,72,23,8,2,7,28.9,75.0,4.7,944.8,1.0,156.40277777777777,0.125,150.0,153.0,135.0,61.5,54.4,64.0,101.0
2026-07-09 00:00:00,2026-07-10 00:00:00,24,0,9,3,7,26.9,83.0,5.6,944.5,1.1,156.66666666666666,0.16666666666666666,151.0,153.0,136.0,58.3,55.1,62.9,157.0
2026-07-09 00:00:00,2026-07-11 00:00:00,48,0,9,3,7,26.9,83.0,5.6,944.5,1.1,156.66666666666666,0.16666666666666666,151.0,153.0,136.0,58.3,55.1,62.9,134.0
2026-07-09 00:00:00,2026-07-12 00:00:00,72,0,9,3,7,26.9,83.0,5.6,944.5,1.1,156.66666666666666,0.16666666666666666,151.0,153.0,136.0,58.3,55.1,62.9,99.0
2026-07-09 01:00:00,2026-07-10 01:00:00,24,1,9,3,7,27.5,80.0,4.3,944.1,0.0,156.91666666666666,0.125,151.0,153.0,137.0,53.8,56.6,60.8,156.0
2026-07-09 01:00:00,2026-07-11 01:00:00,48,1,9,3,7,27.5,80.0,4.3,944.1,0.0,156.91666666666666,0.125,151.0,153.0,137.0,53.8,56.6,60.8,134.0
2026-07-09 01:00:00,2026-07-12 01:00:00,72,1,9,3,7,27.5,80.0,4.3,944.1,0.0,156.91666666666666,0.125,151.0,153.0,137.0,53.8,56.6,60.8,97.0
2026-07-09 02:00:00,2026-07-10 02:00:00,24,2,9,3,7,26.0,85.0,7.6,944.3,2.2,157.15277777777777,0.125,151.0,153.0,138.0,50.1,56.2,59.4,155.0
2026-07-09 02:00:00,2026-07-11 02:00:00,48,2,9,3,7,26.0,85.0,7.6,944.3,2.2,157.15277777777777,0.125,151.0,153.0,138.0,50.1,56.2,59.4,134.0
2026-07-09 02:00:00,2026-07-12 02:00:00,72,2,9,3,7,26.0,85.0,7.6,944.3,2.2,157.15277777777777,0.125,151.0,153.0,138.0,50.1,56.2,59.4,95.0
2026-07-09 03:00:00,2026-07-10 03:00:00,24,3,9,3,7,25.3,86.0,2.7,944.7,1.3,157.38888888888889,0.16666666666666666,150.0,152.0,140.0,47.3,52.3,58.3,154.0
2026-07-09 03:00:00,2026-07-11 03:00:00,48,3,9,3,7,25.3,86.0,2.7,944.7,1.3,157.38888888888889,0.16666666666666666,150.0,152.0,140.0,47.3,52.3,58.3,134.0
2026-07-09 03:00:00,2026-07-12 03:00:00,72,3,9,3,7,25.3,86.0,2.7,944.7,1.3,157.38888888888889,0.16666666666666666,150.0,152.0,140.0,47.3,52.3,58.3,94.0
2026-07-09 04:00:00,2026-07-10 04:00:00,24,4,9,3,7,25.5,83.0,0.8,944.6,0.0,157.61111111111111,0.25,150.0,152.0,141.0,44.9,26.3,56.5,152.0
2026-07-09 04:00:00,2026-07-11 04:00:00,48,4,9,3,7,25.5,83.0,0.8,944.6,0.0,157.61111111111111,0.25,150.0,152.0,141.0,44.9,26.3,56.5,134.0
2026-07-09 04:00:00,2026-07-12 04:00:00,72,4,9,3,7,25.5,83.0,0.8,944.6,0.0,157.61111111111111,0.25,150.0,152.0,141.0,44.9,26.3,56.5,93.0
2026-07-09 05:00:00,2026-07-10 05:00:00,24,5,9,3,7,25.4,82.0,1.8,944.2,0.0,157.83333333333334,0.2916666666666667,151.0,151.0,143.0,52.5,62.2,63.8,151.0
2026-07-09 05:00:00,2026-07-11 05:00:00,48,5,9,3,7,25.4,82.0,1.8,944.2,0.0,157.83333333333334,0.2916666666666667,151.0,151.0,143.0,52.5,62.2,63.8,135.0
2026-07-09 05:00:00,2026-07-12 05:00:00,72,5,9,3,7,25.4,82.0,1.8,944.2,0.0,157.83333333333334,0.2916666666666667,151.0,151.0,143.0,52.5,62.2,63.8,92.0
2026-07-09 06:00:00,2026-07-10 06:00:00,24,6,9,3,7,25.4,82.0,1.8,944.2,0.0,158.04166666666666,0.2916666666666667,151.0,151.0,145.0,50.8,61.2,62.2,150.0
2026-07-09 06:00:00,2026-07-11 06:00:00,48,6,9,3,7,25.4,82.0,1.8,944.2,0.0,158.04166666666666,0.2916666666666667,151.0,151.0,145.0,50.8,61.2,62.2,132.0
2026-07-09 06:00:00,2026-07-12 06:00:00,72,6,9,3,7,25.4,82.0,1.8,944.2,0.0,158.04166666666666,0.2916666666666667,151.0,151.0,145.0,50.8,61.2,62.2,92.0
2026-07-09 07:00:00,2026-07-10 07:00:00,24,7,9,3,7,26.8,75.0,1.0,944.6,0.0,158.23611111111111,0.3333333333333333,150.0,151.0,148.0,50.3,60.8,64.7,146.0
2026-07-09 07:00:00,2026-07-11 07:00:00,48,7,9,3,7,26.8,75.0,1.0,944.6,0.0,158.23611111111111,0.3333333333333333,150.0,151.0,148.0,50.3,60.8,64.7,129.0
2026-07-09 07:00:00,2026-07-12 07:00:00,72,7,9,3,7,26.8,75.0,1.0,944.6,0.0,158.23611111111111,0.3333333333333333,150.0,151.0,148.0,50.3,60.8,64.7,93.0
2026-07-09 08:00:00,2026-07-10 08:00:00,24,8,9,3,7,28.5,66.0,2.7,944.8,0.0,158.40277777777777,0.4166666666666667,150.0,151.0,150.0,54.9,54.1,68.9,143.0
2026-07-09 08:00:00,2026-07-11 08:00:00,48,8,9,3,7,28.5,66.0,2.7,944.8,0.0,158.40277777777777,0.4166666666666667,150.0,151.0,150.0,54.9,54.1,68.9,127.0
2026-07-09 08:00:00,2026-07-12 08:00:00,72,8,9,3,7,28.5,66.0,2.7,944.8,0.0,158.40277777777777,0.4166666666666667,150.0,151.0,150.0,54.9,54.1,68.9,93.0
2026-07-09 09:00:00,2026-07-10 09:00:00,24,9,9,3,7,30.6,58.0,6.0,944.9,0.0,158.55555555555554,0.4583333333333333,150.0,151.0,151.0,63.3,59.6,68.9,141.0
2026-07-09 09:00:00,2026-07-11 09:00:00,48,9,9,3,7,30.6,58.0,6.0,944.9,0.0,158.55555555555554,0.4583333333333333,150.0,151.0,151.0,63.3,59.6,68.9,125.0
2026-07-09 09:00:00,2026-07-12 09:00:00,72,9,9,3,7,30.6,58.0,6.0,944.9,0.0,158.55555555555554,0.4583333333333333,150.0,151.0,151.0,63.3,59.6,68.9,93.0
2026-07-09 10:00:00,2026-07-10 10:00:00,24,10,9,3,7,32.3,50.0,7.2,944.7,0.0,158.69444444444446,0.4583333333333333,150.0,150.0,151.0,68.2,64.0,67.8,142.0
2026-07-09 10:00:00,2026-07-11 10:00:00,48,10,9,3,7,32.3,50.0,7.2,944.7,0.0,158.69444444444446,0.4583333333333333,150.0,150.0,151.0,68.2,64.0,67.8,122.0
2026-07-09 10:00:00,2026-07-12 10:00:00,72,10,9,3,7,32.3,50.0,7.2,944.7,0.0,158.69444444444446,0.4583333333333333,150.0,150.0,151.0,68.2,64.0,67.8,93.0
2026-07-09 11:00:00,2026-07-10 11:00:00,24,11,9,3,7,32.9,45.0,6.2,945.3,0.0,158.83333333333334,0.4583333333333333,150.0,150.0,151.0,72.4,67.1,64.5,142.0
2026-07-09 11:00:00,2026-07-11 11:00:00,48,11,9,3,7,32.9,45.0,6.2,945.3,0.0,158.83333333333334,0.4583333333333333,150.0,150.0,151.0,72.4,67.1,64.5,118.0
2026-07-09 11:00:00,2026-07-12 11:00:00,72,11,9,3,7,32.9,45.0,6.2,945.3,0.0,158.83333333333334,0.4583333333333333,150.0,150.0,151.0,72.4,67.1,64.5,93.0
2026-07-09 12:00:00,2026-07-10 12:00:00,24,12,9,3,7,33.9,43.0,7.0,945.2,0.0,158.95833333333334,0.4166666666666667,150.0,150.0,152.0,66.8,68.9,60.5,142.0
2026-07-09 12:00:00,2026-07-11 12:00:00,48,12,9,3,7,33.9,43.0,7.0,945.2,0.0,158.95833333333334,0.4166666666666667,150.0,150.0,152.0,66.8,68.9,60.5,116.0
2026-07-09 12:00:00,2026-07-12 12:00:00,72,12,9,3,7,33.9,43.0,7.0,945.2,0.0,158.95833333333334,0.4166666666666667,150.0,150.0,152.0,66.8,68.9,60.5,92.0
2026-07-09 13:00:00,2026-07-10 13:00:00,24,13,9,3,7,34.7,42.0,7.5,944.6,0.0,159.06944444444446,0.4166666666666667,150.0,151.0,152.0,60.3,66.4,55.3,142.0
2026-07-09 13:00:00,2026-07-11 13:00:00,48,13,9,3,7,34.7,42.0,7.5,944.6,0.0,159.06944444444446,0.4166666666666667,150.0,151.0,152.0,60.3,66.4,55.3,114.0
2026-07-09 13:00:00,2026-07-12 13:00:00,72,13,9,3,7,34.7,42.0,7.5,944.6,0.0,159.06944444444446,0.4166666666666667,150.0,151.0,152.0,60.3,66.4,55.3,92.0
2026-07-09 14:00:00,2026-07-10 14:00:00,24,14,9,3,7,35.4,40.0,6.2,944.2,0.0,159.18055555555554,0.4166666666666667,157.0,151.0,152.0,55.8,64.3,51.3,141.0
2026-07-09 14:00:00,2026-07-11 14:00:00,48,14,9,3,7,35.4,40.0,6.2,944.2,0.0,159.18055555555554,0.4166666666666667,157.0,151.0,152.0,55.8,64.3,51.3,132.0
2026-07-09 14:00:00,2026-07-12 14:00:00,72,14,9,3,7,35.4,40.0,6.2,944.2,0.0,159.18055555555554,0.4166666666666667,157.0,151.0,152.0,55.8,64.3,51.3,91.0
2026-07-09 15:00:00,2026-07-10 15:00:00,24,15,9,3,7,35.8,39.0,6.1,943.9,0.0,159.29166666666666,0.125,177.0,157.0,154.0,51.8,62.4,53.0,160.0
2026-07-09 15:00:00,2026-07-11 15:00:00,48,15,9,3,7,35.8,39.0,6.1,943.9,0.0,159.29166666666666,0.125,177.0,157.0,154.0,51.8,62.4,53.0,151.0
2026-07-09 15:00:00,2026-07-12 15:00:00,72,15,9,3,7,35.8,39.0,6.1,943.9,0.0,159.29166666666666,0.125,177.0,157.0,154.0,51.8,62.4,53.0,109.0
2026-07-09 16:00:00,2026-07-10 16:00:00,24,16,9,3,7,35.7,40.0,6.1,943.4,0.0,159.61111111111111,0.0,191.0,178.0,162.0,49.0,60.3,50.3,173.0
2026-07-09 16:00:00,2026-07-11 16:00:00,48,16,9,3,7,35.7,40.0,6.1,943.4,0.0,159.61111111111111,0.0,191.0,178.0,162.0,49.0,60.3,50.3,164.0
2026-07-09 16:00:00,2026-07-12 16:00:00,72,16,9,3,7,35.7,40.0,6.1,943.4,0.0,159.61111111111111,0.0,191.0,178.0,162.0,49.0,60.3,50.3,139.0
2026-07-09 17:00:00,2026-07-10 17:00:00,24,17,9,3,7,35.5,40.0,8.2,943.1,0.0,160.11111111111111,0.2916666666666667,200.0,192.0,165.0,75.2,36.7,61.0,180.0
2026-07-09 17:00:00,2026-07-11 17:00:00,48,17,9,3,7,35.5,40.0,8.2,943.1,0.0,160.11111111111111,0.2916666666666667,200.0,192.0,165.0,75.2,36.7,61.0,174.0
2026-07-09 17:00:00,2026-07-12 17:00:00,72,17,9,3,7,35.5,40.0,8.2,943.1,0.0,160.11111111111111,0.2916666666666667,200.0,192.0,165.0,75.2,36.7,61.0,160.0
2026-07-09 18:00:00,2026-07-10 18:00:00,24,18,9,3,7,34.4,46.0,7.5,943.1,0.0,160.66666666666666,0.20833333333333334,201.0,195.0,164.0,73.6,38.5,59.8,183.0
2026-07-09 18:00:00,2026-07-11 18:00:00,48,18,9,3,7,34.4,46.0,7.5,943.1,0.0,160.66666666666666,0.20833333333333334,201.0,195.0,164.0,73.6,38.5,59.8,176.0
2026-07-09 18:00:00,2026-07-12 18:00:00,72,18,9,3,7,34.4,46.0,7.5,943.1,0.0,160.66666666666666,0.20833333333333334,201.0,195.0,164.0,73.6,38.5,59.8,166.0
2026-07-09 19:00:00,2026-07-10 19:00:00,24,19,9,3,7,32.5,57.0,3.9,943.2,0.0,161.25,0.20833333333333334,198.0,185.0,156.0,77.5,44.6,56.1,177.0
2026-07-09 19:00:00,2026-07-11 19:00:00,48,19,9,3,7,32.5,57.0,3.9,943.2,0.0,161.25,0.20833333333333334,198.0,185.0,156.0,77.5,44.6,56.1,170.0
2026-07-09 19:00:00,2026-07-12 19:00:00,72,19,9,3,7,32.5,57.0,3.9,943.2,0.0,161.25,0.20833333333333334,198.0,185.0,156.0,77.5,44.6,56.1,164.0
2026-07-09 20:00:00,2026-07-10 20:00:00,24,20,9,3,7,30.8,62.0,6.2,943.6,0.0,161.88888888888889,0.16666666666666666,185.0,163.0,154.0,73.8,50.8,56.2,164.0
2026-07-09 20:00:00,2026-07-11 20:00:00,48,20,9,3,7,30.8,62.0,6.2,943.6,0.0,161.88888888888889,0.16666666666666666,185.0,163.0,154.0,73.8,50.8,56.2,158.0
2026-07-09 20:00:00,2026-07-12 20:00:00,72,20,9,3,7,30.8,62.0,6.2,943.6,0.0,161.88888888888889,0.16666666666666666,185.0,163.0,154.0,73.8,50.8,56.2,152.0
2026-07-09 21:00:00,2026-07-10 21:00:00,24,21,9,3,7,29.8,67.0,4.5,944.3,0.0,162.33333333333334,0.041666666666666664,167.0,150.0,154.0,70.3,58.8,56.8,143.0
2026-07-09 21:00:00,2026-07-11 21:00:00,48,21,9,3,7,29.8,67.0,4.5,944.3,0.0,162.33333333333334,0.041666666666666664,167.0,150.0,154.0,70.3,58.8,56.8,139.0
2026-07-09 21:00:00,2026-07-12 21:00:00,72,21,9,3,7,29.8,67.0,4.5,944.3,0.0,162.33333333333334,0.041666666666666664,167.0,150.0,154.0,70.3,58.8,56.8,128.0
2026-07-09 22:00:00,2026-07-10 22:00:00,24,22,9,3,7,29.2,68.0,5.4,945.1,0.0,162.43055555555554,-0.25,153.0,150.0,153.0,67.5,63.3,56.9,137.0
2026-07-09 22:00:00,2026-07-11 22:00:00,48,22,9,3,7,29.2,68.0,5.4,945.1,0.0,162.43055555555554,-0.25,153.0,150.0,153.0,67.5,63.3,56.9,113.0
2026-07-09 22:00:00,2026-07-12 22:00:00,72,22,9,3,7,29.2,68.0,5.4,945.1,0.0,162.43055555555554,-0.25,153.0,150.0,153.0,67.5,63.3,56.9,95.0
2026-07-09 23:00:00,2026-07-10 23:00:00,24,23,9,3,7,29.7,67.0,5.1,944.8,0.0,162.48611111111111,0.16666666666666666,154.0,150.0,153.0,69.6,61.5,54.4,136.0
2026-07-09 23:00:00,2026-07-11 23:00:00,48,23,9,3,7,29.7,67.0,5.1,944.8,0.0,162.48611111111111,0.16666666666666666,154.0,150.0,153.0,69.6,61.5,54.4,101.0
2026-07-09 23:00:00,2026-07-12 23:00:00,72,23,9,3,7,29.7,67.0,5.1,944.8,0.0,162.48611111111111,0.16666666666666666,154.0,150.0,153.0,69.6,61.5,54.4,92.0
2026-07-10 00:00:00,2026-07-11 00:00:00,24,0,10,4,7,29.0,71.0,5.0,945.0,0.0,162.54166666666666,0.125,154.0,151.0,153.0,70.1,58.3,55.1,134.0
2026-07-10 00:00:00,2026-07-12 00:00:00,48,0,10,4,7,29.0,71.0,5.0,945.0,0.0,162.54166666666666,0.125,154.0,151.0,153.0,70.1,58.3,55.1,99.0
2026-07-10 00:00:00,2026-07-13 00:00:00,72,0,10,4,7,29.0,71.0,5.0,945.0,0.0,162.54166666666666,0.125,154.0,151.0,153.0,70.1,58.3,55.1,95.0
2026-07-10 01:00:00,2026-07-11 01:00:00,24,1,10,4,7,27.7,69.0,17.7,945.6,0.1,162.59722222222223,0.125,154.0,151.0,153.0,76.1,53.8,56.6,134.0
2026-07-10 01:00:00,2026-07-12 01:00:00,48,1,10,4,7,27.7,69.0,17.7,945.6,0.1,162.59722222222223,0.125,154.0,151.0,153.0,76.1,53.8,56.6,97.0
2026-07-10 01:00:00,2026-07-13 01:00:00,72,1,10,4,7,27.7,69.0,17.7,945.6,0.1,162.59722222222223,0.125,154.0,151.0,153.0,76.1,53.8,56.6,97.0
2026-07-10 02:00:00,2026-07-11 02:00:00,24,2,10,4,7,26.2,74.0,11.4,945.4,0.1,162.63888888888889,0.08333333333333333,155.0,151.0,153.0,79.9,50.1,56.2,134.0
2026-07-10 02:00:00,2026-07-12 02:00:00,48,2,10,4,7,26.2,74.0,11.4,945.4,0.1,162.63888888888889,0.08333333333333333,155.0,151.0,153.0,79.9,50.1,56.2,95.0
2026-07-10 02:00:00,2026-07-13 02:00:00,72,2,10,4,7,26.2,74.0,11.4,945.4,0.1,162.63888888888889,0.08333333333333333,155.0,151.0,153.0,79.9,50.1,56.2,98.0
2026-07-10 03:00:00,2026-07-11 03:00:00,24,3,10,4,7,26.4,72.0,8.5,945.3,0.0,162.66666666666666,0.0,156.0,150.0,152.0,80.1,47.3,52.3,134.0
2026-07-10 03:00:00,2026-07-12 03:00:00,48,3,10,4,7,26.4,72.0,8.5,945.3,0.0,162.66666666666666,0.0,156.0,150.0,152.0,80.1,47.3,52.3,94.0
2026-07-10 03:00:00,2026-07-13 03:00:00,72,3,10,4,7,26.4,72.0,8.5,945.3,0.0,162.66666666666666,0.0,156.0,150.0,152.0,80.1,47.3,52.3,100.0
2026-07-10 04:00:00,2026-07-11 04:00:00,24,4,10,4,7,26.4,73.0,6.9,945.4,0.0,162.69444444444446,-0.08333333333333333,157.0,150.0,152.0,78.9,44.9,26.3,134.0
2026-07-10 04:00:00,2026-07-12 04:00:00,48,4,10,4,7,26.4,73.0,6.9,945.4,0.0,162.69444444444446,-0.08333333333333333,157.0,150.0,152.0,78.9,44.9,26.3,93.0
2026-07-10 04:00:00,2026-07-13 04:00:00,72,4,10,4,7,26.4,73.0,6.9,945.4,0.0,162.69444444444446,-0.08333333333333333,157.0,150.0,152.0,78.9,44.9,26.3,101.0
2026-07-10 05:00:00,2026-07-11 05:00:00,24,5,10,4,7,26.2,84.0,6.9,944.7,0.0,162.69444444444446,-0.20833333333333334,158.0,151.0,151.0,87.8,52.5,62.2,135.0
2026-07-10 05:00:00,2026-07-12 05:00:00,48,5,10,4,7,26.2,84.0,6.9,944.7,0.0,162.69444444444446,-0.20833333333333334,158.0,151.0,151.0,87.8,52.5,62.2,92.0
2026-07-10 05:00:00,2026-07-13 05:00:00,72,5,10,4,7,26.2,84.0,6.9,944.7,0.0,162.69444444444446,-0.20833333333333334,158.0,151.0,151.0,87.8,52.5,62.2,102.0
2026-07-10 06:00:00,2026-07-11 06:00:00,24,6,10,4,7,25.7,86.0,8.1,944.6,0.2,162.69444444444446,-0.2916666666666667,159.0,151.0,151.0,86.6,50.8,61.2,132.0
2026-07-10 06:00:00,2026-07-12 06:00:00,48,6,10,4,7,25.7,86.0,8.1,944.6,0.2,162.69444444444446,-0.2916666666666667,159.0,151.0,151.0,86.6,50.8,61.2,92.0
2026-07-10 06:00:00,2026-07-13 06:00:00,72,6,10,4,7,25.7,86.0,8.1,944.6,0.2,162.69444444444446,-0.2916666666666667,159.0,151.0,151.0,86.6,50.8,61.2,102.0
2026-07-10 07:00:00,2026-07-11 07:00:00,24,7,10,4,7,27.1,79.0,5.4,945.0,0.0,162.68055555555554,-0.375,160.0,150.0,151.0,83.4,50.3,60.8,129.0
2026-07-10 07:00:00,2026-07-12 07:00:00,48,7,10,4,7,27.1,79.0,5.4,945.0,0.0,162.68055555555554,-0.375,160.0,150.0,151.0,83.4,50.3,60.8,93.0
2026-07-10 07:00:00,2026-07-13 07:00:00,72,7,10,4,7,27.1,79.0,5.4,945.0,0.0,162.68055555555554,-0.375,160.0,150.0,151.0,83.4,50.3,60.8,101.0
2026-07-10 08:00:00,2026-07-11 08:00:00,24,8,10,4,7,29.1,68.0,6.4,945.6,0.0,162.61111111111111,-0.5833333333333334,161.0,150.0,151.0,62.2,54.9,54.1,127.0
2026-07-10 08:00:00,2026-07-12 08:00:00,48,8,10,4,7,29.1,68.0,6.4,945.6,0.0,162.61111111111111,-0.5833333333333334,161.0,150.0,151.0,62.2,54.9,54.1,93.0
2026-07-10 08:00:00,2026-07-13 08:00:00,72,8,10,4,7,29.1,68.0,6.4,945.6,0.0,162.61111111111111,-0.5833333333333334,161.0,150.0,151.0,62.2,54.9,54.1,101.0
2026-07-10 09:00:00,2026-07-11 09:00:00,24,9,10,4,7,31.0,62.0,5.6,945.7,0.0,162.5,-0.75,161.0,150.0,151.0,56.2,63.3,59.6,125.0
2026-07-10 09:00:00,2026-07-12 09:00:00,48,9,10,4,7,31.0,62.0,5.6,945.7,0.0,162.5,-0.75,161.0,150.0,151.0,56.2,63.3,59.6,93.0
2026-07-10 09:00:00,2026-07-13 09:00:00,72,9,10,4,7,31.0,62.0,5.6,945.7,0.0,162.5,-0.75,161.0,150.0,151.0,56.2,63.3,59.6,101.0
2026-07-10 10:00:00,2026-07-11 10:00:00,24,10,10,4,7,32.7,58.0,6.6,945.7,0.0,162.36111111111111,-0.8333333333333334,161.0,150.0,150.0,59.6,68.2,64.0,122.0
2026-07-10 10:00:00,2026-07-12 10:00:00,48,10,10,4,7,32.7,58.0,6.6,945.7,0.0,162.36111111111111,-0.8333333333333334,161.0,150.0,150.0,59.6,68.2,64.0,93.0
2026-07-10 10:00:00,2026-07-13 10:00:00,72,10,10,4,7,32.7,58.0,6.6,945.7,0.0,162.36111111111111,-0.8333333333333334,161.0,150.0,150.0,59.6,68.2,64.0,100.0
2026-07-10 11:00:00,2026-07-11 11:00:00,24,11,10,4,7,34.0,55.0,5.4,945.4,0.0,162.25,-0.7916666666666666,160.0,150.0,150.0,62.2,72.4,67.1,118.0
2026-07-10 11:00:00,2026-07-12 11:00:00,48,11,10,4,7,34.0,55.0,5.4,945.4,0.0,162.25,-0.7916666666666666,160.0,150.0,150.0,62.2,72.4,67.1,93.0
2026-07-10 11:00:00,2026-07-13 11:00:00,72,11,10,4,7,34.0,55.0,5.4,945.4,0.0,162.25,-0.7916666666666666,160.0,150.0,150.0,62.2,72.4,67.1,100.0
2026-07-10 12:00:00,2026-07-11 12:00:00,24,12,10,4,7,34.7,53.0,5.0,945.0,0.1,162.13888888888889,-0.75,160.0,150.0,150.0,61.9,66.8,68.9,116.0
2026-07-10 12:00:00,2026-07-12 12:00:00,48,12,10,4,7,34.7,53.0,5.0,945.0,0.1,162.13888888888889,-0.75,160.0,150.0,150.0,61.9,66.8,68.9,92.0
2026-07-10 12:00:00,2026-07-13 12:00:00,72,12,10,4,7,34.7,53.0,5.0,945.0,0.1,162.13888888888889,-0.75,160.0,150.0,150.0,61.9,66.8,68.9,100.0
2026-07-10 13:00:00,2026-07-11 13:00:00,24,13,10,4,7,35.4,50.0,5.2,944.2,0.1,162.02777777777777,-0.75,160.0,150.0,151.0,59.4,60.3,66.4,114.0
2026-07-10 13:00:00,2026-07-12 13:00:00,48,13,10,4,7,35.4,50.0,5.2,944.2,0.1,162.02777777777777,-0.75,160.0,150.0,151.0,59.4,60.3,66.4,92.0
2026-07-10 13:00:00,2026-07-13 13:00:00,72,13,10,4,7,35.4,50.0,5.2,944.2,0.1,162.02777777777777,-0.75,160.0,150.0,151.0,59.4,60.3,66.4,100.0
2026-07-10 14:00:00,2026-07-11 14:00:00,24,14,10,4,7,36.0,48.0,7.5,943.7,0.0,161.90277777777777,-0.75,160.0,157.0,151.0,56.7,55.8,64.3,132.0
2026-07-10 14:00:00,2026-07-12 14:00:00,48,14,10,4,7,36.0,48.0,7.5,943.7,0.0,161.90277777777777,-0.75,160.0,157.0,151.0,56.7,55.8,64.3,91.0
2026-07-10 14:00:00,2026-07-13 14:00:00,72,14,10,4,7,36.0,48.0,7.5,943.7,0.0,161.90277777777777,-0.75,160.0,157.0,151.0,56.7,55.8,64.3,101.0
2026-07-10 15:00:00,2026-07-11 15:00:00,24,15,10,4,7,35.9,46.0,8.9,943.4,0.0,161.76388888888889,-0.7916666666666666,177.0,177.0,157.0,55.1,51.8,62.4,151.0
2026-07-10 15:00:00,2026-07-12 15:00:00,48,15,10,4,7,35.9,46.0,8.9,943.4,0.0,161.76388888888889,-0.7916666666666666,177.0,177.0,157.0,55.1,51.8,62.4,109.0
2026-07-10 15:00:00,2026-07-13 15:00:00,72,15,10,4,7,35.9,46.0,8.9,943.4,0.0,161.76388888888889,-0.7916666666666666,177.0,177.0,157.0,55.1,51.8,62.4,140.0
2026-07-10 16:00:00,2026-07-11 16:00:00,24,16,10,4,7,34.9,49.0,12.6,943.0,0.0,161.80555555555554,-0.7083333333333334,198.0,191.0,178.0,52.7,49.0,60.3,164.0
2026-07-10 16:00:00,2026-07-12 16:00:00,48,16,10,4,7,34.9,49.0,12.6,943.0,0.0,161.80555555555554,-0.7083333333333334,198.0,191.0,178.0,52.7,49.0,60.3,139.0
2026-07-10 16:00:00,2026-07-13 16:00:00,72,16,10,4,7,34.9,49.0,12.6,943.0,0.0,161.80555555555554,-0.7083333333333334,198.0,191.0,178.0,52.7,49.0,60.3,170.0
2026-07-10 17:00:00,2026-07-11 17:00:00,24,17,10,4,7,36.6,39.0,8.3,942.2,0.3,161.73611111111111,-1.0416666666666667,205.0,200.0,192.0,45.2,75.2,36.7,174.0
2026-07-10 17:00:00,2026-07-12 17:00:00,48,17,10,4,7,36.6,39.0,8.3,942.2,0.3,161.73611111111111,-1.0416666666666667,205.0,200.0,192.0,45.2,75.2,36.7,160.0
2026-07-10 17:00:00,2026-07-13 17:00:00,72,17,10,4,7,36.6,39.0,8.3,942.2,0.3,161.73611111111111,-1.0416666666666667,205.0,200.0,192.0,45.2,75.2,36.7,192.0
2026-07-10 18:00:00,2026-07-11 18:00:00,24,18,10,4,7,35.3,43.0,14.8,942.4,0.0,161.56944444444446,-1.0416666666666667,206.0,201.0,195.0,48.0,73.6,38.5,176.0
2026-07-10 18:00:00,2026-07-12 18:00:00,48,18,10,4,7,35.3,43.0,14.8,942.4,0.0,161.56944444444446,-1.0416666666666667,206.0,201.0,195.0,48.0,73.6,38.5,166.0
2026-07-10 18:00:00,2026-07-13 18:00:00,72,18,10,4,7,35.3,43.0,14.8,942.4,0.0,161.56944444444446,-1.0416666666666667,206.0,201.0,195.0,48.0,73.6,38.5,201.0
2026-07-10 19:00:00,2026-07-11 19:00:00,24,19,10,4,7,32.4,58.0,13.7,942.6,0.0,161.40277777777777,-0.9583333333333334,202.0,198.0,185.0,53.8,77.5,44.6,170.0
2026-07-10 19:00:00,2026-07-12 19:00:00,48,19,10,4,7,32.4,58.0,13.7,942.6,0.0,161.40277777777777,-0.9583333333333334,202.0,198.0,185.0,53.8,77.5,44.6,164.0
2026-07-10 19:00:00,2026-07-13 19:00:00,72,19,10,4,7,32.4,58.0,13.7,942.6,0.0,161.40277777777777,-0.9583333333333334,202.0,198.0,185.0,53.8,77.5,44.6,200.0
2026-07-10 20:00:00,2026-07-11 20:00:00,24,20,10,4,7,31.4,63.0,9.6,943.0,0.0,161.29166666666666,-1.0416666666666667,186.0,185.0,163.0,58.2,73.8,50.8,158.0
2026-07-10 20:00:00,2026-07-12 20:00:00,48,20,10,4,7,31.4,63.0,9.6,943.0,0.0,161.29166666666666,-1.0416666666666667,186.0,185.0,163.0,58.2,73.8,50.8,152.0
2026-07-10 20:00:00,2026-07-13 20:00:00,72,20,10,4,7,31.4,63.0,9.6,943.0,0.0,161.29166666666666,-1.0416666666666667,186.0,185.0,163.0,58.2,73.8,50.8,184.0
2026-07-10 21:00:00,2026-07-11 21:00:00,24,21,10,4,7,30.6,66.0,9.2,943.9,0.0,161.30555555555554,-0.9166666666666666,161.0,167.0,150.0,60.8,70.3,58.8,139.0
2026-07-10 21:00:00,2026-07-12 21:00:00,48,21,10,4,7,30.6,66.0,9.2,943.9,0.0,161.30555555555554,-0.9166666666666666,161.0,167.0,150.0,60.8,70.3,58.8,128.0
2026-07-10 21:00:00,2026-07-13 21:00:00,72,21,10,4,7,30.6,66.0,9.2,943.9,0.0,161.30555555555554,-0.9166666666666666,161.0,167.0,150.0,60.8,70.3,58.8,159.0
2026-07-10 22:00:00,2026-07-11 22:00:00,24,22,10,4,7,29.9,67.0,10.1,944.4,0.0,161.20833333333334,-0.75,157.0,153.0,150.0,63.6,67.5,63.3,113.0
2026-07-10 22:00:00,2026-07-12 22:00:00,48,22,10,4,7,29.9,67.0,10.1,944.4,0.0,161.20833333333334,-0.75,157.0,153.0,150.0,63.6,67.5,63.3,95.0
2026-07-10 22:00:00,2026-07-13 22:00:00,72,22,10,4,7,29.9,67.0,10.1,944.4,0.0,161.20833333333334,-0.75,157.0,153.0,150.0,63.6,67.5,63.3,126.0
2026-07-10 23:00:00,2026-07-11 23:00:00,24,23,10,4,7,29.7,68.0,13.4,944.0,0.0,161.02777777777777,-0.8333333333333334,157.0,154.0,150.0,61.2,69.6,61.5,101.0
2026-07-10 23:00:00,2026-07-12 23:00:00,48,23,10,4,7,29.7,68.0,13.4,944.0,0.0,161.02777777777777,-0.8333333333333334,157.0,154.0,150.0,61.2,69.6,61.5,92.0
2026-07-10 23:00:00,2026-07-13 23:00:00,72,23,10,4,7,29.7,68.0,13.4,944.0,0.0,161.02777777777777,-0.8333333333333334,157.0,154.0,150.0,61.2,69.6,61.5,96.0
2026-07-11 00:00:00,2026-07-12 00:00:00,24,0,11,5,7,28.6,71.0,11.2,944.0,0.0,160.83333333333334,-0.875,157.0,154.0,151.0,54.1,70.1,58.3,99.0
2026-07-11 00:00:00,2026-07-13 00:00:00,48,0,11,5,7,28.6,71.0,11.2,944.0,0.0,160.83333333333334,-0.875,157.0,154.0,151.0,54.1,70.1,58.3,95.0
2026-07-11 00:00:00,2026-07-14 00:00:00,72,0,11,5,7,28.6,71.0,11.2,944.0,0.0,160.83333333333334,-0.875,157.0,154.0,151.0,54.1,70.1,58.3,94.0
2026-07-11 01:00:00,2026-07-12 01:00:00,24,1,11,5,7,28.1,73.0,9.8,943.8,0.0,160.59722222222223,-0.9583333333333334,156.0,154.0,151.0,44.0,76.1,53.8,97.0
2026-07-11 01:00:00,2026-07-13 01:00:00,48,1,11,5,7,28.1,73.0,9.8,943.8,0.0,160.59722222222223,-0.9583333333333334,156.0,154.0,151.0,44.0,76.1,53.8,97.0
2026-07-11 01:00:00,2026-07-14 01:00:00,72,1,11,5,7,28.1,73.0,9.8,943.8,0.0,160.59722222222223,-0.9583333333333334,156.0,154.0,151.0,44.0,76.1,53.8,93.0
2026-07-11 02:00:00,2026-07-12 02:00:00,24,2,11,5,7,27.9,74.0,10.1,943.1,0.0,160.36111111111111,-0.9166666666666666,155.0,155.0,151.0,34.2,79.9,50.1,95.0
2026-07-11 02:00:00,2026-07-13 02:00:00,48,2,11,5,7,27.9,74.0,10.1,943.1,0.0,160.36111111111111,-0.9166666666666666,155.0,155.0,151.0,34.2,79.9,50.1,98.0
2026-07-11 02:00:00,2026-07-14 02:00:00,72,2,11,5,7,27.9,74.0,10.1,943.1,0.0,160.36111111111111,-0.9166666666666666,155.0,155.0,151.0,34.2,79.9,50.1,92.0
2026-07-11 03:00:00,2026-07-12 03:00:00,24,3,11,5,7,27.7,74.0,10.1,943.1,0.0,160.125,-0.875,154.0,156.0,150.0,29.8,80.1,47.3,94.0
2026-07-11 03:00:00,2026-07-13 03:00:00,48,3,11,5,7,27.7,74.0,10.1,943.1,0.0,160.125,-0.875,154.0,156.0,150.0,29.8,80.1,47.3,100.0
2026-07-11 03:00:00,2026-07-14 03:00:00,72,3,11,5,7,27.7,74.0,10.1,943.1,0.0,160.125,-0.875,154.0,156.0,150.0,29.8,80.1,47.3,91.0
2026-07-11 04:00:00,2026-07-12 04:00:00,24,4,11,5,7,25.7,86.0,12.6,942.3,0.9,159.90277777777777,-0.8333333333333334,152.0,157.0,150.0,26.8,78.9,44.9,93.0
2026-07-11 04:00:00,2026-07-13 04:00:00,48,4,11,5,7,25.7,86.0,12.6,942.3,0.9,159.90277777777777,-0.8333333333333334,152.0,157.0,150.0,26.8,78.9,44.9,101.0
2026-07-11 04:00:00,2026-07-14 04:00:00,72,4,11,5,7,25.7,86.0,12.6,942.3,0.9,159.90277777777777,-0.8333333333333334,152.0,157.0,150.0,26.8,78.9,44.9,91.0
2026-07-11 05:00:00,2026-07-12 05:00:00,24,5,11,5,7,24.3,97.0,11.3,942.8,0.7,159.68055555555554,-0.75,151.0,158.0,151.0,54.4,87.8,52.5,92.0
2026-07-11 05:00:00,2026-07-13 05:00:00,48,5,11,5,7,24.3,97.0,11.3,942.8,0.7,159.68055555555554,-0.75,151.0,158.0,151.0,54.4,87.8,52.5,102.0
2026-07-11 05:00:00,2026-07-14 05:00:00,72,5,11,5,7,24.3,97.0,11.3,942.8,0.7,159.68055555555554,-0.75,151.0,158.0,151.0,54.4,87.8,52.5,91.0
2026-07-11 06:00:00,2026-07-12 06:00:00,24,6,11,5,7,24.6,93.0,8.2,943.0,1.5,159.45833333333334,-0.6666666666666666,150.0,159.0,151.0,50.8,86.6,50.8,92.0
2026-07-11 06:00:00,2026-07-13 06:00:00,48,6,11,5,7,24.6,93.0,8.2,943.0,1.5,159.45833333333334,-0.6666666666666666,150.0,159.0,151.0,50.8,86.6,50.8,102.0
2026-07-11 06:00:00,2026-07-14 06:00:00,72,6,11,5,7,24.6,93.0,8.2,943.0,1.5,159.45833333333334,-0.6666666666666666,150.0,159.0,151.0,50.8,86.6,50.8,90.0
2026-07-11 07:00:00,2026-07-12 07:00:00,24,7,11,5,7,25.6,87.0,5.3,943.1,0.1,159.19444444444446,-0.75,146.0,160.0,150.0,50.2,83.4,50.3,93.0
2026-07-11 07:00:00,2026-07-13 07:00:00,48,7,11,5,7,25.6,87.0,5.3,943.1,0.1,159.19444444444446,-0.75,146.0,160.0,150.0,50.2,83.4,50.3,101.0
2026-07-11 07:00:00,2026-07-14 07:00:00,72,7,11,5,7,25.6,87.0,5.3,943.1,0.1,159.19444444444446,-0.75,146.0,160.0,150.0,50.2,83.4,50.3,90.0
2026-07-11 08:00:00,2026-07-12 08:00:00,24,8,11,5,7,27.5,77.0,5.0,943.7,0.0,158.90277777777777,-0.7083333333333334,143.0,161.0,150.0,48.9,62.2,54.9,93.0
2026-07-11 08:00:00,2026-07-13 08:00:00,48,8,11,5,7,27.5,77.0,5.0,943.7,0.0,158.90277777777777,-0.7083333333333334,143.0,161.0,150.0,48.9,62.2,54.9,101.0
2026-07-11 08:00:00,2026-07-14 08:00:00,72,8,11,5,7,27.5,77.0,5.0,943.7,0.0,158.90277777777777,-0.7083333333333334,143.0,161.0,150.0,48.9,62.2,54.9,90.0
2026-07-11 09:00:00,2026-07-12 09:00:00,24,9,11,5,7,29.2,70.0,6.4,944.2,0.0,158.58333333333334,-0.6666666666666666,141.0,161.0,150.0,61.0,56.2,63.3,93.0
2026-07-11 09:00:00,2026-07-13 09:00:00,48,9,11,5,7,29.2,70.0,6.4,944.2,0.0,158.58333333333334,-0.6666666666666666,141.0,161.0,150.0,61.0,56.2,63.3,101.0
2026-07-11 09:00:00,2026-07-14 09:00:00,72,9,11,5,7,29.2,70.0,6.4,944.2,0.0,158.58333333333334,-0.6666666666666666,141.0,161.0,150.0,61.0,56.2,63.3,90.0
2026-07-11 10:00:00,2026-07-12 10:00:00,24,10,11,5,7,30.8,65.0,8.6,944.0,0.0,158.23611111111111,-0.6666666666666666,142.0,161.0,150.0,66.6,59.6,68.2,93.0
2026-07-11 10:00:00,2026-07-13 10:00:00,48,10,11,5,7,30.8,65.0,8.6,944.0,0.0,158.23611111111111,-0.6666666666666666,142.0,161.0,150.0,66.6,59.6,68.2,100.0
2026-07-11 10:00:00,2026-07-14 10:00:00,72,10,11,5,7,30.8,65.0,8.6,944.0,0.0,158.23611111111111,-0.6666666666666666,142.0,161.0,150.0,66.6,59.6,68.2,90.0
2026-07-11 11:00:00,2026-07-12 11:00:00,24,11,11,5,7,31.2,63.0,8.8,944.3,0.0,157.84722222222223,-0.8333333333333334,142.0,160.0,150.0,61.5,62.2,72.4,93.0
2026-07-11 11:00:00,2026-07-13 11:00:00,48,11,11,5,7,31.2,63.0,8.8,944.3,0.0,157.84722222222223,-0.8333333333333334,142.0,160.0,150.0,61.5,62.2,72.4,100.0
2026-07-11 11:00:00,2026-07-14 11:00:00,72,11,11,5,7,31.2,63.0,8.8,944.3,0.0,157.84722222222223,-0.8333333333333334,142.0,160.0,150.0,61.5,62.2,72.4,90.0
2026-07-11 12:00:00,2026-07-12 12:00:00,24,12,11,5,7,31.1,64.0,9.3,944.3,0.0,157.40277777777777,-1.0,142.0,160.0,150.0,56.0,61.9,66.8,92.0
2026-07-11 12:00:00,2026-07-13 12:00:00,48,12,11,5,7,31.1,64.0,9.3,944.3,0.0,157.40277777777777,-1.0,142.0,160.0,150.0,56.0,61.9,66.8,100.0
2026-07-11 12:00:00,2026-07-14 12:00:00,72,12,11,5,7,31.1,64.0,9.3,944.3,0.0,157.40277777777777,-1.0,142.0,160.0,150.0,56.0,61.9,66.8,90.0
2026-07-11 13:00:00,2026-07-12 13:00:00,24,13,11,5,7,32.0,61.0,7.3,943.6,0.1,156.93055555555554,-1.0833333333333333,142.0,160.0,150.0,52.4,59.4,60.3,92.0
2026-07-11 13:00:00,2026-07-13 13:00:00,48,13,11,5,7,32.0,61.0,7.3,943.6,0.1,156.93055555555554,-1.0833333333333333,142.0,160.0,150.0,52.4,59.4,60.3,100.0
2026-07-11 13:00:00,2026-07-14 13:00:00,72,13,11,5,7,32.0,61.0,7.3,943.6,0.1,156.93055555555554,-1.0833333333333333,142.0,160.0,150.0,52.4,59.4,60.3,93.0
2026-07-11 14:00:00,2026-07-12 14:00:00,24,14,11,5,7,32.8,59.0,10.1,942.7,0.1,156.43055555555554,-1.1666666666666667,141.0,160.0,157.0,50.8,56.7,55.8,91.0
2026-07-11 14:00:00,2026-07-13 14:00:00,48,14,11,5,7,32.8,59.0,10.1,942.7,0.1,156.43055555555554,-1.1666666666666667,141.0,160.0,157.0,50.8,56.7,55.8,101.0
2026-07-11 14:00:00,2026-07-14 14:00:00,72,14,11,5,7,32.8,59.0,10.1,942.7,0.1,156.43055555555554,-1.1666666666666667,141.0,160.0,157.0,50.8,56.7,55.8,127.0
2026-07-11 15:00:00,2026-07-12 15:00:00,24,15,11,5,7,31.4,64.0,10.3,942.5,0.2,156.08333333333334,-0.375,160.0,177.0,177.0,48.5,55.1,51.8,109.0
2026-07-11 15:00:00,2026-07-13 15:00:00,48,15,11,5,7,31.4,64.0,10.3,942.5,0.2,156.08333333333334,-0.375,160.0,177.0,177.0,48.5,55.1,51.8,140.0
2026-07-11 15:00:00,2026-07-14 15:00:00,72,15,11,5,7,31.4,64.0,10.3,942.5,0.2,156.08333333333334,-0.375,160.0,177.0,177.0,48.5,55.1,51.8,156.0
2026-07-11 16:00:00,2026-07-12 16:00:00,24,16,11,5,7,32.0,62.0,10.5,942.2,0.3,155.72222222222223,-0.375,173.0,198.0,191.0,46.9,52.7,49.0,139.0
2026-07-11 16:00:00,2026-07-13 16:00:00,48,16,11,5,7,32.0,62.0,10.5,942.2,0.3,155.72222222222223,-0.375,173.0,198.0,191.0,46.9,52.7,49.0,170.0
2026-07-11 16:00:00,2026-07-14 16:00:00,72,16,11,5,7,32.0,62.0,10.5,942.2,0.3,155.72222222222223,-0.375,173.0,198.0,191.0,46.9,52.7,49.0,177.0
2026-07-11 17:00:00,2026-07-12 17:00:00,24,17,11,5,7,31.8,59.0,11.7,942.1,0.2,155.34722222222223,-0.375,180.0,205.0,200.0,41.7,45.2,75.2,160.0
2026-07-11 17:00:00,2026-07-13 17:00:00,48,17,11,5,7,31.8,59.0,11.7,942.1,0.2,155.34722222222223,-0.375,180.0,205.0,200.0,41.7,45.2,75.2,192.0
2026-07-11 17:00:00,2026-07-14 17:00:00,72,17,11,5,7,31.8,59.0,11.7,942.1,0.2,155.34722222222223,-0.375,180.0,205.0,200.0,41.7,45.2,75.2,193.0
2026-07-11 18:00:00,2026-07-12 18:00:00,24,18,11,5,7,30.9,65.0,11.2,941.9,0.0,154.98611111111111,-0.25,183.0,206.0,201.0,45.2,48.0,73.6,166.0
2026-07-11 18:00:00,2026-07-13 18:00:00,48,18,11,5,7,30.9,65.0,11.2,941.9,0.0,154.98611111111111,-0.25,183.0,206.0,201.0,45.2,48.0,73.6,201.0
2026-07-11 18:00:00,2026-07-14 18:00:00,72,18,11,5,7,30.9,65.0,11.2,941.9,0.0,154.98611111111111,-0.25,183.0,206.0,201.0,45.2,48.0,73.6,200.0
2026-07-11 19:00:00,2026-07-12 19:00:00,24,19,11,5,7,29.2,72.0,13.9,942.4,0.0,154.63888888888889,-0.2916666666666667,177.0,202.0,198.0,48.1,53.8,77.5,164.0
2026-07-11 19:00:00,2026-07-13 19:00:00,48,19,11,5,7,29.2,72.0,13.9,942.4,0.0,154.63888888888889,-0.2916666666666667,177.0,202.0,198.0,48.1,53.8,77.5,200.0
2026-07-11 19:00:00,2026-07-14 19:00:00,72,19,11,5,7,29.2,72.0,13.9,942.4,0.0,154.63888888888889,-0.2916666666666667,177.0,202.0,198.0,48.1,53.8,77.5,196.0
2026-07-11 20:00:00,2026-07-12 20:00:00,24,20,11,5,7,28.3,77.0,8.4,942.9,0.0,154.25,-0.2916666666666667,164.0,186.0,185.0,52.2,58.2,73.8,152.0
2026-07-11 20:00:00,2026-07-13 20:00:00,48,20,11,5,7,28.3,77.0,8.4,942.9,0.0,154.25,-0.2916666666666667,164.0,186.0,185.0,52.2,58.2,73.8,184.0
2026-07-11 20:00:00,2026-07-14 20:00:00,72,20,11,5,7,28.3,77.0,8.4,942.9,0.0,154.25,-0.2916666666666667,164.0,186.0,185.0,52.2,58.2,73.8,178.0
2026-07-11 21:00:00,2026-07-12 21:00:00,24,21,11,5,7,28.1,78.0,5.1,943.6,0.0,153.875,-0.25,143.0,161.0,167.0,54.4,60.8,70.3,128.0
2026-07-11 21:00:00,2026-07-13 21:00:00,48,21,11,5,7,28.1,78.0,5.1,943.6,0.0,153.875,-0.25,143.0,161.0,167.0,54.4,60.8,70.3,159.0
2026-07-11 21:00:00,2026-07-14 21:00:00,72,21,11,5,7,28.1,78.0,5.1,943.6,0.0,153.875,-0.25,143.0,161.0,167.0,54.4,60.8,70.3,151.0
2026-07-11 22:00:00,2026-07-12 22:00:00,24,22,11,5,7,27.9,79.0,5.0,943.8,0.0,153.48611111111111,-0.16666666666666666,137.0,157.0,153.0,53.1,63.6,67.5,95.0
2026-07-11 22:00:00,2026-07-13 22:00:00,48,22,11,5,7,27.9,79.0,5.0,943.8,0.0,153.48611111111111,-0.16666666666666666,137.0,157.0,153.0,53.1,63.6,67.5,126.0
2026-07-11 22:00:00,2026-07-14 22:00:00,72,22,11,5,7,27.9,79.0,5.0,943.8,0.0,153.48611111111111,-0.16666666666666666,137.0,157.0,153.0,53.1,63.6,67.5,109.0
2026-07-11 23:00:00,2026-07-12 23:00:00,24,23,11,5,7,27.5,83.0,6.9,943.3,0.0,152.93055555555554,-1.0,136.0,157.0,154.0,51.0,61.2,69.6,92.0
2026-07-11 23:00:00,2026-07-13 23:00:00,48,23,11,5,7,27.5,83.0,6.9,943.3,0.0,152.93055555555554,-1.0,136.0,157.0,154.0,51.0,61.2,69.6,96.0
2026-07-11 23:00:00,2026-07-14 23:00:00,72,23,11,5,7,27.5,83.0,6.9,943.3,0.0,152.93055555555554,-1.0,136.0,157.0,154.0,51.0,61.2,69.6,90.0
2026-07-12 00:00:00,2026-07-13 00:00:00,24,0,12,6,7,22.6,94.0,21.1,943.6,5.6,152.19444444444446,-1.4583333333333333,134.0,157.0,154.0,47.8,54.1,70.1,95.0
2026-07-12 00:00:00,2026-07-14 00:00:00,48,0,12,6,7,22.6,94.0,21.1,943.6,5.6,152.19444444444446,-1.4583333333333333,134.0,157.0,154.0,47.8,54.1,70.1,94.0
2026-07-12 00:00:00,2026-07-15 00:00:00,72,0,12,6,7,22.6,94.0,21.1,943.6,5.6,152.19444444444446,-1.4583333333333333,134.0,157.0,154.0,47.8,54.1,70.1,92.0
2026-07-12 01:00:00,2026-07-13 01:00:00,24,1,12,6,7,22.5,94.0,9.2,943.0,2.5,151.43055555555554,-1.4583333333333333,134.0,156.0,154.0,44.6,44.0,76.1,97.0
2026-07-12 01:00:00,2026-07-14 01:00:00,48,1,12,6,7,22.5,94.0,9.2,943.0,2.5,151.43055555555554,-1.4583333333333333,134.0,156.0,154.0,44.6,44.0,76.1,93.0
2026-07-12 01:00:00,2026-07-15 01:00:00,72,1,12,6,7,22.5,94.0,9.2,943.0,2.5,151.43055555555554,-1.4583333333333333,134.0,156.0,154.0,44.6,44.0,76.1,93.0
2026-07-12 02:00:00,2026-07-13 02:00:00,24,2,12,6,7,22.9,95.0,6.9,942.0,0.9,150.63888888888889,-1.5416666666666667,134.0,155.0,155.0,35.9,34.2,79.9,98.0
2026-07-12 02:00:00,2026-07-14 02:00:00,48,2,12,6,7,22.9,95.0,6.9,942.0,0.9,150.63888888888889,-1.5416666666666667,134.0,155.0,155.0,35.9,34.2,79.9,92.0
2026-07-12 02:00:00,2026-07-15 02:00:00,72,2,12,6,7,22.9,95.0,6.9,942.0,0.9,150.63888888888889,-1.5416666666666667,134.0,155.0,155.0,35.9,34.2,79.9,94.0
2026-07-12 03:00:00,2026-07-13 03:00:00,24,3,12,6,7,23.1,93.0,10.1,941.0,0.1,149.80555555555554,-1.625,134.0,154.0,156.0,31.4,29.8,80.1,100.0
2026-07-12 03:00:00,2026-07-14 03:00:00,48,3,12,6,7,23.1,93.0,10.1,941.0,0.1,149.80555555555554,-1.625,134.0,154.0,156.0,31.4,29.8,80.1,91.0
2026-07-12 03:00:00,2026-07-15 03:00:00,72,3,12,6,7,23.1,93.0,10.1,941.0,0.1,149.80555555555554,-1.625,134.0,154.0,156.0,31.4,29.8,80.1,95.0
2026-07-12 04:00:00,2026-07-13 04:00:00,24,4,12,6,7,23.4,91.0,1.3,941.1,0.0,148.94444444444446,-1.6666666666666667,134.0,152.0,157.0,32.2,26.8,78.9,101.0
2026-07-12 04:00:00,2026-07-14 04:00:00,48,4,12,6,7,23.4,91.0,1.3,941.1,0.0,148.94444444444446,-1.6666666666666667,134.0,152.0,157.0,32.2,26.8,78.9,91.0
2026-07-12 04:00:00,2026-07-15 04:00:00,72,4,12,6,7,23.4,91.0,1.3,941.1,0.0,148.94444444444446,-1.6666666666666667,134.0,152.0,157.0,32.2,26.8,78.9,96.0
2026-07-12 05:00:00,2026-07-13 05:00:00,24,5,12,6,7,24.0,97.0,3.1,940.4,0.0,148.05555555555554,-1.7083333333333333,135.0,151.0,158.0,30.6,54.4,87.8,102.0
2026-07-12 05:00:00,2026-07-14 05:00:00,48,5,12,6,7,24.0,97.0,3.1,940.4,0.0,148.05555555555554,-1.7083333333333333,135.0,151.0,158.0,30.6,54.4,87.8,91.0
2026-07-12 05:00:00,2026-07-15 05:00:00,72,5,12,6,7,24.0,97.0,3.1,940.4,0.0,148.05555555555554,-1.7083333333333333,135.0,151.0,158.0,30.6,54.4,87.8,97.0
2026-07-12 06:00:00,2026-07-13 06:00:00,24,6,12,6,7,23.9,97.0,10.4,940.9,0.0,147.13888888888889,-1.7916666666666667,132.0,150.0,159.0,18.3,50.8,86.6,102.0
2026-07-12 06:00:00,2026-07-14 06:00:00,48,6,12,6,7,23.9,97.0,10.4,940.9,0.0,147.13888888888889,-1.7916666666666667,132.0,150.0,159.0,18.3,50.8,86.6,90.0
2026-07-12 06:00:00,2026-07-15 06:00:00,72,6,12,6,7,23.9,97.0,10.4,940.9,0.0,147.13888888888889,-1.7916666666666667,132.0,150.0,159.0,18.3,50.8,86.6,98.0
2026-07-12 07:00:00,2026-07-13 07:00:00,24,7,12,6,7,24.5,91.0,8.4,941.5,0.0,146.20833333333334,-1.6666666666666667,129.0,146.0,160.0,30.5,50.2,83.4,101.0
2026-07-12 07:00:00,2026-07-14 07:00:00,48,7,12,6,7,24.5,91.0,8.4,941.5,0.0,146.20833333333334,-1.6666666666666667,129.0,146.0,160.0,30.5,50.2,83.4,90.0
2026-07-12 07:00:00,2026-07-15 07:00:00,72,7,12,6,7,24.5,91.0,8.4,941.5,0.0,146.20833333333334,-1.6666666666666667,129.0,146.0,160.0,30.5,50.2,83.4,99.0
2026-07-12 08:00:00,2026-07-13 08:00:00,24,8,12,6,7,25.5,85.0,3.3,942.3,0.0,145.27777777777777,-1.5,127.0,143.0,161.0,30.4,48.9,62.2,101.0
2026-07-12 08:00:00,2026-07-14 08:00:00,48,8,12,6,7,25.5,85.0,3.3,942.3,0.0,145.27777777777777,-1.5,127.0,143.0,161.0,30.4,48.9,62.2,90.0
2026-07-12 08:00:00,2026-07-15 08:00:00,72,8,12,6,7,25.5,85.0,3.3,942.3,0.0,145.27777777777777,-1.5,127.0,143.0,161.0,30.4,48.9,62.2,99.0
2026-07-12 09:00:00,2026-07-13 09:00:00,24,9,12,6,7,26.0,82.0,5.1,942.7,0.0,144.33333333333334,-1.4166666666666667,125.0,141.0,161.0,30.3,61.0,56.2,101.0
2026-07-12 09:00:00,2026-07-14 09:00:00,48,9,12,6,7,26.0,82.0,5.1,942.7,0.0,144.33333333333334,-1.4166666666666667,125.0,141.0,161.0,30.3,61.0,56.2,90.0
2026-07-12 09:00:00,2026-07-15 09:00:00,72,9,12,6,7,26.0,82.0,5.1,942.7,0.0,144.33333333333334,-1.4166666666666667,125.0,141.0,161.0,30.3,61.0,56.2,99.0
2026-07-12 10:00:00,2026-07-13 10:00:00,24,10,12,6,7,27.0,78.0,9.7,942.7,0.0,143.38888888888889,-1.3333333333333333,122.0,142.0,161.0,33.2,66.6,59.6,100.0
2026-07-12 10:00:00,2026-07-14 10:00:00,48,10,12,6,7,27.0,78.0,9.7,942.7,0.0,143.38888888888889,-1.3333333333333333,122.0,142.0,161.0,33.2,66.6,59.6,90.0
2026-07-12 10:00:00,2026-07-15 10:00:00,72,10,12,6,7,27.0,78.0,9.7,942.7,0.0,143.38888888888889,-1.3333333333333333,122.0,142.0,161.0,33.2,66.6,59.6,99.0
2026-07-12 11:00:00,2026-07-13 11:00:00,24,11,12,6,7,26.6,78.0,5.2,943.0,0.0,142.44444444444446,-1.2083333333333333,118.0,142.0,160.0,36.6,61.5,62.2,100.0
2026-07-12 11:00:00,2026-07-14 11:00:00,48,11,12,6,7,26.6,78.0,5.2,943.0,0.0,142.44444444444446,-1.2083333333333333,118.0,142.0,160.0,36.6,61.5,62.2,90.0
2026-07-12 11:00:00,2026-07-15 11:00:00,72,11,12,6,7,26.6,78.0,5.2,943.0,0.0,142.44444444444446,-1.2083333333333333,118.0,142.0,160.0,36.6,61.5,62.2,100.0
2026-07-12 12:00:00,2026-07-13 12:00:00,24,12,12,6,7,29.0,69.0,8.8,943.3,0.0,141.51388888888889,-1.0416666666666667,116.0,142.0,160.0,37.7,56.0,61.9,100.0
2026-07-12 12:00:00,2026-07-14 12:00:00,48,12,12,6,7,29.0,69.0,8.8,943.3,0.0,141.51388888888889,-1.0416666666666667,116.0,142.0,160.0,37.7,56.0,61.9,90.0
2026-07-12 12:00:00,2026-07-15 12:00:00,72,12,12,6,7,29.0,69.0,8.8,943.3,0.0,141.51388888888889,-1.0416666666666667,116.0,142.0,160.0,37.7,56.0,61.9,100.0
2026-07-12 13:00:00,2026-07-13 13:00:00,24,13,12,6,7,28.4,70.0,8.4,943.4,0.0,140.56944444444446,-1.0,114.0,142.0,160.0,38.2,52.4,59.4,100.0
2026-07-12 13:00:00,2026-07-14 13:00:00,48,13,12,6,7,28.4,70.0,8.4,943.4,0.0,140.56944444444446,-1.0,114.0,142.0,160.0,38.2,52.4,59.4,93.0
2026-07-12 13:00:00,2026-07-15 13:00:00,72,13,12,6,7,28.4,70.0,8.4,943.4,0.0,140.56944444444446,-1.0,114.0,142.0,160.0,38.2,52.4,59.4,106.0
2026-07-12 14:00:00,2026-07-13 14:00:00,24,14,12,6,7,29.7,64.0,5.6,943.3,0.0,139.625,-0.9166666666666666,132.0,141.0,160.0,38.3,50.8,56.7,101.0
2026-07-12 14:00:00,2026-07-14 14:00:00,48,14,12,6,7,29.7,64.0,5.6,943.3,0.0,139.625,-0.9166666666666666,132.0,141.0,160.0,38.3,50.8,56.7,127.0
2026-07-12 14:00:00,2026-07-15 14:00:00,72,14,12,6,7,29.7,64.0,5.6,943.3,0.0,139.625,-0.9166666666666666,132.0,141.0,160.0,38.3,50.8,56.7,144.0
2026-07-12 15:00:00,2026-07-13 15:00:00,24,15,12,6,7,30.7,59.0,6.5,943.6,0.0,138.66666666666666,-1.7083333333333333,151.0,160.0,177.0,40.6,48.5,55.1,140.0
2026-07-12 15:00:00,2026-07-14 15:00:00,48,15,12,6,7,30.7,59.0,6.5,943.6,0.0,138.66666666666666,-1.7083333333333333,151.0,160.0,177.0,40.6,48.5,55.1,156.0
2026-07-12 15:00:00,2026-07-15 15:00:00,72,15,12,6,7,30.7,59.0,6.5,943.6,0.0,138.66666666666666,-1.7083333333333333,151.0,160.0,177.0,40.6,48.5,55.1,170.0
2026-07-12 16:00:00,2026-07-13 16:00:00,24,16,12,6,7,30.7,59.0,6.9,943.5,0.0,137.72222222222223,-1.75,164.0,173.0,198.0,38.1,46.9,52.7,170.0
2026-07-12 16:00:00,2026-07-14 16:00:00,48,16,12,6,7,30.7,59.0,6.9,943.5,0.0,137.72222222222223,-1.75,164.0,173.0,198.0,38.1,46.9,52.7,177.0
2026-07-12 16:00:00,2026-07-15 16:00:00,72,16,12,6,7,30.7,59.0,6.9,943.5,0.0,137.72222222222223,-1.75,164.0,173.0,198.0,38.1,46.9,52.7,188.0
2026-07-12 17:00:00,2026-07-13 17:00:00,24,17,12,6,7,31.2,57.0,11.3,943.1,0.0,136.90277777777777,-1.0416666666666667,174.0,180.0,205.0,35.3,41.7,45.2,192.0
2026-07-12 17:00:00,2026-07-14 17:00:00,48,17,12,6,7,31.2,57.0,11.3,943.1,0.0,136.90277777777777,-1.0416666666666667,174.0,180.0,205.0,35.3,41.7,45.2,193.0
2026-07-12 17:00:00,2026-07-15 17:00:00,72,17,12,6,7,31.2,57.0,11.3,943.1,0.0,136.90277777777777,-1.0416666666666667,174.0,180.0,205.0,35.3,41.7,45.2,199.0
2026-07-12 18:00:00,2026-07-13 18:00:00,24,18,12,6,7,30.3,64.0,7.1,943.4,0.0,136.27777777777777,-0.5833333333333334,176.0,183.0,206.0,36.6,45.2,48.0,201.0
2026-07-12 18:00:00,2026-07-14 18:00:00,48,18,12,6,7,30.3,64.0,7.1,943.4,0.0,136.27777777777777,-0.5833333333333334,176.0,183.0,206.0,36.6,45.2,48.0,200.0
2026-07-12 18:00:00,2026-07-15 18:00:00,72,18,12,6,7,30.3,64.0,7.1,943.4,0.0,136.27777777777777,-0.5833333333333334,176.0,183.0,206.0,36.6,45.2,48.0,201.0
2026-07-12 19:00:00,2026-07-13 19:00:00,24,19,12,6,7,29.3,69.0,5.5,943.4,0.0,135.72222222222223,-0.4166666666666667,170.0,177.0,202.0,38.1,48.1,53.8,200.0
2026-07-12 19:00:00,2026-07-14 19:00:00,48,19,12,6,7,29.3,69.0,5.5,943.4,0.0,135.72222222222223,-0.4166666666666667,170.0,177.0,202.0,38.1,48.1,53.8,196.0
2026-07-12 19:00:00,2026-07-15 19:00:00,72,19,12,6,7,29.3,69.0,5.5,943.4,0.0,135.72222222222223,-0.4166666666666667,170.0,177.0,202.0,38.1,48.1,53.8,195.0
2026-07-12 20:00:00,2026-07-13 20:00:00,24,20,12,6,7,28.1,76.0,5.1,943.4,0.0,135.19444444444446,-0.25,158.0,164.0,186.0,35.9,52.2,58.2,184.0
2026-07-12 20:00:00,2026-07-14 20:00:00,48,20,12,6,7,28.1,76.0,5.1,943.4,0.0,135.19444444444446,-0.25,158.0,164.0,186.0,35.9,52.2,58.2,178.0
2026-07-12 20:00:00,2026-07-15 20:00:00,72,20,12,6,7,28.1,76.0,5.1,943.4,0.0,135.19444444444446,-0.25,158.0,164.0,186.0,35.9,52.2,58.2,177.0
2026-07-12 21:00:00,2026-07-13 21:00:00,24,21,12,6,7,27.8,80.0,3.6,944.0,0.0,134.72222222222223,-0.25,139.0,143.0,161.0,34.6,54.4,60.8,159.0
2026-07-12 21:00:00,2026-07-14 21:00:00,48,21,12,6,7,27.8,80.0,3.6,944.0,0.0,134.72222222222223,-0.25,139.0,143.0,161.0,34.6,54.4,60.8,151.0
2026-07-12 21:00:00,2026-07-15 21:00:00,72,21,12,6,7,27.8,80.0,3.6,944.0,0.0,134.72222222222223,-0.25,139.0,143.0,161.0,34.6,54.4,60.8,152.0
2026-07-12 22:00:00,2026-07-13 22:00:00,24,22,12,6,7,27.6,80.0,0.6,944.4,0.0,134.26388888888889,-0.4583333333333333,113.0,137.0,157.0,32.6,53.1,63.6,126.0
2026-07-12 22:00:00,2026-07-14 22:00:00,48,22,12,6,7,27.6,80.0,0.6,944.4,0.0,134.26388888888889,-0.4583333333333333,113.0,137.0,157.0,32.6,53.1,63.6,109.0
2026-07-12 22:00:00,2026-07-15 22:00:00,72,22,12,6,7,27.6,80.0,0.6,944.4,0.0,134.26388888888889,-0.4583333333333333,113.0,137.0,157.0,32.6,53.1,63.6,115.0
2026-07-12 23:00:00,2026-07-13 23:00:00,24,23,12,6,7,27.5,81.0,3.2,944.1,0.0,133.40277777777777,-0.75,101.0,136.0,157.0,27.4,51.0,61.2,96.0
2026-07-12 23:00:00,2026-07-14 23:00:00,48,23,12,6,7,27.5,81.0,3.2,944.1,0.0,133.40277777777777,-0.75,101.0,136.0,157.0,27.4,51.0,61.2,90.0
2026-07-12 23:00:00,2026-07-15 23:00:00,72,23,12,6,7,27.5,81.0,3.2,944.1,0.0,133.40277777777777,-0.75,101.0,136.0,157.0,27.4,51.0,61.2,109.0
2026-07-13 00:00:00,2026-07-14 00:00:00,24,0,13,0,7,26.7,85.0,0.9,944.0,0.0,132.5,-0.375,99.0,134.0,157.0,23.6,47.8,54.1,94.0
2026-07-13 00:00:00,2026-07-15 00:00:00,48,0,13,0,7,26.7,85.0,0.9,944.0,0.0,132.5,-0.375,99.0,134.0,157.0,23.6,47.8,54.1,92.0
2026-07-13 00:00:00,2026-07-16 00:00:00,72,0,13,0,7,26.7,85.0,0.9,944.0,0.0,132.5,-0.375,99.0,134.0,157.0,23.6,47.8,54.1,108.0
2026-07-13 01:00:00,2026-07-14 01:00:00,24,1,13,0,7,26.1,88.0,2.3,943.6,0.0,131.63888888888889,-0.16666666666666666,97.0,134.0,156.0,20.8,44.6,44.0,93.0
2026-07-13 01:00:00,2026-07-15 01:00:00,48,1,13,0,7,26.1,88.0,2.3,943.6,0.0,131.63888888888889,-0.16666666666666666,97.0,134.0,156.0,20.8,44.6,44.0,93.0
2026-07-13 01:00:00,2026-07-16 01:00:00,72,1,13,0,7,26.1,88.0,2.3,943.6,0.0,131.63888888888889,-0.16666666666666666,97.0,134.0,156.0,20.8,44.6,44.0,108.0
2026-07-13 02:00:00,2026-07-14 02:00:00,24,2,13,0,7,26.0,88.0,3.1,943.4,0.0,130.81944444444446,0.0,95.0,134.0,155.0,19.6,35.9,34.2,92.0
2026-07-13 02:00:00,2026-07-15 02:00:00,48,2,13,0,7,26.0,88.0,3.1,943.4,0.0,130.81944444444446,0.0,95.0,134.0,155.0,19.6,35.9,34.2,94.0
2026-07-13 02:00:00,2026-07-16 02:00:00,72,2,13,0,7,26.0,88.0,3.1,943.4,0.0,130.81944444444446,0.0,95.0,134.0,155.0,19.6,35.9,34.2,109.0
2026-07-13 03:00:00,2026-07-14 03:00:00,24,3,13,0,7,25.4,90.0,1.8,943.0,0.0,130.02777777777777,0.125,94.0,134.0,154.0,19.0,31.4,29.8,91.0
2026-07-13 03:00:00,2026-07-15 03:00:00,48,3,13,0,7,25.4,90.0,1.8,943.0,0.0,130.02777777777777,0.125,94.0,134.0,154.0,19.0,31.4,29.8,95.0
2026-07-13 03:00:00,2026-07-16 03:00:00,72,3,13,0,7,25.4,90.0,1.8,943.0,0.0,130.02777777777777,0.125,94.0,134.0,154.0,19.0,31.4,29.8,109.0
2026-07-13 04:00:00,2026-07-14 04:00:00,24,4,13,0,7,25.0,92.0,2.7,942.5,0.0,129.27777777777777,0.25,93.0,134.0,152.0,18.9,32.2,26.8,91.0
2026-07-13 04:00:00,2026-07-15 04:00:00,48,4,13,0,7,25.0,92.0,2.7,942.5,0.0,129.27777777777777,0.25,93.0,134.0,152.0,18.9,32.2,26.8,96.0
2026-07-13 04:00:00,2026-07-16 04:00:00,72,4,13,0,7,25.0,92.0,2.7,942.5,0.0,129.27777777777777,0.25,93.0,134.0,152.0,18.9,32.2,26.8,110.0
2026-07-13 05:00:00,2026-07-14 05:00:00,24,5,13,0,7,25.4,86.0,2.8,942.6,0.0,128.56944444444446,0.3333333333333333,92.0,135.0,151.0,34.1,30.6,54.4,91.0
2026-07-13 05:00:00,2026-07-15 05:00:00,48,5,13,0,7,25.4,86.0,2.8,942.6,0.0,128.56944444444446,0.3333333333333333,92.0,135.0,151.0,34.1,30.6,54.4,97.0
2026-07-13 05:00:00,2026-07-16 05:00:00,72,5,13,0,7,25.4,86.0,2.8,942.6,0.0,128.56944444444446,0.3333333333333333,92.0,135.0,151.0,34.1,30.6,54.4,111.0
2026-07-13 06:00:00,2026-07-14 06:00:00,24,6,13,0,7,25.5,84.0,1.3,942.8,0.0,127.88888888888889,0.4166666666666667,92.0,132.0,150.0,33.6,18.3,50.8,90.0
2026-07-13 06:00:00,2026-07-15 06:00:00,48,6,13,0,7,25.5,84.0,1.3,942.8,0.0,127.88888888888889,0.4166666666666667,92.0,132.0,150.0,33.6,18.3,50.8,98.0
2026-07-13 06:00:00,2026-07-16 06:00:00,72,6,13,0,7,25.5,84.0,1.3,942.8,0.0,127.88888888888889,0.4166666666666667,92.0,132.0,150.0,33.6,18.3,50.8,112.0
2026-07-13 07:00:00,2026-07-14 07:00:00,24,7,13,0,7,26.9,78.0,2.5,943.1,0.0,127.22222222222223,0.4166666666666667,93.0,129.0,146.0,32.1,30.5,50.2,90.0
2026-07-13 07:00:00,2026-07-15 07:00:00,48,7,13,0,7,26.9,78.0,2.5,943.1,0.0,127.22222222222223,0.4166666666666667,93.0,129.0,146.0,32.1,30.5,50.2,99.0
2026-07-13 07:00:00,2026-07-16 07:00:00,72,7,13,0,7,26.9,78.0,2.5,943.1,0.0,127.22222222222223,0.4166666666666667,93.0,129.0,146.0,32.1,30.5,50.2,113.0
2026-07-13 08:00:00,2026-07-14 08:00:00,24,8,13,0,7,28.9,70.0,0.8,943.9,0.0,126.59722222222223,0.3333333333333333,93.0,127.0,143.0,29.9,30.4,48.9,90.0
2026-07-13 08:00:00,2026-07-15 08:00:00,48,8,13,0,7,28.9,70.0,0.8,943.9,0.0,126.59722222222223,0.3333333333333333,93.0,127.0,143.0,29.9,30.4,48.9,99.0
2026-07-13 08:00:00,2026-07-16 08:00:00,72,8,13,0,7,28.9,70.0,0.8,943.9,0.0,126.59722222222223,0.3333333333333333,93.0,127.0,143.0,29.9,30.4,48.9,114.0
2026-07-13 09:00:00,2026-07-14 09:00:00,24,9,13,0,7,30.6,63.0,1.6,944.0,0.0,126.01388888888889,0.3333333333333333,93.0,125.0,141.0,32.1,30.3,61.0,90.0
2026-07-13 09:00:00,2026-07-15 09:00:00,48,9,13,0,7,30.6,63.0,1.6,944.0,0.0,126.01388888888889,0.3333333333333333,93.0,125.0,141.0,32.1,30.3,61.0,99.0
2026-07-13 09:00:00,2026-07-16 09:00:00,72,9,13,0,7,30.6,63.0,1.6,944.0,0.0,126.01388888888889,0.3333333333333333,93.0,125.0,141.0,32.1,30.3,61.0,114.0
2026-07-13 10:00:00,2026-07-14 10:00:00,24,10,13,0,7,32.3,54.0,3.4,944.0,0.0,125.45833333333333,0.3333333333333333,93.0,122.0,142.0,26.6,33.2,66.6,90.0
2026-07-13 10:00:00,2026-07-15 10:00:00,48,10,13,0,7,32.3,54.0,3.4,944.0,0.0,125.45833333333333,0.3333333333333333,93.0,122.0,142.0,26.6,33.2,66.6,99.0
2026-07-13 10:00:00,2026-07-16 10:00:00,72,10,13,0,7,32.3,54.0,3.4,944.0,0.0,125.45833333333333,0.3333333333333333,93.0,122.0,142.0,26.6,33.2,66.6,115.0
2026-07-13 11:00:00,2026-07-14 11:00:00,24,11,13,0,7,33.6,49.0,3.1,944.3,0.0,124.875,0.2916666666666667,93.0,118.0,142.0,28.7,36.6,61.5,90.0
2026-07-13 11:00:00,2026-07-15 11:00:00,48,11,13,0,7,33.6,49.0,3.1,944.3,0.0,124.875,0.2916666666666667,93.0,118.0,142.0,28.7,36.6,61.5,100.0
2026-07-13 11:00:00,2026-07-16 11:00:00,72,11,13,0,7,33.6,49.0,3.1,944.3,0.0,124.875,0.2916666666666667,93.0,118.0,142.0,28.7,36.6,61.5,116.0
2026-07-13 12:00:00,2026-07-14 12:00:00,24,12,13,0,7,33.2,50.0,3.6,944.5,0.0,124.29166666666667,0.2916666666666667,92.0,116.0,142.0,31.0,37.7,56.0,90.0
2026-07-13 12:00:00,2026-07-15 12:00:00,48,12,13,0,7,33.2,50.0,3.6,944.5,0.0,124.29166666666667,0.2916666666666667,92.0,116.0,142.0,31.0,37.7,56.0,100.0
2026-07-13 12:00:00,2026-07-16 12:00:00,72,12,13,0,7,33.2,50.0,3.6,944.5,0.0,124.29166666666667,0.2916666666666667,92.0,116.0,142.0,31.0,37.7,56.0,117.0
2026-07-13 13:00:00,2026-07-14 13:00:00,24,13,13,0,7,33.3,47.0,4.5,944.2,0.0,123.70833333333333,0.3333333333333333,92.0,114.0,142.0,32.9,38.2,52.4,93.0
2026-07-13 13:00:00,2026-07-15 13:00:00,48,13,13,0,7,33.3,47.0,4.5,944.2,0.0,123.70833333333333,0.3333333333333333,92.0,114.0,142.0,32.9,38.2,52.4,106.0
2026-07-13 13:00:00,2026-07-16 13:00:00,72,13,13,0,7,33.3,47.0,4.5,944.2,0.0,123.70833333333333,0.3333333333333333,92.0,114.0,142.0,32.9,38.2,52.4,118.0
2026-07-13 14:00:00,2026-07-14 14:00:00,24,14,13,0,7,32.7,49.0,6.7,944.5,0.3,123.125,0.3333333333333333,91.0,132.0,141.0,35.2,38.3,50.8,127.0
2026-07-13 14:00:00,2026-07-15 14:00:00,48,14,13,0,7,32.7,49.0,6.7,944.5,0.3,123.125,0.3333333333333333,91.0,132.0,141.0,35.2,38.3,50.8,144.0
2026-07-13 14:00:00,2026-07-16 14:00:00,72,14,13,0,7,32.7,49.0,6.7,944.5,0.3,123.125,0.3333333333333333,91.0,132.0,141.0,35.2,38.3,50.8,145.0
2026-07-13 15:00:00,2026-07-14 15:00:00,24,15,13,0,7,33.2,47.0,3.2,944.0,0.0,122.56944444444444,0.4166666666666667,109.0,151.0,160.0,36.6,40.6,48.5,156.0
2026-07-13 15:00:00,2026-07-15 15:00:00,48,15,13,0,7,33.2,47.0,3.2,944.0,0.0,122.56944444444444,0.4166666666666667,109.0,151.0,160.0,36.6,40.6,48.5,170.0
2026-07-13 15:00:00,2026-07-16 15:00:00,72,15,13,0,7,33.2,47.0,3.2,944.0,0.0,122.56944444444444,0.4166666666666667,109.0,151.0,160.0,36.6,40.6,48.5,168.0
2026-07-13 16:00:00,2026-07-14 16:00:00,24,16,13,0,7,33.4,45.0,1.6,944.1,0.0,122.29166666666667,1.2916666666666667,139.0,164.0,173.0,35.5,38.1,46.9,177.0
2026-07-13 16:00:00,2026-07-15 16:00:00,48,16,13,0,7,33.4,45.0,1.6,944.1,0.0,122.29166666666667,1.2916666666666667,139.0,164.0,173.0,35.5,38.1,46.9,188.0
2026-07-13 16:00:00,2026-07-16 16:00:00,72,16,13,0,7,33.4,45.0,1.6,944.1,0.0,122.29166666666667,1.2916666666666667,139.0,164.0,173.0,35.5,38.1,46.9,182.0
2026-07-13 17:00:00,2026-07-14 17:00:00,24,17,13,0,7,34.2,40.0,8.1,943.0,0.0,122.25,1.2916666666666667,160.0,174.0,180.0,25.1,35.3,41.7,193.0
2026-07-13 17:00:00,2026-07-15 17:00:00,48,17,13,0,7,34.2,40.0,8.1,943.0,0.0,122.25,1.2916666666666667,160.0,174.0,180.0,25.1,35.3,41.7,199.0
2026-07-13 17:00:00,2026-07-16 17:00:00,72,17,13,0,7,34.2,40.0,8.1,943.0,0.0,122.25,1.2916666666666667,160.0,174.0,180.0,25.1,35.3,41.7,189.0
2026-07-13 18:00:00,2026-07-14 18:00:00,24,18,13,0,7,32.9,49.0,7.4,943.3,0.0,122.41666666666667,1.3333333333333333,166.0,176.0,183.0,28.2,36.6,45.2,200.0
2026-07-13 18:00:00,2026-07-15 18:00:00,48,18,13,0,7,32.9,49.0,7.4,943.3,0.0,122.41666666666667,1.3333333333333333,166.0,176.0,183.0,28.2,36.6,45.2,201.0
2026-07-13 18:00:00,2026-07-16 18:00:00,72,18,13,0,7,32.9,49.0,7.4,943.3,0.0,122.41666666666667,1.3333333333333333,166.0,176.0,183.0,28.2,36.6,45.2,188.0
2026-07-13 19:00:00,2026-07-14 19:00:00,24,19,13,0,7,30.9,63.0,3.3,943.3,0.0,122.66666666666667,1.4583333333333333,164.0,170.0,177.0,33.4,38.1,48.1,196.0
2026-07-13 19:00:00,2026-07-15 19:00:00,48,19,13,0,7,30.9,63.0,3.3,943.3,0.0,122.66666666666667,1.4583333333333333,164.0,170.0,177.0,33.4,38.1,48.1,195.0
2026-07-13 19:00:00,2026-07-16 19:00:00,72,19,13,0,7,30.9,63.0,3.3,943.3,0.0,122.66666666666667,1.4583333333333333,164.0,170.0,177.0,33.4,38.1,48.1,176.0
2026-07-13 20:00:00,2026-07-14 20:00:00,24,20,13,0,7,29.3,70.0,3.8,943.7,0.0,122.98611111111111,1.5,152.0,158.0,164.0,42.3,35.9,52.2,178.0
2026-07-13 20:00:00,2026-07-15 20:00:00,48,20,13,0,7,29.3,70.0,3.8,943.7,0.0,122.98611111111111,1.5,152.0,158.0,164.0,42.3,35.9,52.2,177.0
2026-07-13 20:00:00,2026-07-16 20:00:00,72,20,13,0,7,29.3,70.0,3.8,943.7,0.0,122.98611111111111,1.5,152.0,158.0,164.0,42.3,35.9,52.2,152.0
2026-07-13 21:00:00,2026-07-14 21:00:00,24,21,13,0,7,28.2,73.0,4.5,944.1,0.0,123.26388888888889,1.3333333333333333,128.0,139.0,143.0,50.8,34.6,54.4,151.0
2026-07-13 21:00:00,2026-07-15 21:00:00,48,21,13,0,7,28.2,73.0,4.5,944.1,0.0,123.26388888888889,1.3333333333333333,128.0,139.0,143.0,50.8,34.6,54.4,152.0
2026-07-13 21:00:00,2026-07-16 21:00:00,72,21,13,0,7,28.2,73.0,4.5,944.1,0.0,123.26388888888889,1.3333333333333333,128.0,139.0,143.0,50.8,34.6,54.4,123.0
2026-07-13 22:00:00,2026-07-14 22:00:00,24,22,13,0,7,27.6,78.0,1.5,944.3,0.0,123.48611111111111,1.2916666666666667,95.0,113.0,137.0,56.6,32.6,53.1,109.0
2026-07-13 22:00:00,2026-07-15 22:00:00,48,22,13,0,7,27.6,78.0,1.5,944.3,0.0,123.48611111111111,1.2916666666666667,95.0,113.0,137.0,56.6,32.6,53.1,115.0
2026-07-13 22:00:00,2026-07-16 22:00:00,72,22,13,0,7,27.6,78.0,1.5,944.3,0.0,123.48611111111111,1.2916666666666667,95.0,113.0,137.0,56.6,32.6,53.1,125.0
2026-07-13 23:00:00,2026-07-14 23:00:00,24,23,13,0,7,28.3,73.0,2.8,944.3,0.0,123.33333333333333,1.2916666666666667,92.0,101.0,136.0,58.6,27.4,51.0,90.0
2026-07-13 23:00:00,2026-07-15 23:00:00,48,23,13,0,7,28.3,73.0,2.8,944.3,0.0,123.33333333333333,1.2916666666666667,92.0,101.0,136.0,58.6,27.4,51.0,109.0
2026-07-13 23:00:00,2026-07-16 23:00:00,72,23,13,0,7,28.3,73.0,2.8,944.3,0.0,123.33333333333333,1.2916666666666667,92.0,101.0,136.0,58.6,27.4,51.0,126.0
2026-07-14 00:00:00,2026-07-15 00:00:00,24,0,14,1,7,27.4,78.0,4.8,944.3,0.0,122.77777777777777,0.16666666666666666,95.0,99.0,134.0,50.4,23.6,47.8,92.0
2026-07-14 00:00:00,2026-07-16 00:00:00,48,0,14,1,7,27.4,78.0,4.8,944.3,0.0,122.77777777777777,0.16666666666666666,95.0,99.0,134.0,50.4,23.6,47.8,108.0
2026-07-14 00:00:00,2026-07-17 00:00:00,72,0,14,1,7,27.4,78.0,4.8,944.3,0.0,122.77777777777777,0.16666666666666666,95.0,99.0,134.0,50.4,23.6,47.8,128.0
2026-07-14 01:00:00,2026-07-15 01:00:00,24,1,14,1,7,26.8,80.0,4.0,944.2,0.0,122.22222222222223,-0.041666666666666664,97.0,97.0,134.0,41.6,20.8,44.6,93.0
2026-07-14 01:00:00,2026-07-16 01:00:00,48,1,14,1,7,26.8,80.0,4.0,944.2,0.0,122.22222222222223,-0.041666666666666664,97.0,97.0,134.0,41.6,20.8,44.6,108.0
2026-07-14 01:00:00,2026-07-17 01:00:00,72,1,14,1,7,26.8,80.0,4.0,944.2,0.0,122.22222222222223,-0.041666666666666664,97.0,97.0,134.0,41.6,20.8,44.6,128.0
2026-07-14 02:00:00,2026-07-15 02:00:00,24,2,14,1,7,26.6,79.0,4.3,944.1,0.0,121.65277777777777,-0.16666666666666666,98.0,95.0,134.0,36.6,19.6,35.9,94.0
2026-07-14 02:00:00,2026-07-16 02:00:00,48,2,14,1,7,26.6,79.0,4.3,944.1,0.0,121.65277777777777,-0.16666666666666666,98.0,95.0,134.0,36.6,19.6,35.9,109.0
2026-07-14 02:00:00,2026-07-17 02:00:00,72,2,14,1,7,26.6,79.0,4.3,944.1,0.0,121.65277777777777,-0.16666666666666666,98.0,95.0,134.0,36.6,19.6,35.9,129.0
2026-07-14 03:00:00,2026-07-15 03:00:00,24,3,14,1,7,25.8,82.0,3.6,944.0,0.0,121.06944444444444,-0.25,100.0,94.0,134.0,32.2,19.0,31.4,95.0
2026-07-14 03:00:00,2026-07-16 03:00:00,48,3,14,1,7,25.8,82.0,3.6,944.0,0.0,121.06944444444444,-0.25,100.0,94.0,134.0,32.2,19.0,31.4,109.0
2026-07-14 03:00:00,2026-07-17 03:00:00,72,3,14,1,7,25.8,82.0,3.6,944.0,0.0,121.06944444444444,-0.25,100.0,94.0,134.0,32.2,19.0,31.4,130.0
2026-07-14 04:00:00,2026-07-15 04:00:00,24,4,14,1,7,25.6,81.0,7.0,944.1,0.0,120.47222222222223,-0.375,101.0,93.0,134.0,28.2,18.9,32.2,96.0
2026-07-14 04:00:00,2026-07-16 04:00:00,48,4,14,1,7,25.6,81.0,7.0,944.1,0.0,120.47222222222223,-0.375,101.0,93.0,134.0,28.2,18.9,32.2,110.0
2026-07-14 04:00:00,2026-07-17 04:00:00,72,4,14,1,7,25.6,81.0,7.0,944.1,0.0,120.47222222222223,-0.375,101.0,93.0,134.0,28.2,18.9,32.2,130.0
2026-07-14 05:00:00,2026-07-15 05:00:00,24,5,14,1,7,24.3,84.0,12.1,944.9,0.0,119.875,-0.4166666666666667,102.0,92.0,135.0,31.5,34.1,30.6,97.0
2026-07-14 05:00:00,2026-07-16 05:00:00,48,5,14,1,7,24.3,84.0,12.1,944.9,0.0,119.875,-0.4166666666666667,102.0,92.0,135.0,31.5,34.1,30.6,111.0
2026-07-14 05:00:00,2026-07-17 05:00:00,72,5,14,1,7,24.3,84.0,12.1,944.9,0.0,119.875,-0.4166666666666667,102.0,92.0,135.0,31.5,34.1,30.6,131.0
2026-07-14 06:00:00,2026-07-15 06:00:00,24,6,14,1,7,22.6,98.0,8.4,945.2,2.8,119.26388888888889,-0.4583333333333333,102.0,92.0,132.0,28.6,33.6,18.3,98.0
2026-07-14 06:00:00,2026-07-16 06:00:00,48,6,14,1,7,22.6,98.0,8.4,945.2,2.8,119.26388888888889,-0.4583333333333333,102.0,92.0,132.0,28.6,33.6,18.3,112.0
2026-07-14 06:00:00,2026-07-17 06:00:00,72,6,14,1,7,22.6,98.0,8.4,945.2,2.8,119.26388888888889,-0.4583333333333333,102.0,92.0,132.0,28.6,33.6,18.3,131.0
2026-07-14 07:00:00,2026-07-15 07:00:00,24,7,14,1,7,23.6,93.0,8.1,945.7,0.6,118.68055555555556,-0.5,101.0,93.0,129.0,28.3,32.1,30.5,99.0
2026-07-14 07:00:00,2026-07-16 07:00:00,48,7,14,1,7,23.6,93.0,8.1,945.7,0.6,118.68055555555556,-0.5,101.0,93.0,129.0,28.3,32.1,30.5,113.0
2026-07-14 07:00:00,2026-07-17 07:00:00,72,7,14,1,7,23.6,93.0,8.1,945.7,0.6,118.68055555555556,-0.5,101.0,93.0,129.0,28.3,32.1,30.5,131.0
2026-07-14 08:00:00,2026-07-15 08:00:00,24,8,14,1,7,26.0,81.0,4.4,945.9,0.2,118.13888888888889,-0.4583333333333333,101.0,93.0,127.0,26.1,29.9,30.4,99.0
2026-07-14 08:00:00,2026-07-16 08:00:00,48,8,14,1,7,26.0,81.0,4.4,945.9,0.2,118.13888888888889,-0.4583333333333333,101.0,93.0,127.0,26.1,29.9,30.4,114.0
2026-07-14 08:00:00,2026-07-17 08:00:00,72,8,14,1,7,26.0,81.0,4.4,945.9,0.2,118.13888888888889,-0.4583333333333333,101.0,93.0,127.0,26.1,29.9,30.4,131.0
2026-07-14 09:00:00,2026-07-15 09:00:00,24,9,14,1,7,28.6,68.0,5.8,946.0,0.0,117.625,-0.4583333333333333,101.0,93.0,125.0,23.9,32.1,30.3,99.0
2026-07-14 09:00:00,2026-07-16 09:00:00,48,9,14,1,7,28.6,68.0,5.8,946.0,0.0,117.625,-0.4583333333333333,101.0,93.0,125.0,23.9,32.1,30.3,114.0
2026-07-14 09:00:00,2026-07-17 09:00:00,72,9,14,1,7,28.6,68.0,5.8,946.0,0.0,117.625,-0.4583333333333333,101.0,93.0,125.0,23.9,32.1,30.3,132.0
2026-07-14 10:00:00,2026-07-15 10:00:00,24,10,14,1,7,30.6,61.0,3.3,946.3,0.0,117.13888888888889,-0.4583333333333333,100.0,93.0,122.0,26.7,26.6,33.2,99.0
2026-07-14 10:00:00,2026-07-16 10:00:00,48,10,14,1,7,30.6,61.0,3.3,946.3,0.0,117.13888888888889,-0.4583333333333333,100.0,93.0,122.0,26.7,26.6,33.2,115.0
2026-07-14 10:00:00,2026-07-17 10:00:00,72,10,14,1,7,30.6,61.0,3.3,946.3,0.0,117.13888888888889,-0.4583333333333333,100.0,93.0,122.0,26.7,26.6,33.2,133.0
2026-07-14 11:00:00,2026-07-15 11:00:00,24,11,14,1,7,32.3,54.0,3.3,946.7,0.0,116.69444444444444,-0.4166666666666667,100.0,93.0,118.0,29.1,28.7,36.6,100.0
2026-07-14 11:00:00,2026-07-16 11:00:00,48,11,14,1,7,32.3,54.0,3.3,946.7,0.0,116.69444444444444,-0.4166666666666667,100.0,93.0,118.0,29.1,28.7,36.6,116.0
2026-07-14 11:00:00,2026-07-17 11:00:00,72,11,14,1,7,32.3,54.0,3.3,946.7,0.0,116.69444444444444,-0.4166666666666667,100.0,93.0,118.0,29.1,28.7,36.6,135.0
2026-07-14 12:00:00,2026-07-15 12:00:00,24,12,14,1,7,33.3,50.0,4.4,946.4,0.0,116.30555555555556,-0.4166666666666667,100.0,92.0,116.0,30.2,31.0,37.7,100.0
2026-07-14 12:00:00,2026-07-16 12:00:00,48,12,14,1,7,33.3,50.0,4.4,946.4,0.0,116.30555555555556,-0.4166666666666667,100.0,92.0,116.0,30.2,31.0,37.7,117.0
2026-07-14 12:00:00,2026-07-17 12:00:00,72,12,14,1,7,33.3,50.0,4.4,946.4,0.0,116.30555555555556,-0.4166666666666667,100.0,92.0,116.0,30.2,31.0,37.7,135.0
2026-07-14 13:00:00,2026-07-15 13:00:00,24,13,14,1,7,33.9,48.0,2.9,945.9,0.0,115.94444444444444,-0.4166666666666667,100.0,92.0,114.0,31.5,32.9,38.2,106.0
2026-07-14 13:00:00,2026-07-16 13:00:00,48,13,14,1,7,33.9,48.0,2.9,945.9,0.0,115.94444444444444,-0.4166666666666667,100.0,92.0,114.0,31.5,32.9,38.2,118.0
2026-07-14 13:00:00,2026-07-17 13:00:00,72,13,14,1,7,33.9,48.0,2.9,945.9,0.0,115.94444444444444,-0.4166666666666667,100.0,92.0,114.0,31.5,32.9,38.2,135.0
2026-07-14 14:00:00,2026-07-15 14:00:00,24,14,14,1,7,34.3,47.0,6.8,945.7,0.0,115.65277777777777,-0.2916666666666667,101.0,91.0,132.0,31.7,35.2,38.3,144.0
2026-07-14 14:00:00,2026-07-16 14:00:00,48,14,14,1,7,34.3,47.0,6.8,945.7,0.0,115.65277777777777,-0.2916666666666667,101.0,91.0,132.0,31.7,35.2,38.3,145.0
2026-07-14 14:00:00,2026-07-17 14:00:00,72,14,14,1,7,34.3,47.0,6.8,945.7,0.0,115.65277777777777,-0.2916666666666667,101.0,91.0,132.0,31.7,35.2,38.3,135.0
2026-07-14 15:00:00,2026-07-15 15:00:00,24,15,14,1,7,34.4,45.0,5.6,945.3,0.0,115.58333333333333,1.0833333333333333,140.0,109.0,151.0,31.8,36.6,40.6,170.0
2026-07-14 15:00:00,2026-07-16 15:00:00,48,15,14,1,7,34.4,45.0,5.6,945.3,0.0,115.58333333333333,1.0833333333333333,140.0,109.0,151.0,31.8,36.6,40.6,168.0
2026-07-14 15:00:00,2026-07-17 15:00:00,72,15,14,1,7,34.4,45.0,5.6,945.3,0.0,115.58333333333333,1.0833333333333333,140.0,109.0,151.0,31.8,36.6,40.6,151.0
2026-07-14 16:00:00,2026-07-15 16:00:00,24,16,14,1,7,34.1,45.0,6.5,945.3,0.0,115.65277777777777,0.6666666666666666,170.0,139.0,164.0,31.9,35.5,38.1,188.0
2026-07-14 16:00:00,2026-07-16 16:00:00,48,16,14,1,7,34.1,45.0,6.5,945.3,0.0,115.65277777777777,0.6666666666666666,170.0,139.0,164.0,31.9,35.5,38.1,182.0
2026-07-14 16:00:00,2026-07-17 16:00:00,72,16,14,1,7,34.1,45.0,6.5,945.3,0.0,115.65277777777777,0.6666666666666666,170.0,139.0,164.0,31.9,35.5,38.1,161.0
2026-07-14 17:00:00,2026-07-15 17:00:00,24,17,14,1,7,34.5,39.0,7.2,945.0,0.1,115.83333333333333,0.2916666666666667,192.0,160.0,174.0,25.1,25.1,35.3,199.0
2026-07-14 17:00:00,2026-07-16 17:00:00,48,17,14,1,7,34.5,39.0,7.2,945.0,0.1,115.83333333333333,0.2916666666666667,192.0,160.0,174.0,25.1,25.1,35.3,189.0
2026-07-14 17:00:00,2026-07-17 17:00:00,72,17,14,1,7,34.5,39.0,7.2,945.0,0.1,115.83333333333333,0.2916666666666667,192.0,160.0,174.0,25.1,25.1,35.3,168.0
2026-07-14 18:00:00,2026-07-15 18:00:00,24,18,14,1,7,33.0,48.0,10.9,945.2,0.0,116.09722222222223,0.041666666666666664,201.0,166.0,176.0,32.5,28.2,36.6,201.0
2026-07-14 18:00:00,2026-07-16 18:00:00,48,18,14,1,7,33.0,48.0,10.9,945.2,0.0,116.09722222222223,0.041666666666666664,201.0,166.0,176.0,32.5,28.2,36.6,188.0
2026-07-14 18:00:00,2026-07-17 18:00:00,72,18,14,1,7,33.0,48.0,10.9,945.2,0.0,116.09722222222223,0.041666666666666664,201.0,166.0,176.0,32.5,28.2,36.6,169.0
2026-07-14 19:00:00,2026-07-15 19:00:00,24,19,14,1,7,30.3,61.0,14.2,945.4,0.0,116.43055555555556,-0.041666666666666664,200.0,164.0,170.0,36.9,33.4,38.1,195.0
2026-07-14 19:00:00,2026-07-16 19:00:00,48,19,14,1,7,30.3,61.0,14.2,945.4,0.0,116.43055555555556,-0.041666666666666664,200.0,164.0,170.0,36.9,33.4,38.1,176.0
2026-07-14 19:00:00,2026-07-17 19:00:00,72,19,14,1,7,30.3,61.0,14.2,945.4,0.0,116.43055555555556,-0.041666666666666664,200.0,164.0,170.0,36.9,33.4,38.1,163.0
2026-07-14 20:00:00,2026-07-15 20:00:00,24,20,14,1,7,29.1,65.0,6.0,945.7,0.0,116.79166666666667,-0.16666666666666666,184.0,152.0,158.0,36.1,42.3,35.9,177.0
2026-07-14 20:00:00,2026-07-16 20:00:00,48,20,14,1,7,29.1,65.0,6.0,945.7,0.0,116.79166666666667,-0.16666666666666666,184.0,152.0,158.0,36.1,42.3,35.9,152.0
2026-07-14 20:00:00,2026-07-17 20:00:00,72,20,14,1,7,29.1,65.0,6.0,945.7,0.0,116.79166666666667,-0.16666666666666666,184.0,152.0,158.0,36.1,42.3,35.9,151.0
2026-07-14 21:00:00,2026-07-15 21:00:00,24,21,14,1,7,28.4,71.0,4.9,946.4,0.0,117.06944444444444,-0.25,159.0,128.0,139.0,37.5,50.8,34.6,152.0
2026-07-14 21:00:00,2026-07-16 21:00:00,48,21,14,1,7,28.4,71.0,4.9,946.4,0.0,117.06944444444444,-0.25,159.0,128.0,139.0,37.5,50.8,34.6,123.0
2026-07-14 21:00:00,2026-07-17 21:00:00,72,21,14,1,7,28.4,71.0,4.9,946.4,0.0,117.06944444444444,-0.25,159.0,128.0,139.0,37.5,50.8,34.6,137.0
2026-07-14 22:00:00,2026-07-15 22:00:00,24,22,14,1,7,28.0,74.0,6.0,946.6,0.0,117.23611111111111,-0.3333333333333333,126.0,95.0,113.0,36.3,56.6,32.6,115.0
2026-07-14 22:00:00,2026-07-16 22:00:00,48,22,14,1,7,28.0,74.0,6.0,946.6,0.0,117.23611111111111,-0.3333333333333333,126.0,95.0,113.0,36.3,56.6,32.6,125.0
2026-07-14 22:00:00,2026-07-17 22:00:00,72,22,14,1,7,28.0,74.0,6.0,946.6,0.0,117.23611111111111,-0.3333333333333333,126.0,95.0,113.0,36.3,56.6,32.6,136.0
2026-07-14 23:00:00,2026-07-15 23:00:00,24,23,14,1,7,28.1,72.0,8.8,946.7,0.0,117.18055555555556,-0.7083333333333334,96.0,92.0,101.0,34.6,58.6,27.4,109.0
2026-07-14 23:00:00,2026-07-16 23:00:00,48,23,14,1,7,28.1,72.0,8.8,946.7,0.0,117.18055555555556,-0.7083333333333334,96.0,92.0,101.0,34.6,58.6,27.4,126.0
2026-07-14 23:00:00,2026-07-17 23:00:00,72,23,14,1,7,28.1,72.0,8.8,946.7,0.0,117.18055555555556,-0.7083333333333334,96.0,92.0,101.0,34.6,58.6,27.4,135.0
2026-07-15 00:00:00,2026-07-16 00:00:00,24,0,15,2,7,27.2,75.0,4.3,946.4,0.0,117.02777777777777,-0.25,94.0,95.0,99.0,32.5,50.4,23.6,108.0
2026-07-15 00:00:00,2026-07-17 00:00:00,48,0,15,2,7,27.2,75.0,4.3,946.4,0.0,117.02777777777777,-0.25,94.0,95.0,99.0,32.5,50.4,23.6,128.0
2026-07-15 00:00:00,2026-07-18 00:00:00,72,0,15,2,7,27.2,75.0,4.3,946.4,0.0,117.02777777777777,-0.25,94.0,95.0,99.0,32.5,50.4,23.6,135.0
2026-07-15 01:00:00,2026-07-16 01:00:00,24,1,15,2,7,26.7,78.0,3.1,946.7,0.0,116.93055555555556,-0.08333333333333333,93.0,97.0,97.0,29.9,41.6,20.8,108.0
2026-07-15 01:00:00,2026-07-17 01:00:00,48,1,15,2,7,26.7,78.0,3.1,946.7,0.0,116.93055555555556,-0.08333333333333333,93.0,97.0,97.0,29.9,41.6,20.8,128.0
2026-07-15 01:00:00,2026-07-18 01:00:00,72,1,15,2,7,26.7,78.0,3.1,946.7,0.0,116.93055555555556,-0.08333333333333333,93.0,97.0,97.0,29.9,41.6,20.8,135.0
2026-07-15 02:00:00,2026-07-16 02:00:00,24,2,15,2,7,26.4,79.0,2.2,946.5,0.0,116.875,0.0,92.0,98.0,95.0,28.3,36.6,19.6,109.0
2026-07-15 02:00:00,2026-07-17 02:00:00,48,2,15,2,7,26.4,79.0,2.2,946.5,0.0,116.875,0.0,92.0,98.0,95.0,28.3,36.6,19.6,129.0
2026-07-15 02:00:00,2026-07-18 02:00:00,72,2,15,2,7,26.4,79.0,2.2,946.5,0.0,116.875,0.0,92.0,98.0,95.0,28.3,36.6,19.6,136.0
2026-07-15 03:00:00,2026-07-16 03:00:00,24,3,15,2,7,25.9,81.0,3.1,946.0,0.0,116.86111111111111,0.08333333333333333,91.0,100.0,94.0,27.0,32.2,19.0,109.0
2026-07-15 03:00:00,2026-07-17 03:00:00,48,3,15,2,7,25.9,81.0,3.1,946.0,0.0,116.86111111111111,0.08333333333333333,91.0,100.0,94.0,27.0,32.2,19.0,130.0
2026-07-15 03:00:00,2026-07-18 03:00:00,72,3,15,2,7,25.9,81.0,3.1,946.0,0.0,116.86111111111111,0.08333333333333333,91.0,100.0,94.0,27.0,32.2,19.0,136.0
2026-07-15 04:00:00,2026-07-16 04:00:00,24,4,15,2,7,25.5,83.0,3.5,946.0,0.0,116.875,0.16666666666666666,91.0,101.0,93.0,25.2,28.2,18.9,110.0
2026-07-15 04:00:00,2026-07-17 04:00:00,48,4,15,2,7,25.5,83.0,3.5,946.0,0.0,116.875,0.16666666666666666,91.0,101.0,93.0,25.2,28.2,18.9,130.0
2026-07-15 04:00:00,2026-07-18 04:00:00,72,4,15,2,7,25.5,83.0,3.5,946.0,0.0,116.875,0.16666666666666666,91.0,101.0,93.0,25.2,28.2,18.9,137.0
2026-07-15 05:00:00,2026-07-16 05:00:00,24,5,15,2,7,26.1,81.0,3.9,946.3,0.0,116.91666666666667,0.20833333333333334,91.0,102.0,92.0,27.0,31.5,34.1,111.0
2026-07-15 05:00:00,2026-07-17 05:00:00,48,5,15,2,7,26.1,81.0,3.9,946.3,0.0,116.91666666666667,0.20833333333333334,91.0,102.0,92.0,27.0,31.5,34.1,131.0
2026-07-15 05:00:00,2026-07-18 05:00:00,72,5,15,2,7,26.1,81.0,3.9,946.3,0.0,116.91666666666667,0.20833333333333334,91.0,102.0,92.0,27.0,31.5,34.1,137.0
2026-07-15 06:00:00,2026-07-16 06:00:00,24,6,15,2,7,26.2,79.0,3.8,946.5,0.0,116.98611111111111,0.25,90.0,102.0,92.0,25.8,28.6,33.6,112.0
2026-07-15 06:00:00,2026-07-17 06:00:00,48,6,15,2,7,26.2,79.0,3.8,946.5,0.0,116.98611111111111,0.25,90.0,102.0,92.0,25.8,28.6,33.6,131.0
2026-07-15 06:00:00,2026-07-18 06:00:00,72,6,15,2,7,26.2,79.0,3.8,946.5,0.0,116.98611111111111,0.25,90.0,102.0,92.0,25.8,28.6,33.6,138.0
2026-07-15 07:00:00,2026-07-16 07:00:00,24,7,15,2,7,27.6,74.0,2.4,946.8,0.0,117.06944444444444,0.3333333333333333,90.0,101.0,93.0,26.8,28.3,32.1,113.0
2026-07-15 07:00:00,2026-07-17 07:00:00,48,7,15,2,7,27.6,74.0,2.4,946.8,0.0,117.06944444444444,0.3333333333333333,90.0,101.0,93.0,26.8,28.3,32.1,131.0
2026-07-15 07:00:00,2026-07-18 07:00:00,72,7,15,2,7,27.6,74.0,2.4,946.8,0.0,117.06944444444444,0.3333333333333333,90.0,101.0,93.0,26.8,28.3,32.1,138.0
2026-07-15 08:00:00,2026-07-16 08:00:00,24,8,15,2,7,29.7,64.0,1.5,947.6,0.0,117.15277777777777,0.375,90.0,101.0,93.0,28.1,26.1,29.9,114.0
2026-07-15 08:00:00,2026-07-17 08:00:00,48,8,15,2,7,29.7,64.0,1.5,947.6,0.0,117.15277777777777,0.375,90.0,101.0,93.0,28.1,26.1,29.9,131.0
2026-07-15 08:00:00,2026-07-18 08:00:00,72,8,15,2,7,29.7,64.0,1.5,947.6,0.0,117.15277777777777,0.375,90.0,101.0,93.0,28.1,26.1,29.9,139.0
2026-07-15 09:00:00,2026-07-16 09:00:00,24,9,15,2,7,31.7,54.0,4.1,947.8,0.0,117.23611111111111,0.375,90.0,101.0,93.0,27.5,23.9,32.1,114.0
2026-07-15 09:00:00,2026-07-17 09:00:00,48,9,15,2,7,31.7,54.0,4.1,947.8,0.0,117.23611111111111,0.375,90.0,101.0,93.0,27.5,23.9,32.1,132.0
2026-07-15 09:00:00,2026-07-18 09:00:00,72,9,15,2,7,31.7,54.0,4.1,947.8,0.0,117.23611111111111,0.375,90.0,101.0,93.0,27.5,23.9,32.1,139.0
2026-07-15 10:00:00,2026-07-16 10:00:00,24,10,15,2,7,33.2,48.0,6.7,948.1,0.0,117.31944444444444,0.375,90.0,100.0,93.0,26.3,26.7,26.6,115.0
2026-07-15 10:00:00,2026-07-17 10:00:00,48,10,15,2,7,33.2,48.0,6.7,948.1,0.0,117.31944444444444,0.375,90.0,100.0,93.0,26.3,26.7,26.6,133.0
2026-07-15 10:00:00,2026-07-18 10:00:00,72,10,15,2,7,33.2,48.0,6.7,948.1,0.0,117.31944444444444,0.375,90.0,100.0,93.0,26.3,26.7,26.6,140.0
2026-07-15 11:00:00,2026-07-16 11:00:00,24,11,15,2,7,33.9,46.0,4.0,948.6,0.0,117.40277777777777,0.375,90.0,100.0,93.0,25.9,29.1,28.7,116.0
2026-07-15 11:00:00,2026-07-17 11:00:00,48,11,15,2,7,33.9,46.0,4.0,948.6,0.0,117.40277777777777,0.375,90.0,100.0,93.0,25.9,29.1,28.7,135.0
2026-07-15 11:00:00,2026-07-18 11:00:00,72,11,15,2,7,33.9,46.0,4.0,948.6,0.0,117.40277777777777,0.375,90.0,100.0,93.0,25.9,29.1,28.7,140.0
2026-07-15 12:00:00,2026-07-16 12:00:00,24,12,15,2,7,34.1,47.0,6.2,948.1,0.0,117.5,0.4166666666666667,90.0,100.0,92.0,26.0,30.2,31.0,117.0
2026-07-15 12:00:00,2026-07-17 12:00:00,48,12,15,2,7,34.1,47.0,6.2,948.1,0.0,117.5,0.4166666666666667,90.0,100.0,92.0,26.0,30.2,31.0,135.0
2026-07-15 12:00:00,2026-07-18 12:00:00,72,12,15,2,7,34.1,47.0,6.2,948.1,0.0,117.5,0.4166666666666667,90.0,100.0,92.0,26.0,30.2,31.0,141.0
2026-07-15 13:00:00,2026-07-16 13:00:00,24,13,15,2,7,34.7,45.0,6.2,947.7,0.0,117.61111111111111,0.4166666666666667,93.0,100.0,92.0,26.4,31.5,32.9,118.0
2026-07-15 13:00:00,2026-07-17 13:00:00,48,13,15,2,7,34.7,45.0,6.2,947.7,0.0,117.61111111111111,0.4166666666666667,93.0,100.0,92.0,26.4,31.5,32.9,135.0
2026-07-15 13:00:00,2026-07-18 13:00:00,72,13,15,2,7,34.7,45.0,6.2,947.7,0.0,117.61111111111111,0.4166666666666667,93.0,100.0,92.0,26.4,31.5,32.9,141.0
2026-07-15 14:00:00,2026-07-16 14:00:00,24,14,15,2,7,35.2,45.0,6.4,947.5,0.0,117.80555555555556,0.5416666666666666,127.0,101.0,91.0,26.5,31.7,35.2,145.0
2026-07-15 14:00:00,2026-07-17 14:00:00,48,14,15,2,7,35.2,45.0,6.4,947.5,0.0,117.80555555555556,0.5416666666666666,127.0,101.0,91.0,26.5,31.7,35.2,135.0
2026-07-15 14:00:00,2026-07-18 14:00:00,72,14,15,2,7,35.2,45.0,6.4,947.5,0.0,117.80555555555556,0.5416666666666666,127.0,101.0,91.0,26.5,31.7,35.2,142.0
2026-07-15 15:00:00,2026-07-16 15:00:00,24,15,15,2,7,35.2,45.0,7.3,947.0,0.0,118.54166666666667,0.7083333333333334,156.0,140.0,109.0,26.8,31.8,36.6,168.0
2026-07-15 15:00:00,2026-07-17 15:00:00,48,15,15,2,7,35.2,45.0,7.3,947.0,0.0,118.54166666666667,0.7083333333333334,156.0,140.0,109.0,26.8,31.8,36.6,151.0
2026-07-15 15:00:00,2026-07-18 15:00:00,72,15,15,2,7,35.2,45.0,7.3,947.0,0.0,118.54166666666667,0.7083333333333334,156.0,140.0,109.0,26.8,31.8,36.6,142.0
2026-07-15 16:00:00,2026-07-16 16:00:00,24,16,15,2,7,34.1,47.0,8.7,946.9,0.0,119.38888888888889,0.5833333333333334,177.0,170.0,139.0,26.5,31.9,35.5,182.0
2026-07-15 16:00:00,2026-07-17 16:00:00,48,16,15,2,7,34.1,47.0,8.7,946.9,0.0,119.38888888888889,0.5833333333333334,177.0,170.0,139.0,26.5,31.9,35.5,161.0
2026-07-15 16:00:00,2026-07-18 16:00:00,72,16,15,2,7,34.1,47.0,8.7,946.9,0.0,119.38888888888889,0.5833333333333334,177.0,170.0,139.0,26.5,31.9,35.5,147.0
2026-07-15 17:00:00,2026-07-16 17:00:00,24,17,15,2,7,34.8,43.0,8.9,947.0,0.3,120.06944444444444,0.4583333333333333,193.0,192.0,160.0,21.0,25.1,25.1,189.0
2026-07-15 17:00:00,2026-07-17 17:00:00,48,17,15,2,7,34.8,43.0,8.9,947.0,0.3,120.06944444444444,0.4583333333333333,193.0,192.0,160.0,21.0,25.1,25.1,168.0
2026-07-15 17:00:00,2026-07-18 17:00:00,72,17,15,2,7,34.8,43.0,8.9,947.0,0.3,120.06944444444444,0.4583333333333333,193.0,192.0,160.0,21.0,25.1,25.1,157.0
2026-07-15 18:00:00,2026-07-16 18:00:00,24,18,15,2,7,31.0,56.0,6.3,947.1,0.0,120.61111111111111,0.25,200.0,201.0,166.0,24.0,32.5,28.2,188.0
2026-07-15 18:00:00,2026-07-17 18:00:00,48,18,15,2,7,31.0,56.0,6.3,947.1,0.0,120.61111111111111,0.25,200.0,201.0,166.0,24.0,32.5,28.2,169.0
2026-07-15 18:00:00,2026-07-18 18:00:00,72,18,15,2,7,31.0,56.0,6.3,947.1,0.0,120.61111111111111,0.25,200.0,201.0,166.0,24.0,32.5,28.2,160.0
2026-07-15 19:00:00,2026-07-16 19:00:00,24,19,15,2,7,29.3,67.0,7.2,947.4,0.1,121.09722222222223,0.041666666666666664,196.0,200.0,164.0,34.6,36.9,33.4,176.0
2026-07-15 19:00:00,2026-07-17 19:00:00,48,19,15,2,7,29.3,67.0,7.2,947.4,0.1,121.09722222222223,0.041666666666666664,196.0,200.0,164.0,34.6,36.9,33.4,163.0
2026-07-15 19:00:00,2026-07-18 19:00:00,72,19,15,2,7,29.3,67.0,7.2,947.4,0.1,121.09722222222223,0.041666666666666664,196.0,200.0,164.0,34.6,36.9,33.4,157.0
2026-07-15 20:00:00,2026-07-16 20:00:00,24,20,15,2,7,28.7,71.0,3.0,947.4,0.0,121.52777777777777,-0.041666666666666664,178.0,184.0,152.0,41.0,36.1,42.3,152.0
2026-07-15 20:00:00,2026-07-17 20:00:00,48,20,15,2,7,28.7,71.0,3.0,947.4,0.0,121.52777777777777,-0.041666666666666664,178.0,184.0,152.0,41.0,36.1,42.3,151.0
2026-07-15 20:00:00,2026-07-18 20:00:00,72,20,15,2,7,28.7,71.0,3.0,947.4,0.0,121.52777777777777,-0.041666666666666664,178.0,184.0,152.0,41.0,36.1,42.3,146.0
2026-07-15 21:00:00,2026-07-16 21:00:00,24,21,15,2,7,28.4,75.0,4.8,947.8,0.0,121.875,-0.041666666666666664,151.0,159.0,128.0,48.8,37.5,50.8,123.0
2026-07-15 21:00:00,2026-07-17 21:00:00,48,21,15,2,7,28.4,75.0,4.8,947.8,0.0,121.875,-0.041666666666666664,151.0,159.0,128.0,48.8,37.5,50.8,137.0
2026-07-15 21:00:00,2026-07-18 21:00:00,72,21,15,2,7,28.4,75.0,4.8,947.8,0.0,121.875,-0.041666666666666664,151.0,159.0,128.0,48.8,37.5,50.8,144.0
2026-07-15 22:00:00,2026-07-16 22:00:00,24,22,15,2,7,28.1,77.0,4.8,948.1,0.0,122.20833333333333,0.041666666666666664,109.0,126.0,95.0,57.0,36.3,56.6,125.0
2026-07-15 22:00:00,2026-07-17 22:00:00,48,22,15,2,7,28.1,77.0,4.8,948.1,0.0,122.20833333333333,0.041666666666666664,109.0,126.0,95.0,57.0,36.3,56.6,136.0
2026-07-15 22:00:00,2026-07-18 22:00:00,72,22,15,2,7,28.1,77.0,4.8,948.1,0.0,122.20833333333333,0.041666666666666664,109.0,126.0,95.0,57.0,36.3,56.6,143.0
2026-07-15 23:00:00,2026-07-16 23:00:00,24,23,15,2,7,28.1,78.0,6.3,947.9,0.0,122.48611111111111,0.25,90.0,96.0,92.0,56.7,34.6,58.6,126.0
2026-07-15 23:00:00,2026-07-17 23:00:00,48,23,15,2,7,28.1,78.0,6.3,947.9,0.0,122.48611111111111,0.25,90.0,96.0,92.0,56.7,34.6,58.6,135.0
2026-07-15 23:00:00,2026-07-18 23:00:00,72,23,15,2,7,28.1,78.0,6.3,947.9,0.0,122.48611111111111,0.25,90.0,96.0,92.0,56.7,34.6,58.6,142.0
2026-07-16 00:00:00,2026-07-17 00:00:00,24,0,16,3,7,27.5,81.0,4.3,948.0,0.0,122.72222222222223,0.7916666666666666,92.0,94.0,95.0,50.8,32.5,50.4,128.0
2026-07-16 00:00:00,2026-07-18 00:00:00,48,0,16,3,7,27.5,81.0,4.3,948.0,0.0,122.72222222222223,0.7916666666666666,92.0,94.0,95.0,50.8,32.5,50.4,135.0
2026-07-16 00:00:00,2026-07-19 00:00:00,72,0,16,3,7,27.5,81.0,4.3,948.0,0.0,122.72222222222223,0.7916666666666666,92.0,94.0,95.0,50.8,32.5,50.4,141.0
2026-07-16 01:00:00,2026-07-17 01:00:00,24,1,16,3,7,27.0,83.0,3.7,947.9,0.0,122.90277777777777,0.6666666666666666,93.0,93.0,97.0,45.3,29.9,41.6,128.0
2026-07-16 01:00:00,2026-07-18 01:00:00,48,1,16,3,7,27.0,83.0,3.7,947.9,0.0,122.90277777777777,0.6666666666666666,93.0,93.0,97.0,45.3,29.9,41.6,135.0
2026-07-16 01:00:00,2026-07-19 01:00:00,72,1,16,3,7,27.0,83.0,3.7,947.9,0.0,122.90277777777777,0.6666666666666666,93.0,93.0,97.0,45.3,29.9,41.6,140.0
2026-07-16 02:00:00,2026-07-17 02:00:00,24,2,16,3,7,26.7,84.0,3.4,947.9,0.0,123.05555555555556,0.625,94.0,92.0,98.0,41.2,28.3,36.6,129.0
2026-07-16 02:00:00,2026-07-18 02:00:00,48,2,16,3,7,26.7,84.0,3.4,947.9,0.0,123.05555555555556,0.625,94.0,92.0,98.0,41.2,28.3,36.6,136.0
2026-07-16 02:00:00,2026-07-19 02:00:00,72,2,16,3,7,26.7,84.0,3.4,947.9,0.0,123.05555555555556,0.625,94.0,92.0,98.0,41.2,28.3,36.6,139.0
2026-07-16 03:00:00,2026-07-17 03:00:00,24,3,16,3,7,26.3,85.0,3.3,947.7,0.0,123.20833333333333,0.625,95.0,91.0,100.0,37.5,27.0,32.2,130.0
2026-07-16 03:00:00,2026-07-18 03:00:00,48,3,16,3,7,26.3,85.0,3.3,947.7,0.0,123.20833333333333,0.625,95.0,91.0,100.0,37.5,27.0,32.2,136.0
2026-07-16 03:00:00,2026-07-19 03:00:00,72,3,16,3,7,26.3,85.0,3.3,947.7,0.0,123.20833333333333,0.625,95.0,91.0,100.0,37.5,27.0,32.2,137.0
2026-07-16 04:00:00,2026-07-17 04:00:00,24,4,16,3,7,26.2,85.0,2.8,947.7,0.0,123.33333333333333,0.5833333333333334,96.0,91.0,101.0,34.0,25.2,28.2,130.0
2026-07-16 04:00:00,2026-07-18 04:00:00,48,4,16,3,7,26.2,85.0,2.8,947.7,0.0,123.33333333333333,0.5833333333333334,96.0,91.0,101.0,34.0,25.2,28.2,137.0
2026-07-16 04:00:00,2026-07-19 04:00:00,72,4,16,3,7,26.2,85.0,2.8,947.7,0.0,123.33333333333333,0.5833333333333334,96.0,91.0,101.0,34.0,25.2,28.2,135.0
2026-07-16 05:00:00,2026-07-17 05:00:00,24,5,16,3,7,27.2,80.0,3.0,948.0,0.0,123.45833333333333,0.5833333333333334,97.0,91.0,102.0,38.4,27.0,31.5,131.0
2026-07-16 05:00:00,2026-07-18 05:00:00,48,5,16,3,7,27.2,80.0,3.0,948.0,0.0,123.45833333333333,0.5833333333333334,97.0,91.0,102.0,38.4,27.0,31.5,137.0
2026-07-16 05:00:00,2026-07-19 05:00:00,72,5,16,3,7,27.2,80.0,3.0,948.0,0.0,123.45833333333333,0.5833333333333334,97.0,91.0,102.0,38.4,27.0,31.5,133.0
2026-07-16 06:00:00,2026-07-17 06:00:00,24,6,16,3,7,27.2,77.0,4.6,948.2,0.0,123.58333333333333,0.5833333333333334,98.0,90.0,102.0,36.0,25.8,28.6,131.0
2026-07-16 06:00:00,2026-07-18 06:00:00,48,6,16,3,7,27.2,77.0,4.6,948.2,0.0,123.58333333333333,0.5833333333333334,98.0,90.0,102.0,36.0,25.8,28.6,138.0
2026-07-16 06:00:00,2026-07-19 06:00:00,72,6,16,3,7,27.2,77.0,4.6,948.2,0.0,123.58333333333333,0.5833333333333334,98.0,90.0,102.0,36.0,25.8,28.6,130.0
2026-07-16 07:00:00,2026-07-17 07:00:00,24,7,16,3,7,28.6,71.0,3.8,948.6,0.0,123.72222222222223,0.5833333333333334,99.0,90.0,101.0,33.6,26.8,28.3,131.0
2026-07-16 07:00:00,2026-07-18 07:00:00,48,7,16,3,7,28.6,71.0,3.8,948.6,0.0,123.72222222222223,0.5833333333333334,99.0,90.0,101.0,33.6,26.8,28.3,138.0
2026-07-16 07:00:00,2026-07-19 07:00:00,72,7,16,3,7,28.6,71.0,3.8,948.6,0.0,123.72222222222223,0.5833333333333334,99.0,90.0,101.0,33.6,26.8,28.3,127.0
2026-07-16 08:00:00,2026-07-17 08:00:00,24,8,16,3,7,30.5,61.0,2.8,948.8,0.0,123.88888888888889,0.5833333333333334,99.0,90.0,101.0,27.8,28.1,26.1,131.0
2026-07-16 08:00:00,2026-07-18 08:00:00,48,8,16,3,7,30.5,61.0,2.8,948.8,0.0,123.88888888888889,0.5833333333333334,99.0,90.0,101.0,27.8,28.1,26.1,139.0
2026-07-16 08:00:00,2026-07-19 08:00:00,72,8,16,3,7,30.5,61.0,2.8,948.8,0.0,123.88888888888889,0.5833333333333334,99.0,90.0,101.0,27.8,28.1,26.1,124.0
2026-07-16 09:00:00,2026-07-17 09:00:00,24,9,16,3,7,32.2,56.0,1.2,948.6,0.0,124.06944444444444,0.625,99.0,90.0,101.0,29.4,27.5,23.9,132.0
2026-07-16 09:00:00,2026-07-18 09:00:00,48,9,16,3,7,32.2,56.0,1.2,948.6,0.0,124.06944444444444,0.625,99.0,90.0,101.0,29.4,27.5,23.9,139.0
2026-07-16 09:00:00,2026-07-19 09:00:00,72,9,16,3,7,32.2,56.0,1.2,948.6,0.0,124.06944444444444,0.625,99.0,90.0,101.0,29.4,27.5,23.9,121.0
2026-07-16 10:00:00,2026-07-17 10:00:00,24,10,16,3,7,33.8,50.0,4.0,948.7,0.0,124.25,0.625,99.0,90.0,100.0,32.2,26.3,26.7,133.0
2026-07-16 10:00:00,2026-07-18 10:00:00,48,10,16,3,7,33.8,50.0,4.0,948.7,0.0,124.25,0.625,99.0,90.0,100.0,32.2,26.3,26.7,140.0
2026-07-16 10:00:00,2026-07-19 10:00:00,72,10,16,3,7,33.8,50.0,4.0,948.7,0.0,124.25,0.625,99.0,90.0,100.0,32.2,26.3,26.7,118.0
2026-07-16 11:00:00,2026-07-17 11:00:00,24,11,16,3,7,34.8,47.0,7.0,949.1,0.0,124.45833333333333,0.6666666666666666,100.0,90.0,100.0,34.9,25.9,29.1,135.0
2026-07-16 11:00:00,2026-07-18 11:00:00,48,11,16,3,7,34.8,47.0,7.0,949.1,0.0,124.45833333333333,0.6666666666666666,100.0,90.0,100.0,34.9,25.9,29.1,140.0
2026-07-16 11:00:00,2026-07-19 11:00:00,72,11,16,3,7,34.8,47.0,7.0,949.1,0.0,124.45833333333333,0.6666666666666666,100.0,90.0,100.0,34.9,25.9,29.1,116.0
2026-07-16 12:00:00,2026-07-17 12:00:00,24,12,16,3,7,35.6,44.0,8.0,948.6,0.0,124.68055555555556,0.6666666666666666,100.0,90.0,100.0,36.2,26.0,30.2,135.0
2026-07-16 12:00:00,2026-07-18 12:00:00,48,12,16,3,7,35.6,44.0,8.0,948.6,0.0,124.68055555555556,0.6666666666666666,100.0,90.0,100.0,36.2,26.0,30.2,141.0
2026-07-16 12:00:00,2026-07-19 12:00:00,72,12,16,3,7,35.6,44.0,8.0,948.6,0.0,124.68055555555556,0.6666666666666666,100.0,90.0,100.0,36.2,26.0,30.2,114.0
2026-07-16 13:00:00,2026-07-17 13:00:00,24,13,16,3,7,36.4,42.0,7.1,948.0,0.0,124.91666666666667,0.7083333333333334,106.0,93.0,100.0,36.1,26.4,31.5,135.0
2026-07-16 13:00:00,2026-07-18 13:00:00,48,13,16,3,7,36.4,42.0,7.1,948.0,0.0,124.91666666666667,0.7083333333333334,106.0,93.0,100.0,36.1,26.4,31.5,141.0
2026-07-16 13:00:00,2026-07-19 13:00:00,72,13,16,3,7,36.4,42.0,7.1,948.0,0.0,124.91666666666667,0.7083333333333334,106.0,93.0,100.0,36.1,26.4,31.5,113.0
2026-07-16 14:00:00,2026-07-17 14:00:00,24,14,16,3,7,36.4,42.0,6.9,947.7,0.0,125.16666666666667,0.5,144.0,127.0,101.0,36.4,26.5,31.7,135.0
2026-07-16 14:00:00,2026-07-18 14:00:00,48,14,16,3,7,36.4,42.0,6.9,947.7,0.0,125.16666666666667,0.5,144.0,127.0,101.0,36.4,26.5,31.7,142.0
2026-07-16 14:00:00,2026-07-19 14:00:00,72,14,16,3,7,36.4,42.0,6.9,947.7,0.0,125.16666666666667,0.5,144.0,127.0,101.0,36.4,26.5,31.7,112.0
2026-07-16 15:00:00,2026-07-17 15:00:00,24,15,16,3,7,36.4,41.0,5.9,947.1,0.0,125.77777777777777,0.041666666666666664,170.0,156.0,140.0,35.3,26.8,31.8,151.0
2026-07-16 15:00:00,2026-07-18 15:00:00,48,15,16,3,7,36.4,41.0,5.9,947.1,0.0,125.77777777777777,0.041666666666666664,170.0,156.0,140.0,35.3,26.8,31.8,142.0
2026-07-16 15:00:00,2026-07-19 15:00:00,72,15,16,3,7,36.4,41.0,5.9,947.1,0.0,125.77777777777777,0.041666666666666664,170.0,156.0,140.0,35.3,26.8,31.8,112.0
2026-07-16 16:00:00,2026-07-17 16:00:00,24,16,16,3,7,36.2,42.0,7.0,946.7,0.0,126.16666666666667,-0.08333333333333333,188.0,177.0,170.0,35.6,26.5,31.9,161.0
2026-07-16 16:00:00,2026-07-18 16:00:00,48,16,16,3,7,36.2,42.0,7.0,946.7,0.0,126.16666666666667,-0.08333333333333333,188.0,177.0,170.0,35.6,26.5,31.9,147.0
2026-07-16 16:00:00,2026-07-19 16:00:00,72,16,16,3,7,36.2,42.0,7.0,946.7,0.0,126.16666666666667,-0.08333333333333333,188.0,177.0,170.0,35.6,26.5,31.9,111.0
2026-07-16 17:00:00,2026-07-17 17:00:00,24,17,16,3,7,36.4,41.0,9.1,946.2,0.0,126.33333333333333,-0.25,199.0,193.0,192.0,34.5,21.0,25.1,168.0
2026-07-16 17:00:00,2026-07-18 17:00:00,48,17,16,3,7,36.4,41.0,9.1,946.2,0.0,126.33333333333333,-0.25,199.0,193.0,192.0,34.5,21.0,25.1,157.0
2026-07-16 17:00:00,2026-07-19 17:00:00,72,17,16,3,7,36.4,41.0,9.1,946.2,0.0,126.33333333333333,-0.25,199.0,193.0,192.0,34.5,21.0,25.1,114.0
2026-07-16 18:00:00,2026-07-17 18:00:00,24,18,16,3,7,35.1,44.0,9.9,946.0,0.0,126.29166666666667,-0.4166666666666667,201.0,200.0,201.0,38.6,24.0,32.5,169.0
2026-07-16 18:00:00,2026-07-18 18:00:00,48,18,16,3,7,35.1,44.0,9.9,946.0,0.0,126.29166666666667,-0.4166666666666667,201.0,200.0,201.0,38.6,24.0,32.5,160.0
2026-07-16 18:00:00,2026-07-19 18:00:00,72,18,16,3,7,35.1,44.0,9.9,946.0,0.0,126.29166666666667,-0.4166666666666667,201.0,200.0,201.0,38.6,24.0,32.5,116.0
2026-07-16 19:00:00,2026-07-17 19:00:00,24,19,16,3,7,33.6,49.0,9.0,945.9,0.0,126.11111111111111,-0.5416666666666666,195.0,196.0,200.0,41.4,34.6,36.9,163.0
2026-07-16 19:00:00,2026-07-18 19:00:00,48,19,16,3,7,33.6,49.0,9.0,945.9,0.0,126.11111111111111,-0.5416666666666666,195.0,196.0,200.0,41.4,34.6,36.9,157.0
2026-07-16 19:00:00,2026-07-19 19:00:00,72,19,16,3,7,33.6,49.0,9.0,945.9,0.0,126.11111111111111,-0.5416666666666666,195.0,196.0,200.0,41.4,34.6,36.9,111.0
2026-07-16 20:00:00,2026-07-17 20:00:00,24,20,16,3,7,32.6,51.0,6.5,945.7,0.0,125.77777777777777,-0.7916666666666666,177.0,178.0,184.0,45.3,41.0,36.1,151.0
2026-07-16 20:00:00,2026-07-18 20:00:00,48,20,16,3,7,32.6,51.0,6.5,945.7,0.0,125.77777777777777,-0.7916666666666666,177.0,178.0,184.0,45.3,41.0,36.1,146.0
2026-07-16 20:00:00,2026-07-19 20:00:00,72,20,16,3,7,32.6,51.0,6.5,945.7,0.0,125.77777777777777,-0.7916666666666666,177.0,178.0,184.0,45.3,41.0,36.1,110.0
2026-07-16 21:00:00,2026-07-17 21:00:00,24,21,16,3,7,31.7,57.0,4.1,945.8,0.0,125.33333333333333,-1.0416666666666667,152.0,151.0,159.0,47.0,48.8,37.5,137.0
2026-07-16 21:00:00,2026-07-18 21:00:00,48,21,16,3,7,31.7,57.0,4.1,945.8,0.0,125.33333333333333,-1.0416666666666667,152.0,151.0,159.0,47.0,48.8,37.5,144.0
2026-07-16 21:00:00,2026-07-19 21:00:00,72,21,16,3,7,31.7,57.0,4.1,945.8,0.0,125.33333333333333,-1.0416666666666667,152.0,151.0,159.0,47.0,48.8,37.5,109.0
2026-07-16 22:00:00,2026-07-17 22:00:00,24,22,16,3,7,30.8,65.0,2.2,946.0,0.0,124.83333333333333,-1.2083333333333333,115.0,109.0,126.0,49.6,57.0,36.3,136.0
2026-07-16 22:00:00,2026-07-18 22:00:00,48,22,16,3,7,30.8,65.0,2.2,946.0,0.0,124.83333333333333,-1.2083333333333333,115.0,109.0,126.0,49.6,57.0,36.3,143.0
2026-07-16 22:00:00,2026-07-19 22:00:00,72,22,16,3,7,30.8,65.0,2.2,946.0,0.0,124.83333333333333,-1.2083333333333333,115.0,109.0,126.0,49.6,57.0,36.3,109.0
2026-07-16 23:00:00,2026-07-17 23:00:00,24,23,16,3,7,30.9,66.0,2.2,945.8,0.0,124.81944444444444,0.4166666666666667,109.0,90.0,96.0,51.9,56.7,34.6,135.0
2026-07-16 23:00:00,2026-07-18 23:00:00,48,23,16,3,7,30.9,66.0,2.2,945.8,0.0,124.81944444444444,0.4166666666666667,109.0,90.0,96.0,51.9,56.7,34.6,142.0
2026-07-16 23:00:00,2026-07-19 23:00:00,72,23,16,3,7,30.9,66.0,2.2,945.8,0.0,124.81944444444444,0.4166666666666667,109.0,90.0,96.0,51.9,56.7,34.6,108.0
2026-07-17 00:00:00,2026-07-18 00:00:00,24,0,17,4,7,29.8,73.0,1.8,945.5,0.0,125.23611111111111,0.7083333333333334,108.0,92.0,94.0,51.5,50.8,32.5,135.0
2026-07-17 00:00:00,2026-07-19 00:00:00,48,0,17,4,7,29.8,73.0,1.8,945.5,0.0,125.23611111111111,0.7083333333333334,108.0,92.0,94.0,51.5,50.8,32.5,141.0
2026-07-17 00:00:00,2026-07-20 00:00:00,72,0,17,4,7,29.8,73.0,1.8,945.5,0.0,125.23611111111111,0.7083333333333334,108.0,92.0,94.0,51.5,50.8,32.5,107.0
2026-07-17 01:00:00,2026-07-18 01:00:00,24,1,17,4,7,28.9,77.0,6.2,945.2,0.0,125.70833333333333,0.8333333333333334,108.0,93.0,93.0,49.5,45.3,29.9,135.0
2026-07-17 01:00:00,2026-07-19 01:00:00,48,1,17,4,7,28.9,77.0,6.2,945.2,0.0,125.70833333333333,0.8333333333333334,108.0,93.0,93.0,49.5,45.3,29.9,140.0
2026-07-17 01:00:00,2026-07-20 01:00:00,72,1,17,4,7,28.9,77.0,6.2,945.2,0.0,125.70833333333333,0.8333333333333334,108.0,93.0,93.0,49.5,45.3,29.9,104.0
2026-07-17 02:00:00,2026-07-18 02:00:00,24,2,17,4,7,28.6,80.0,3.1,945.2,0.0,126.19444444444444,0.8333333333333334,109.0,94.0,92.0,47.0,41.2,28.3,136.0
2026-07-17 02:00:00,2026-07-19 02:00:00,48,2,17,4,7,28.6,80.0,3.1,945.2,0.0,126.19444444444444,0.8333333333333334,109.0,94.0,92.0,47.0,41.2,28.3,139.0
2026-07-17 02:00:00,2026-07-20 02:00:00,72,2,17,4,7,28.6,80.0,3.1,945.2,0.0,126.19444444444444,0.8333333333333334,109.0,94.0,92.0,47.0,41.2,28.3,101.0
2026-07-17 03:00:00,2026-07-18 03:00:00,24,3,17,4,7,28.5,80.0,3.9,945.3,0.0,126.70833333333333,0.8333333333333334,109.0,95.0,91.0,44.5,37.5,27.0,136.0
2026-07-17 03:00:00,2026-07-19 03:00:00,48,3,17,4,7,28.5,80.0,3.9,945.3,0.0,126.70833333333333,0.8333333333333334,109.0,95.0,91.0,44.5,37.5,27.0,137.0
2026-07-17 03:00:00,2026-07-20 03:00:00,72,3,17,4,7,28.5,80.0,3.9,945.3,0.0,126.70833333333333,0.8333333333333334,109.0,95.0,91.0,44.5,37.5,27.0,100.0
2026-07-17 04:00:00,2026-07-18 04:00:00,24,4,17,4,7,28.3,80.0,6.2,945.4,0.0,127.25,0.875,110.0,96.0,91.0,41.8,34.0,25.2,137.0
2026-07-17 04:00:00,2026-07-19 04:00:00,48,4,17,4,7,28.3,80.0,6.2,945.4,0.0,127.25,0.875,110.0,96.0,91.0,41.8,34.0,25.2,135.0
2026-07-17 04:00:00,2026-07-20 04:00:00,72,4,17,4,7,28.3,80.0,6.2,945.4,0.0,127.25,0.875,110.0,96.0,91.0,41.8,34.0,25.2,98.0
2026-07-17 05:00:00,2026-07-18 05:00:00,24,5,17,4,7,29.0,75.0,5.7,945.7,0.0,127.79166666666667,0.8333333333333334,111.0,97.0,91.0,46.4,38.4,27.0,137.0
2026-07-17 05:00:00,2026-07-19 05:00:00,48,5,17,4,7,29.0,75.0,5.7,945.7,0.0,127.79166666666667,0.8333333333333334,111.0,97.0,91.0,46.4,38.4,27.0,133.0
2026-07-17 05:00:00,2026-07-20 05:00:00,72,5,17,4,7,29.0,75.0,5.7,945.7,0.0,127.79166666666667,0.8333333333333334,111.0,97.0,91.0,46.4,38.4,27.0,97.0
2026-07-17 06:00:00,2026-07-18 06:00:00,24,6,17,4,7,29.0,75.0,5.3,946.4,0.0,128.34722222222223,0.8333333333333334,112.0,98.0,90.0,45.9,36.0,25.8,138.0
2026-07-17 06:00:00,2026-07-19 06:00:00,48,6,17,4,7,29.0,75.0,5.3,946.4,0.0,128.34722222222223,0.8333333333333334,112.0,98.0,90.0,45.9,36.0,25.8,130.0
2026-07-17 06:00:00,2026-07-20 06:00:00,72,6,17,4,7,29.0,75.0,5.3,946.4,0.0,128.34722222222223,0.8333333333333334,112.0,98.0,90.0,45.9,36.0,25.8,97.0
2026-07-17 07:00:00,2026-07-18 07:00:00,24,7,17,4,7,30.5,69.0,6.5,947.2,0.0,128.91666666666666,0.7916666666666666,113.0,99.0,90.0,44.6,33.6,26.8,138.0
2026-07-17 07:00:00,2026-07-19 07:00:00,48,7,17,4,7,30.5,69.0,6.5,947.2,0.0,128.91666666666666,0.7916666666666666,113.0,99.0,90.0,44.6,33.6,26.8,127.0
2026-07-17 07:00:00,2026-07-20 07:00:00,72,7,17,4,7,30.5,69.0,6.5,947.2,0.0,128.91666666666666,0.7916666666666666,113.0,99.0,90.0,44.6,33.6,26.8,96.0
2026-07-17 08:00:00,2026-07-18 08:00:00,24,8,17,4,7,31.8,65.0,8.6,947.5,0.0,129.48611111111111,0.75,114.0,99.0,90.0,35.4,27.8,28.1,139.0
2026-07-17 08:00:00,2026-07-19 08:00:00,48,8,17,4,7,31.8,65.0,8.6,947.5,0.0,129.48611111111111,0.75,114.0,99.0,90.0,35.4,27.8,28.1,124.0
2026-07-17 08:00:00,2026-07-20 08:00:00,72,8,17,4,7,31.8,65.0,8.6,947.5,0.0,129.48611111111111,0.75,114.0,99.0,90.0,35.4,27.8,28.1,96.0
2026-07-17 09:00:00,2026-07-18 09:00:00,24,9,17,4,7,33.1,60.0,10.1,947.8,0.0,130.05555555555554,0.7083333333333334,114.0,99.0,90.0,38.2,29.4,27.5,139.0
2026-07-17 09:00:00,2026-07-19 09:00:00,48,9,17,4,7,33.1,60.0,10.1,947.8,0.0,130.05555555555554,0.7083333333333334,114.0,99.0,90.0,38.2,29.4,27.5,121.0
2026-07-17 09:00:00,2026-07-20 09:00:00,72,9,17,4,7,33.1,60.0,10.1,947.8,0.0,130.05555555555554,0.7083333333333334,114.0,99.0,90.0,38.2,29.4,27.5,96.0
2026-07-17 10:00:00,2026-07-18 10:00:00,24,10,17,4,7,34.2,56.0,9.4,947.9,0.0,130.63888888888889,0.75,115.0,99.0,90.0,41.7,32.2,26.3,140.0
2026-07-17 10:00:00,2026-07-19 10:00:00,48,10,17,4,7,34.2,56.0,9.4,947.9,0.0,130.63888888888889,0.75,115.0,99.0,90.0,41.7,32.2,26.3,118.0
2026-07-17 10:00:00,2026-07-20 10:00:00,72,10,17,4,7,34.2,56.0,9.4,947.9,0.0,130.63888888888889,0.75,115.0,99.0,90.0,41.7,32.2,26.3,97.0
2026-07-17 11:00:00,2026-07-18 11:00:00,24,11,17,4,7,34.9,52.0,7.9,948.2,0.3,131.23611111111111,0.75,116.0,100.0,90.0,44.9,34.9,25.9,140.0
2026-07-17 11:00:00,2026-07-19 11:00:00,48,11,17,4,7,34.9,52.0,7.9,948.2,0.3,131.23611111111111,0.75,116.0,100.0,90.0,44.9,34.9,25.9,116.0
2026-07-17 11:00:00,2026-07-20 11:00:00,72,11,17,4,7,34.9,52.0,7.9,948.2,0.3,131.23611111111111,0.75,116.0,100.0,90.0,44.9,34.9,25.9,97.0
2026-07-17 12:00:00,2026-07-18 12:00:00,24,12,17,4,7,35.4,50.0,6.9,947.9,0.1,131.86111111111111,0.7916666666666666,117.0,100.0,90.0,45.4,36.2,26.0,141.0
2026-07-17 12:00:00,2026-07-19 12:00:00,48,12,17,4,7,35.4,50.0,6.9,947.9,0.1,131.86111111111111,0.7916666666666666,117.0,100.0,90.0,45.4,36.2,26.0,114.0
2026-07-17 12:00:00,2026-07-20 12:00:00,72,12,17,4,7,35.4,50.0,6.9,947.9,0.1,131.86111111111111,0.7916666666666666,117.0,100.0,90.0,45.4,36.2,26.0,96.0
2026-07-17 13:00:00,2026-07-18 13:00:00,24,13,17,4,7,36.1,47.0,6.2,947.5,0.0,132.48611111111111,0.75,118.0,106.0,93.0,44.2,36.1,26.4,141.0
2026-07-17 13:00:00,2026-07-19 13:00:00,48,13,17,4,7,36.1,47.0,6.2,947.5,0.0,132.48611111111111,0.75,118.0,106.0,93.0,44.2,36.1,26.4,113.0
2026-07-17 13:00:00,2026-07-20 13:00:00,72,13,17,4,7,36.1,47.0,6.2,947.5,0.0,132.48611111111111,0.75,118.0,106.0,93.0,44.2,36.1,26.4,96.0
2026-07-17 14:00:00,2026-07-18 14:00:00,24,14,17,4,7,36.4,45.0,4.8,946.7,0.1,133.06944444444446,0.7083333333333334,145.0,144.0,127.0,42.3,36.4,26.5,142.0
2026-07-17 14:00:00,2026-07-19 14:00:00,48,14,17,4,7,36.4,45.0,4.8,946.7,0.1,133.06944444444446,0.7083333333333334,145.0,144.0,127.0,42.3,36.4,26.5,112.0
2026-07-17 14:00:00,2026-07-20 14:00:00,72,14,17,4,7,36.4,45.0,4.8,946.7,0.1,133.06944444444446,0.7083333333333334,145.0,144.0,127.0,42.3,36.4,26.5,95.0
2026-07-17 15:00:00,2026-07-18 15:00:00,24,15,17,4,7,36.9,43.0,2.5,946.1,0.0,133.18055555555554,-0.4166666666666667,168.0,170.0,156.0,40.9,35.3,26.8,142.0
2026-07-17 15:00:00,2026-07-19 15:00:00,48,15,17,4,7,36.9,43.0,2.5,946.1,0.0,133.18055555555554,-0.4166666666666667,168.0,170.0,156.0,40.9,35.3,26.8,112.0
2026-07-17 15:00:00,2026-07-20 15:00:00,72,15,17,4,7,36.9,43.0,2.5,946.1,0.0,133.18055555555554,-0.4166666666666667,168.0,170.0,156.0,40.9,35.3,26.8,94.0
2026-07-17 16:00:00,2026-07-18 16:00:00,24,16,17,4,7,36.9,42.0,3.6,945.6,0.0,133.11111111111111,-0.7083333333333334,182.0,188.0,177.0,39.6,35.6,26.5,147.0
2026-07-17 16:00:00,2026-07-19 16:00:00,48,16,17,4,7,36.9,42.0,3.6,945.6,0.0,133.11111111111111,-0.7083333333333334,182.0,188.0,177.0,39.6,35.6,26.5,111.0
2026-07-17 16:00:00,2026-07-20 16:00:00,72,16,17,4,7,36.9,42.0,3.6,945.6,0.0,133.11111111111111,-0.7083333333333334,182.0,188.0,177.0,39.6,35.6,26.5,100.0
2026-07-17 17:00:00,2026-07-18 17:00:00,24,17,17,4,7,37.3,40.0,5.4,944.9,0.0,132.88888888888889,-0.875,189.0,199.0,193.0,36.9,34.5,21.0,157.0
2026-07-17 17:00:00,2026-07-19 17:00:00,48,17,17,4,7,37.3,40.0,5.4,944.9,0.0,132.88888888888889,-0.875,189.0,199.0,193.0,36.9,34.5,21.0,114.0
2026-07-17 17:00:00,2026-07-20 17:00:00,72,17,17,4,7,37.3,40.0,5.4,944.9,0.0,132.88888888888889,-0.875,189.0,199.0,193.0,36.9,34.5,21.0,106.0
2026-07-17 18:00:00,2026-07-18 18:00:00,24,18,17,4,7,35.7,46.0,9.2,944.8,0.2,132.54166666666666,-0.875,188.0,201.0,200.0,40.4,38.6,24.0,160.0
2026-07-17 18:00:00,2026-07-19 18:00:00,48,18,17,4,7,35.7,46.0,9.2,944.8,0.2,132.54166666666666,-0.875,188.0,201.0,200.0,40.4,38.6,24.0,116.0
2026-07-17 18:00:00,2026-07-20 18:00:00,72,18,17,4,7,35.7,46.0,9.2,944.8,0.2,132.54166666666666,-0.875,188.0,201.0,200.0,40.4,38.6,24.0,112.0
2026-07-17 19:00:00,2026-07-18 19:00:00,24,19,17,4,7,33.5,59.0,12.0,944.8,0.0,132.11111111111111,-0.7916666666666666,176.0,195.0,196.0,48.4,41.4,34.6,157.0
2026-07-17 19:00:00,2026-07-19 19:00:00,48,19,17,4,7,33.5,59.0,12.0,944.8,0.0,132.11111111111111,-0.7916666666666666,176.0,195.0,196.0,48.4,41.4,34.6,111.0
2026-07-17 19:00:00,2026-07-20 19:00:00,72,19,17,4,7,33.5,59.0,12.0,944.8,0.0,132.11111111111111,-0.7916666666666666,176.0,195.0,196.0,48.4,41.4,34.6,108.0
2026-07-17 20:00:00,2026-07-18 20:00:00,24,20,17,4,7,32.6,60.0,9.8,945.1,0.0,131.65277777777777,-0.5416666666666666,152.0,177.0,178.0,59.4,45.3,41.0,146.0
2026-07-17 20:00:00,2026-07-19 20:00:00,48,20,17,4,7,32.6,60.0,9.8,945.1,0.0,131.65277777777777,-0.5416666666666666,152.0,177.0,178.0,59.4,45.3,41.0,110.0
2026-07-17 20:00:00,2026-07-20 20:00:00,72,20,17,4,7,32.6,60.0,9.8,945.1,0.0,131.65277777777777,-0.5416666666666666,152.0,177.0,178.0,59.4,45.3,41.0,93.0
2026-07-17 21:00:00,2026-07-18 21:00:00,24,21,17,4,7,31.9,63.0,8.7,945.8,0.0,131.27777777777777,-0.041666666666666664,123.0,152.0,151.0,61.7,47.0,48.8,144.0
2026-07-17 21:00:00,2026-07-19 21:00:00,48,21,17,4,7,31.9,63.0,8.7,945.8,0.0,131.27777777777777,-0.041666666666666664,123.0,152.0,151.0,61.7,47.0,48.8,109.0
2026-07-17 21:00:00,2026-07-20 21:00:00,72,21,17,4,7,31.9,63.0,8.7,945.8,0.0,131.27777777777777,-0.041666666666666664,123.0,152.0,151.0,61.7,47.0,48.8,92.0
2026-07-17 22:00:00,2026-07-18 22:00:00,24,22,17,4,7,31.2,67.0,7.3,946.1,0.0,131.08333333333334,0.5833333333333334,125.0,115.0,109.0,63.3,49.6,57.0,143.0
2026-07-17 22:00:00,2026-07-19 22:00:00,48,22,17,4,7,31.2,67.0,7.3,946.1,0.0,131.08333333333334,0.5833333333333334,125.0,115.0,109.0,63.3,49.6,57.0,109.0
2026-07-17 22:00:00,2026-07-20 22:00:00,72,22,17,4,7,31.2,67.0,7.3,946.1,0.0,131.08333333333334,0.5833333333333334,125.0,115.0,109.0,63.3,49.6,57.0,92.0
2026-07-17 23:00:00,2026-07-18 23:00:00,24,23,17,4,7,31.7,66.0,9.6,945.7,0.0,131.45833333333334,0.4583333333333333,126.0,109.0,90.0,63.3,51.9,56.7,142.0
2026-07-17 23:00:00,2026-07-19 23:00:00,48,23,17,4,7,31.7,66.0,9.6,945.7,0.0,131.45833333333334,0.4583333333333333,126.0,109.0,90.0,63.3,51.9,56.7,108.0
2026-07-17 23:00:00,2026-07-20 23:00:00,72,23,17,4,7,31.7,66.0,9.6,945.7,0.0,131.45833333333334,0.4583333333333333,126.0,109.0,90.0,63.3,51.9,56.7,92.0
2026-07-18 00:00:00,2026-07-19 00:00:00,24,0,18,5,7,31.2,68.0,8.4,945.7,0.0,132.08333333333334,0.375,128.0,108.0,92.0,59.1,51.5,50.8,141.0
2026-07-18 00:00:00,2026-07-20 00:00:00,48,0,18,5,7,31.2,68.0,8.4,945.7,0.0,132.08333333333334,0.375,128.0,108.0,92.0,59.1,51.5,50.8,107.0
2026-07-18 00:00:00,2026-07-21 00:00:00,72,0,18,5,7,31.2,68.0,8.4,945.7,0.0,132.08333333333334,0.375,128.0,108.0,92.0,59.1,51.5,50.8,91.0
2026-07-18 01:00:00,2026-07-19 01:00:00,24,1,18,5,7,30.6,70.0,7.3,945.8,0.0,132.68055555555554,0.2916666666666667,128.0,108.0,93.0,55.4,49.5,45.3,140.0
2026-07-18 01:00:00,2026-07-20 01:00:00,48,1,18,5,7,30.6,70.0,7.3,945.8,0.0,132.68055555555554,0.2916666666666667,128.0,108.0,93.0,55.4,49.5,45.3,104.0
2026-07-18 01:00:00,2026-07-21 01:00:00,72,1,18,5,7,30.6,70.0,7.3,945.8,0.0,132.68055555555554,0.2916666666666667,128.0,108.0,93.0,55.4,49.5,45.3,92.0
2026-07-18 02:00:00,2026-07-19 02:00:00,24,2,18,5,7,30.4,71.0,8.1,945.8,0.0,133.26388888888889,0.2916666666666667,129.0,109.0,94.0,52.5,47.0,41.2,139.0
2026-07-18 02:00:00,2026-07-20 02:00:00,48,2,18,5,7,30.4,71.0,8.1,945.8,0.0,133.26388888888889,0.2916666666666667,129.0,109.0,94.0,52.5,47.0,41.2,101.0
2026-07-18 02:00:00,2026-07-21 02:00:00,72,2,18,5,7,30.4,71.0,8.1,945.8,0.0,133.26388888888889,0.2916666666666667,129.0,109.0,94.0,52.5,47.0,41.2,93.0
2026-07-18 03:00:00,2026-07-19 03:00:00,24,3,18,5,7,29.8,72.0,8.7,945.8,0.0,133.84722222222223,0.2916666666666667,130.0,109.0,95.0,49.4,44.5,37.5,137.0
2026-07-18 03:00:00,2026-07-20 03:00:00,48,3,18,5,7,29.8,72.0,8.7,945.8,0.0,133.84722222222223,0.2916666666666667,130.0,109.0,95.0,49.4,44.5,37.5,100.0
2026-07-18 03:00:00,2026-07-21 03:00:00,72,3,18,5,7,29.8,72.0,8.7,945.8,0.0,133.84722222222223,0.2916666666666667,130.0,109.0,95.0,49.4,44.5,37.5,93.0
2026-07-18 04:00:00,2026-07-19 04:00:00,24,4,18,5,7,29.3,75.0,6.9,946.0,0.0,134.41666666666666,0.25,130.0,110.0,96.0,46.6,41.8,34.0,135.0
2026-07-18 04:00:00,2026-07-20 04:00:00,48,4,18,5,7,29.3,75.0,6.9,946.0,0.0,134.41666666666666,0.25,130.0,110.0,96.0,46.6,41.8,34.0,98.0
2026-07-18 04:00:00,2026-07-21 04:00:00,72,4,18,5,7,29.3,75.0,6.9,946.0,0.0,134.41666666666666,0.25,130.0,110.0,96.0,46.6,41.8,34.0,94.0
2026-07-18 05:00:00,2026-07-19 05:00:00,24,5,18,5,7,29.7,76.0,11.7,946.1,0.0,134.98611111111111,0.2916666666666667,131.0,111.0,97.0,48.8,46.4,38.4,133.0
2026-07-18 05:00:00,2026-07-20 05:00:00,48,5,18,5,7,29.7,76.0,11.7,946.1,0.0,134.98611111111111,0.2916666666666667,131.0,111.0,97.0,48.8,46.4,38.4,97.0
2026-07-18 05:00:00,2026-07-21 05:00:00,72,5,18,5,7,29.7,76.0,11.7,946.1,0.0,134.98611111111111,0.2916666666666667,131.0,111.0,97.0,48.8,46.4,38.4,94.0
2026-07-18 06:00:00,2026-07-19 06:00:00,24,6,18,5,7,29.3,75.0,10.0,946.2,0.0,135.54166666666666,0.25,131.0,112.0,98.0,47.0,45.9,36.0,130.0
2026-07-18 06:00:00,2026-07-20 06:00:00,48,6,18,5,7,29.3,75.0,10.0,946.2,0.0,135.54166666666666,0.25,131.0,112.0,98.0,47.0,45.9,36.0,97.0
2026-07-18 06:00:00,2026-07-21 06:00:00,72,6,18,5,7,29.3,75.0,10.0,946.2,0.0,135.54166666666666,0.25,131.0,112.0,98.0,47.0,45.9,36.0,93.0
2026-07-18 07:00:00,2026-07-19 07:00:00,24,7,18,5,7,30.4,72.0,7.8,946.5,0.0,136.09722222222223,0.2916666666666667,131.0,113.0,99.0,44.4,44.6,33.6,127.0
2026-07-18 07:00:00,2026-07-20 07:00:00,48,7,18,5,7,30.4,72.0,7.8,946.5,0.0,136.09722222222223,0.2916666666666667,131.0,113.0,99.0,44.4,44.6,33.6,96.0
2026-07-18 07:00:00,2026-07-21 07:00:00,72,7,18,5,7,30.4,72.0,7.8,946.5,0.0,136.09722222222223,0.2916666666666667,131.0,113.0,99.0,44.4,44.6,33.6,94.0
2026-07-18 08:00:00,2026-07-19 08:00:00,24,8,18,5,7,31.8,68.0,9.0,946.6,0.0,136.63888888888889,0.2916666666666667,131.0,114.0,99.0,46.8,35.4,27.8,124.0
2026-07-18 08:00:00,2026-07-20 08:00:00,48,8,18,5,7,31.8,68.0,9.0,946.6,0.0,136.63888888888889,0.2916666666666667,131.0,114.0,99.0,46.8,35.4,27.8,96.0
2026-07-18 08:00:00,2026-07-21 08:00:00,72,8,18,5,7,31.8,68.0,9.0,946.6,0.0,136.63888888888889,0.2916666666666667,131.0,114.0,99.0,46.8,35.4,27.8,93.0
2026-07-18 09:00:00,2026-07-19 09:00:00,24,9,18,5,7,33.1,62.0,9.4,946.6,0.0,137.19444444444446,0.3333333333333333,132.0,114.0,99.0,50.9,38.2,29.4,121.0
2026-07-18 09:00:00,2026-07-20 09:00:00,48,9,18,5,7,33.1,62.0,9.4,946.6,0.0,137.19444444444446,0.3333333333333333,132.0,114.0,99.0,50.9,38.2,29.4,96.0
2026-07-18 09:00:00,2026-07-21 09:00:00,72,9,18,5,7,33.1,62.0,9.4,946.6,0.0,137.19444444444446,0.3333333333333333,132.0,114.0,99.0,50.9,38.2,29.4,92.0
2026-07-18 10:00:00,2026-07-19 10:00:00,24,10,18,5,7,34.6,56.0,9.4,946.7,0.0,137.75,0.2916666666666667,133.0,115.0,99.0,51.7,41.7,32.2,118.0
2026-07-18 10:00:00,2026-07-20 10:00:00,48,10,18,5,7,34.6,56.0,9.4,946.7,0.0,137.75,0.2916666666666667,133.0,115.0,99.0,51.7,41.7,32.2,97.0
2026-07-18 10:00:00,2026-07-21 10:00:00,72,10,18,5,7,34.6,56.0,9.4,946.7,0.0,137.75,0.2916666666666667,133.0,115.0,99.0,51.7,41.7,32.2,91.0
2026-07-18 11:00:00,2026-07-19 11:00:00,24,11,18,5,7,35.5,52.0,8.6,946.5,0.0,138.31944444444446,0.2916666666666667,135.0,116.0,100.0,51.3,44.9,34.9,116.0
2026-07-18 11:00:00,2026-07-20 11:00:00,48,11,18,5,7,35.5,52.0,8.6,946.5,0.0,138.31944444444446,0.2916666666666667,135.0,116.0,100.0,51.3,44.9,34.9,97.0
2026-07-18 11:00:00,2026-07-21 11:00:00,72,11,18,5,7,35.5,52.0,8.6,946.5,0.0,138.31944444444446,0.2916666666666667,135.0,116.0,100.0,51.3,44.9,34.9,89.0
2026-07-18 12:00:00,2026-07-19 12:00:00,24,12,18,5,7,35.9,50.0,7.5,946.1,0.1,138.875,0.20833333333333334,135.0,117.0,100.0,47.7,45.4,36.2,114.0
2026-07-18 12:00:00,2026-07-20 12:00:00,48,12,18,5,7,35.9,50.0,7.5,946.1,0.1,138.875,0.20833333333333334,135.0,117.0,100.0,47.7,45.4,36.2,96.0
2026-07-18 12:00:00,2026-07-21 12:00:00,72,12,18,5,7,35.9,50.0,7.5,946.1,0.1,138.875,0.20833333333333334,135.0,117.0,100.0,47.7,45.4,36.2,87.0
2026-07-18 13:00:00,2026-07-19 13:00:00,24,13,18,5,7,36.7,48.0,8.5,945.6,0.0,139.44444444444446,0.25,135.0,118.0,106.0,44.6,44.2,36.1,113.0
2026-07-18 13:00:00,2026-07-20 13:00:00,48,13,18,5,7,36.7,48.0,8.5,945.6,0.0,139.44444444444446,0.25,135.0,118.0,106.0,44.6,44.2,36.1,96.0
2026-07-18 13:00:00,2026-07-21 13:00:00,72,13,18,5,7,36.7,48.0,8.5,945.6,0.0,139.44444444444446,0.25,135.0,118.0,106.0,44.6,44.2,36.1,85.0
2026-07-18 14:00:00,2026-07-19 14:00:00,24,14,18,5,7,37.1,47.0,9.7,945.1,0.0,139.93055555555554,0.25,135.0,145.0,144.0,42.0,42.3,36.4,112.0
2026-07-18 14:00:00,2026-07-20 14:00:00,48,14,18,5,7,37.1,47.0,9.7,945.1,0.0,139.93055555555554,0.25,135.0,145.0,144.0,42.0,42.3,36.4,95.0
2026-07-18 14:00:00,2026-07-21 14:00:00,72,14,18,5,7,37.1,47.0,9.7,945.1,0.0,139.93055555555554,0.25,135.0,145.0,144.0,42.0,42.3,36.4,83.0
2026-07-18 15:00:00,2026-07-19 15:00:00,24,15,18,5,7,37.1,45.0,8.6,944.8,0.0,139.90277777777777,0.2916666666666667,151.0,168.0,170.0,40.6,40.9,35.3,112.0
2026-07-18 15:00:00,2026-07-20 15:00:00,48,15,18,5,7,37.1,45.0,8.6,944.8,0.0,139.90277777777777,0.2916666666666667,151.0,168.0,170.0,40.6,40.9,35.3,94.0
2026-07-18 15:00:00,2026-07-21 15:00:00,72,15,18,5,7,37.1,45.0,8.6,944.8,0.0,139.90277777777777,0.2916666666666667,151.0,168.0,170.0,40.6,40.9,35.3,81.0
2026-07-18 16:00:00,2026-07-19 16:00:00,24,16,18,5,7,36.6,47.0,9.0,944.4,0.1,139.51388888888889,-0.375,161.0,182.0,188.0,39.9,39.6,35.6,111.0
2026-07-18 16:00:00,2026-07-20 16:00:00,48,16,18,5,7,36.6,47.0,9.0,944.4,0.1,139.51388888888889,-0.375,161.0,182.0,188.0,39.9,39.6,35.6,100.0
2026-07-18 16:00:00,2026-07-21 16:00:00,72,16,18,5,7,36.6,47.0,9.0,944.4,0.1,139.51388888888889,-0.375,161.0,182.0,188.0,39.9,39.6,35.6,79.0
2026-07-18 17:00:00,2026-07-19 17:00:00,24,17,18,5,7,36.9,45.0,7.9,944.0,0.7,138.94444444444446,-0.5833333333333334,168.0,189.0,199.0,46.4,36.9,34.5,114.0
2026-07-18 17:00:00,2026-07-20 17:00:00,48,17,18,5,7,36.9,45.0,7.9,944.0,0.7,138.94444444444446,-0.5833333333333334,168.0,189.0,199.0,46.4,36.9,34.5,106.0
2026-07-18 17:00:00,2026-07-21 17:00:00,72,17,18,5,7,36.9,45.0,7.9,944.0,0.7,138.94444444444446,-0.5833333333333334,168.0,189.0,199.0,46.4,36.9,34.5,78.0
2026-07-18 18:00:00,2026-07-19 18:00:00,24,18,18,5,7,35.0,53.0,11.7,944.6,0.3,138.36111111111111,-0.4583333333333333,169.0,188.0,201.0,47.4,40.4,38.6,116.0
2026-07-18 18:00:00,2026-07-20 18:00:00,48,18,18,5,7,35.0,53.0,11.7,944.6,0.3,138.36111111111111,-0.4583333333333333,169.0,188.0,201.0,47.4,40.4,38.6,112.0
2026-07-18 18:00:00,2026-07-21 18:00:00,72,18,18,5,7,35.0,53.0,11.7,944.6,0.3,138.36111111111111,-0.4583333333333333,169.0,188.0,201.0,47.4,40.4,38.6,76.0
2026-07-18 19:00:00,2026-07-19 19:00:00,24,19,18,5,7,33.7,60.0,11.1,944.5,0.0,137.79166666666666,-0.375,163.0,176.0,195.0,50.2,48.4,41.4,111.0
2026-07-18 19:00:00,2026-07-20 19:00:00,48,19,18,5,7,33.7,60.0,11.1,944.5,0.0,137.79166666666666,-0.375,163.0,176.0,195.0,50.2,48.4,41.4,108.0
2026-07-18 19:00:00,2026-07-21 19:00:00,72,19,18,5,7,33.7,60.0,11.1,944.5,0.0,137.79166666666666,-0.375,163.0,176.0,195.0,50.2,48.4,41.4,74.0
2026-07-18 20:00:00,2026-07-19 20:00:00,24,20,18,5,7,32.8,64.0,12.2,945.2,0.0,137.26388888888889,-0.25,151.0,152.0,177.0,51.9,59.4,45.3,110.0
2026-07-18 20:00:00,2026-07-20 20:00:00,48,20,18,5,7,32.8,64.0,12.2,945.2,0.0,137.26388888888889,-0.25,151.0,152.0,177.0,51.9,59.4,45.3,93.0
2026-07-18 20:00:00,2026-07-21 20:00:00,72,20,18,5,7,32.8,64.0,12.2,945.2,0.0,137.26388888888889,-0.25,151.0,152.0,177.0,51.9,59.4,45.3,71.0
2026-07-18 21:00:00,2026-07-19 21:00:00,24,21,18,5,7,31.7,69.0,10.4,945.9,0.0,136.83333333333334,-0.20833333333333334,137.0,123.0,152.0,55.1,61.7,47.0,109.0
2026-07-18 21:00:00,2026-07-20 21:00:00,48,21,18,5,7,31.7,69.0,10.4,945.9,0.0,136.83333333333334,-0.20833333333333334,137.0,123.0,152.0,55.1,61.7,47.0,92.0
2026-07-18 21:00:00,2026-07-21 21:00:00,72,21,18,5,7,31.7,69.0,10.4,945.9,0.0,136.83333333333334,-0.20833333333333334,137.0,123.0,152.0,55.1,61.7,47.0,69.0
2026-07-18 22:00:00,2026-07-19 22:00:00,24,22,18,5,7,31.2,71.0,8.4,946.5,0.0,136.72222222222223,0.2916666666666667,136.0,125.0,115.0,58.4,63.3,49.6,109.0
2026-07-18 22:00:00,2026-07-20 22:00:00,48,22,18,5,7,31.2,71.0,8.4,946.5,0.0,136.72222222222223,0.2916666666666667,136.0,125.0,115.0,58.4,63.3,49.6,92.0
2026-07-18 22:00:00,2026-07-21 22:00:00,72,22,18,5,7,31.2,71.0,8.4,946.5,0.0,136.72222222222223,0.2916666666666667,136.0,125.0,115.0,58.4,63.3,49.6,67.0
2026-07-18 23:00:00,2026-07-19 23:00:00,24,23,18,5,7,31.8,70.0,9.5,945.8,0.0,137.11111111111111,0.2916666666666667,135.0,126.0,109.0,60.5,63.3,51.9,108.0
2026-07-18 23:00:00,2026-07-20 23:00:00,48,23,18,5,7,31.8,70.0,9.5,945.8,0.0,137.11111111111111,0.2916666666666667,135.0,126.0,109.0,60.5,63.3,51.9,92.0
2026-07-18 23:00:00,2026-07-21 23:00:00,72,23,18,5,7,31.8,70.0,9.5,945.8,0.0,137.11111111111111,0.2916666666666667,135.0,126.0,109.0,60.5,63.3,51.9,66.0
2026-07-19 00:00:00,2026-07-20 00:00:00,24,0,19,6,7,31.2,71.0,9.5,945.7,0.0,137.56944444444446,0.2916666666666667,135.0,128.0,108.0,60.8,59.1,51.5,107.0
2026-07-19 00:00:00,2026-07-21 00:00:00,48,0,19,6,7,31.2,71.0,9.5,945.7,0.0,137.56944444444446,0.2916666666666667,135.0,128.0,108.0,60.8,59.1,51.5,91.0
2026-07-19 00:00:00,2026-07-22 00:00:00,72,0,19,6,7,31.2,71.0,9.5,945.7,0.0,137.56944444444446,0.2916666666666667,135.0,128.0,108.0,60.8,59.1,51.5,65.0
2026-07-19 01:00:00,2026-07-20 01:00:00,24,1,19,6,7,29.9,70.0,15.7,946.2,0.0,138.02777777777777,0.25,135.0,128.0,108.0,59.3,55.4,49.5,104.0
2026-07-19 01:00:00,2026-07-21 01:00:00,48,1,19,6,7,29.9,70.0,15.7,946.2,0.0,138.02777777777777,0.25,135.0,128.0,108.0,59.3,55.4,49.5,92.0
2026-07-19 01:00:00,2026-07-22 01:00:00,72,1,19,6,7,29.9,70.0,15.7,946.2,0.0,138.02777777777777,0.25,135.0,128.0,108.0,59.3,55.4,49.5,64.0
2026-07-19 02:00:00,2026-07-20 02:00:00,24,2,19,6,7,28.5,74.0,7.3,945.8,0.0,138.47222222222223,0.20833333333333334,136.0,129.0,109.0,57.0,52.5,47.0,101.0
2026-07-19 02:00:00,2026-07-21 02:00:00,48,2,19,6,7,28.5,74.0,7.3,945.8,0.0,138.47222222222223,0.20833333333333334,136.0,129.0,109.0,57.0,52.5,47.0,93.0
2026-07-19 02:00:00,2026-07-22 02:00:00,72,2,19,6,7,28.5,74.0,7.3,945.8,0.0,138.47222222222223,0.20833333333333334,136.0,129.0,109.0,57.0,52.5,47.0,63.0
2026-07-19 03:00:00,2026-07-20 03:00:00,24,3,19,6,7,28.0,79.0,7.3,946.2,0.1,138.88888888888889,0.125,136.0,130.0,109.0,54.5,49.4,44.5,100.0
2026-07-19 03:00:00,2026-07-21 03:00:00,48,3,19,6,7,28.0,79.0,7.3,946.2,0.1,138.88888888888889,0.125,136.0,130.0,109.0,54.5,49.4,44.5,93.0
2026-07-19 03:00:00,2026-07-22 03:00:00,72,3,19,6,7,28.0,79.0,7.3,946.2,0.1,138.88888888888889,0.125,136.0,130.0,109.0,54.5,49.4,44.5,61.0
2026-07-19 04:00:00,2026-07-20 04:00:00,24,4,19,6,7,27.8,81.0,8.7,946.0,0.1,139.27777777777777,0.041666666666666664,137.0,130.0,110.0,52.9,46.6,41.8,98.0
2026-07-19 04:00:00,2026-07-21 04:00:00,48,4,19,6,7,27.8,81.0,8.7,946.0,0.1,139.27777777777777,0.041666666666666664,137.0,130.0,110.0,52.9,46.6,41.8,94.0
2026-07-19 04:00:00,2026-07-22 04:00:00,72,4,19,6,7,27.8,81.0,8.7,946.0,0.1,139.27777777777777,0.041666666666666664,137.0,130.0,110.0,52.9,46.6,41.8,61.0
2026-07-19 05:00:00,2026-07-20 05:00:00,24,5,19,6,7,27.4,88.0,8.0,945.7,0.2,139.625,-0.08333333333333333,137.0,131.0,111.0,51.8,48.8,46.4,97.0
2026-07-19 05:00:00,2026-07-21 05:00:00,48,5,19,6,7,27.4,88.0,8.0,945.7,0.2,139.625,-0.08333333333333333,137.0,131.0,111.0,51.8,48.8,46.4,94.0
2026-07-19 05:00:00,2026-07-22 05:00:00,72,5,19,6,7,27.4,88.0,8.0,945.7,0.2,139.625,-0.08333333333333333,137.0,131.0,111.0,51.8,48.8,46.4,61.0
2026-07-19 06:00:00,2026-07-20 06:00:00,24,6,19,6,7,27.4,86.0,8.1,946.2,0.1,139.93055555555554,-0.16666666666666666,138.0,131.0,112.0,51.7,47.0,45.9,97.0
2026-07-19 06:00:00,2026-07-21 06:00:00,48,6,19,6,7,27.4,86.0,8.1,946.2,0.1,139.93055555555554,-0.16666666666666666,138.0,131.0,112.0,51.7,47.0,45.9,93.0
2026-07-19 06:00:00,2026-07-22 06:00:00,72,6,19,6,7,27.4,86.0,8.1,946.2,0.1,139.93055555555554,-0.16666666666666666,138.0,131.0,112.0,51.7,47.0,45.9,62.0
2026-07-19 07:00:00,2026-07-20 07:00:00,24,7,19,6,7,28.6,79.0,8.9,946.9,0.0,140.18055555555554,-0.3333333333333333,138.0,131.0,113.0,51.8,44.4,44.6,96.0
2026-07-19 07:00:00,2026-07-21 07:00:00,48,7,19,6,7,28.6,79.0,8.9,946.9,0.0,140.18055555555554,-0.3333333333333333,138.0,131.0,113.0,51.8,44.4,44.6,94.0
2026-07-19 07:00:00,2026-07-22 07:00:00,72,7,19,6,7,28.6,79.0,8.9,946.9,0.0,140.18055555555554,-0.3333333333333333,138.0,131.0,113.0,51.8,44.4,44.6,63.0
2026-07-19 08:00:00,2026-07-20 08:00:00,24,8,19,6,7,29.5,73.0,6.0,946.9,0.1,140.375,-0.4583333333333333,139.0,131.0,114.0,52.5,46.8,35.4,96.0
2026-07-19 08:00:00,2026-07-21 08:00:00,48,8,19,6,7,29.5,73.0,6.0,946.9,0.1,140.375,-0.4583333333333333,139.0,131.0,114.0,52.5,46.8,35.4,93.0
2026-07-19 08:00:00,2026-07-22 08:00:00,72,8,19,6,7,29.5,73.0,6.0,946.9,0.1,140.375,-0.4583333333333333,139.0,131.0,114.0,52.5,46.8,35.4,63.0
2026-07-19 09:00:00,2026-07-20 09:00:00,24,9,19,6,7,30.7,68.0,12.1,947.5,0.1,140.51388888888889,-0.625,139.0,132.0,114.0,53.3,50.9,38.2,96.0
2026-07-19 09:00:00,2026-07-21 09:00:00,48,9,19,6,7,30.7,68.0,12.1,947.5,0.1,140.51388888888889,-0.625,139.0,132.0,114.0,53.3,50.9,38.2,92.0
2026-07-19 09:00:00,2026-07-22 09:00:00,72,9,19,6,7,30.7,68.0,12.1,947.5,0.1,140.51388888888889,-0.625,139.0,132.0,114.0,53.3,50.9,38.2,63.0
2026-07-19 10:00:00,2026-07-20 10:00:00,24,10,19,6,7,31.9,66.0,12.4,947.9,0.3,140.61111111111111,-0.75,140.0,133.0,115.0,56.1,51.7,41.7,97.0
2026-07-19 10:00:00,2026-07-21 10:00:00,48,10,19,6,7,31.9,66.0,12.4,947.9,0.3,140.61111111111111,-0.75,140.0,133.0,115.0,56.1,51.7,41.7,91.0
2026-07-19 10:00:00,2026-07-22 10:00:00,72,10,19,6,7,31.9,66.0,12.4,947.9,0.3,140.61111111111111,-0.75,140.0,133.0,115.0,56.1,51.7,41.7,63.0
2026-07-19 11:00:00,2026-07-20 11:00:00,24,11,19,6,7,33.4,61.0,11.5,948.1,0.1,140.65277777777777,-0.9166666666666666,140.0,135.0,116.0,56.8,51.3,44.9,97.0
2026-07-19 11:00:00,2026-07-21 11:00:00,48,11,19,6,7,33.4,61.0,11.5,948.1,0.1,140.65277777777777,-0.9166666666666666,140.0,135.0,116.0,56.8,51.3,44.9,89.0
2026-07-19 11:00:00,2026-07-22 11:00:00,72,11,19,6,7,33.4,61.0,11.5,948.1,0.1,140.65277777777777,-0.9166666666666666,140.0,135.0,116.0,56.8,51.3,44.9,63.0
2026-07-19 12:00:00,2026-07-20 12:00:00,24,12,19,6,7,33.0,62.0,12.1,947.7,0.1,140.65277777777777,-1.0,141.0,135.0,117.0,53.4,47.7,45.4,96.0
2026-07-19 12:00:00,2026-07-21 12:00:00,48,12,19,6,7,33.0,62.0,12.1,947.7,0.1,140.65277777777777,-1.0,141.0,135.0,117.0,53.4,47.7,45.4,87.0
2026-07-19 12:00:00,2026-07-22 12:00:00,72,12,19,6,7,33.0,62.0,12.1,947.7,0.1,140.65277777777777,-1.0,141.0,135.0,117.0,53.4,47.7,45.4,63.0
2026-07-19 13:00:00,2026-07-20 13:00:00,24,13,19,6,7,34.1,59.0,10.7,947.1,0.2,140.61111111111111,-1.125,141.0,135.0,118.0,49.1,44.6,44.2,96.0
2026-07-19 13:00:00,2026-07-21 13:00:00,48,13,19,6,7,34.1,59.0,10.7,947.1,0.2,140.61111111111111,-1.125,141.0,135.0,118.0,49.1,44.6,44.2,85.0
2026-07-19 13:00:00,2026-07-22 13:00:00,72,13,19,6,7,34.1,59.0,10.7,947.1,0.2,140.61111111111111,-1.125,141.0,135.0,118.0,49.1,44.6,44.2,63.0
2026-07-19 14:00:00,2026-07-20 14:00:00,24,14,19,6,7,34.7,55.0,10.5,946.4,0.1,140.54166666666666,-1.1666666666666667,142.0,135.0,145.0,46.3,42.0,42.3,95.0
2026-07-19 14:00:00,2026-07-21 14:00:00,48,14,19,6,7,34.7,55.0,10.5,946.4,0.1,140.54166666666666,-1.1666666666666667,142.0,135.0,145.0,46.3,42.0,42.3,83.0
2026-07-19 14:00:00,2026-07-22 14:00:00,72,14,19,6,7,34.7,55.0,10.5,946.4,0.1,140.54166666666666,-1.1666666666666667,142.0,135.0,145.0,46.3,42.0,42.3,63.0
2026-07-19 15:00:00,2026-07-20 15:00:00,24,15,19,6,7,34.8,55.0,6.5,946.0,0.1,140.08333333333334,-1.25,142.0,151.0,168.0,43.2,40.6,40.9,94.0
2026-07-19 15:00:00,2026-07-21 15:00:00,48,15,19,6,7,34.8,55.0,6.5,946.0,0.1,140.08333333333334,-1.25,142.0,151.0,168.0,43.2,40.6,40.9,81.0
2026-07-19 15:00:00,2026-07-22 15:00:00,72,15,19,6,7,34.8,55.0,6.5,946.0,0.1,140.08333333333334,-1.25,142.0,151.0,168.0,43.2,40.6,40.9,63.0
2026-07-19 16:00:00,2026-07-20 16:00:00,24,16,19,6,7,34.6,55.0,6.5,945.4,0.0,139.30555555555554,-1.25,147.0,161.0,182.0,43.5,39.9,39.6,100.0
2026-07-19 16:00:00,2026-07-21 16:00:00,48,16,19,6,7,34.6,55.0,6.5,945.4,0.0,139.30555555555554,-1.25,147.0,161.0,182.0,43.5,39.9,39.6,79.0
2026-07-19 16:00:00,2026-07-22 16:00:00,72,16,19,6,7,34.6,55.0,6.5,945.4,0.0,139.30555555555554,-1.25,147.0,161.0,182.0,43.5,39.9,39.6,62.0
2026-07-19 17:00:00,2026-07-20 17:00:00,24,17,19,6,7,34.2,56.0,10.1,945.2,0.0,138.31944444444446,-1.5,157.0,168.0,189.0,46.9,46.4,36.9,106.0
2026-07-19 17:00:00,2026-07-21 17:00:00,48,17,19,6,7,34.2,56.0,10.1,945.2,0.0,138.31944444444446,-1.5,157.0,168.0,189.0,46.9,46.4,36.9,78.0
2026-07-19 17:00:00,2026-07-22 17:00:00,72,17,19,6,7,34.2,56.0,10.1,945.2,0.0,138.31944444444446,-1.5,157.0,168.0,189.0,46.9,46.4,36.9,62.0
2026-07-19 18:00:00,2026-07-20 18:00:00,24,18,19,6,7,33.6,59.0,11.1,945.4,0.0,137.27777777777777,-1.7916666666666667,160.0,169.0,188.0,48.8,47.4,40.4,112.0
2026-07-19 18:00:00,2026-07-21 18:00:00,48,18,19,6,7,33.6,59.0,11.1,945.4,0.0,137.27777777777777,-1.7916666666666667,160.0,169.0,188.0,48.8,47.4,40.4,76.0
2026-07-19 18:00:00,2026-07-22 18:00:00,72,18,19,6,7,33.6,59.0,11.1,945.4,0.0,137.27777777777777,-1.7916666666666667,160.0,169.0,188.0,48.8,47.4,40.4,62.0
2026-07-19 19:00:00,2026-07-20 19:00:00,24,19,19,6,7,32.4,65.0,10.5,945.5,0.0,136.27777777777777,-1.8333333333333333,157.0,163.0,176.0,53.7,50.2,48.4,108.0
2026-07-19 19:00:00,2026-07-21 19:00:00,48,19,19,6,7,32.4,65.0,10.5,945.5,0.0,136.27777777777777,-1.8333333333333333,157.0,163.0,176.0,53.7,50.2,48.4,74.0
2026-07-19 19:00:00,2026-07-22 19:00:00,72,19,19,6,7,32.4,65.0,10.5,945.5,0.0,136.27777777777777,-1.8333333333333333,157.0,163.0,176.0,53.7,50.2,48.4,63.0
2026-07-19 20:00:00,2026-07-20 20:00:00,24,20,19,6,7,31.4,69.0,10.8,945.9,0.0,135.375,-1.9166666666666667,146.0,151.0,152.0,52.7,51.9,59.4,93.0
2026-07-19 20:00:00,2026-07-21 20:00:00,48,20,19,6,7,31.4,69.0,10.8,945.9,0.0,135.375,-1.9166666666666667,146.0,151.0,152.0,52.7,51.9,59.4,71.0
2026-07-19 20:00:00,2026-07-22 20:00:00,72,20,19,6,7,31.4,69.0,10.8,945.9,0.0,135.375,-1.9166666666666667,146.0,151.0,152.0,52.7,51.9,59.4,63.0
2026-07-19 21:00:00,2026-07-20 21:00:00,24,21,19,6,7,30.8,71.0,10.1,946.5,0.0,134.79166666666666,-1.5,144.0,137.0,123.0,51.2,55.1,61.7,92.0
2026-07-19 21:00:00,2026-07-21 21:00:00,48,21,19,6,7,30.8,71.0,10.1,946.5,0.0,134.79166666666666,-1.5,144.0,137.0,123.0,51.2,55.1,61.7,69.0
2026-07-19 21:00:00,2026-07-22 21:00:00,72,21,19,6,7,30.8,71.0,10.1,946.5,0.0,134.79166666666666,-1.5,144.0,137.0,123.0,51.2,55.1,61.7,64.0
2026-07-19 22:00:00,2026-07-20 22:00:00,24,22,19,6,7,30.5,71.0,10.0,946.9,0.0,134.59722222222223,-1.4583333333333333,143.0,136.0,125.0,50.3,58.4,63.3,92.0
2026-07-19 22:00:00,2026-07-21 22:00:00,48,22,19,6,7,30.5,71.0,10.0,946.9,0.0,134.59722222222223,-1.4583333333333333,143.0,136.0,125.0,50.3,58.4,63.3,67.0
2026-07-19 22:00:00,2026-07-22 22:00:00,72,22,19,6,7,30.5,71.0,10.0,946.9,0.0,134.59722222222223,-1.4583333333333333,143.0,136.0,125.0,50.3,58.4,63.3,65.0
2026-07-19 23:00:00,2026-07-20 23:00:00,24,23,19,6,7,31.2,69.0,13.4,946.5,0.0,134.375,-1.4166666666666667,142.0,135.0,126.0,50.2,60.5,63.3,92.0
2026-07-19 23:00:00,2026-07-21 23:00:00,48,23,19,6,7,31.2,69.0,13.4,946.5,0.0,134.375,-1.4166666666666667,142.0,135.0,126.0,50.2,60.5,63.3,66.0
2026-07-19 23:00:00,2026-07-22 23:00:00,72,23,19,6,7,31.2,69.0,13.4,946.5,0.0,134.375,-1.4166666666666667,142.0,135.0,126.0,50.2,60.5,63.3,66.0
2026-07-20 00:00:00,2026-07-21 00:00:00,24,0,20,0,7,28.0,89.0,13.4,946.0,1.5,134.125,-1.4166666666666667,141.0,135.0,128.0,50.3,60.8,59.1,91.0
2026-07-20 00:00:00,2026-07-22 00:00:00,48,0,20,0,7,28.0,89.0,13.4,946.0,1.5,134.125,-1.4166666666666667,141.0,135.0,128.0,50.3,60.8,59.1,65.0
2026-07-20 00:00:00,2026-07-23 00:00:00,72,0,20,0,7,28.0,89.0,13.4,946.0,1.5,134.125,-1.4166666666666667,141.0,135.0,128.0,50.3,60.8,59.1,67.0
2026-07-20 01:00:00,2026-07-21 01:00:00,24,1,20,0,7,27.3,91.0,14.3,946.0,0.4,133.83333333333334,-1.4166666666666667,140.0,135.0,128.0,47.6,59.3,55.4,92.0
2026-07-20 01:00:00,2026-07-22 01:00:00,48,1,20,0,7,27.3,91.0,14.3,946.0,0.4,133.83333333333334,-1.4166666666666667,140.0,135.0,128.0,47.6,59.3,55.4,64.0
2026-07-20 01:00:00,2026-07-23 01:00:00,72,1,20,0,7,27.3,91.0,14.3,946.0,0.4,133.83333333333334,-1.4166666666666667,140.0,135.0,128.0,47.6,59.3,55.4,68.0
2026-07-20 02:00:00,2026-07-21 02:00:00,24,2,20,0,7,26.0,94.0,10.8,946.3,5.8,133.5,-1.5,139.0,136.0,129.0,39.0,57.0,52.5,93.0
2026-07-20 02:00:00,2026-07-22 02:00:00,48,2,20,0,7,26.0,94.0,10.8,946.3,5.8,133.5,-1.5,139.0,136.0,129.0,39.0,57.0,52.5,63.0
2026-07-20 02:00:00,2026-07-23 02:00:00,72,2,20,0,7,26.0,94.0,10.8,946.3,5.8,133.5,-1.5,139.0,136.0,129.0,39.0,57.0,52.5,69.0
2026-07-20 03:00:00,2026-07-21 03:00:00,24,3,20,0,7,25.3,95.0,13.4,945.8,1.3,133.11111111111111,-1.5833333333333333,137.0,136.0,130.0,35.6,54.5,49.4,93.0
2026-07-20 03:00:00,2026-07-22 03:00:00,48,3,20,0,7,25.3,95.0,13.4,945.8,1.3,133.11111111111111,-1.5833333333333333,137.0,136.0,130.0,35.6,54.5,49.4,61.0
2026-07-20 03:00:00,2026-07-23 03:00:00,72,3,20,0,7,25.3,95.0,13.4,945.8,1.3,133.11111111111111,-1.5833333333333333,137.0,136.0,130.0,35.6,54.5,49.4,70.0
2026-07-20 04:00:00,2026-07-21 04:00:00,24,4,20,0,7,25.0,95.0,10.5,946.2,0.4,132.69444444444446,-1.5416666666666667,135.0,137.0,130.0,33.6,52.9,46.6,94.0
2026-07-20 04:00:00,2026-07-22 04:00:00,48,4,20,0,7,25.0,95.0,10.5,946.2,0.4,132.69444444444446,-1.5416666666666667,135.0,137.0,130.0,33.6,52.9,46.6,61.0
2026-07-20 04:00:00,2026-07-23 04:00:00,72,4,20,0,7,25.0,95.0,10.5,946.2,0.4,132.69444444444446,-1.5416666666666667,135.0,137.0,130.0,33.6,52.9,46.6,71.0
2026-07-20 05:00:00,2026-07-21 05:00:00,24,5,20,0,7,25.6,97.0,11.1,946.0,0.1,132.25,-1.5416666666666667,133.0,137.0,131.0,24.4,51.8,48.8,94.0
2026-07-20 05:00:00,2026-07-22 05:00:00,48,5,20,0,7,25.6,97.0,11.1,946.0,0.1,132.25,-1.5416666666666667,133.0,137.0,131.0,24.4,51.8,48.8,61.0
2026-07-20 05:00:00,2026-07-23 05:00:00,72,5,20,0,7,25.6,97.0,11.1,946.0,0.1,132.25,-1.5416666666666667,133.0,137.0,131.0,24.4,51.8,48.8,72.0
2026-07-20 06:00:00,2026-07-21 06:00:00,24,6,20,0,7,25.9,97.0,10.1,945.5,0.7,131.77777777777777,-1.5,130.0,138.0,131.0,22.7,51.7,47.0,93.0
2026-07-20 06:00:00,2026-07-22 06:00:00,48,6,20,0,7,25.9,97.0,10.1,945.5,0.7,131.77777777777777,-1.5,130.0,138.0,131.0,22.7,51.7,47.0,62.0
2026-07-20 06:00:00,2026-07-23 06:00:00,72,6,20,0,7,25.9,97.0,10.1,945.5,0.7,131.77777777777777,-1.5,130.0,138.0,131.0,22.7,51.7,47.0,73.0
2026-07-20 07:00:00,2026-07-21 07:00:00,24,7,20,0,7,26.8,92.0,5.7,945.7,0.3,131.30555555555554,-1.375,127.0,138.0,131.0,21.9,51.8,44.4,94.0
2026-07-20 07:00:00,2026-07-22 07:00:00,48,7,20,0,7,26.8,92.0,5.7,945.7,0.3,131.30555555555554,-1.375,127.0,138.0,131.0,21.9,51.8,44.4,63.0
2026-07-20 07:00:00,2026-07-23 07:00:00,72,7,20,0,7,26.8,92.0,5.7,945.7,0.3,131.30555555555554,-1.375,127.0,138.0,131.0,21.9,51.8,44.4,74.0
2026-07-20 08:00:00,2026-07-21 08:00:00,24,8,20,0,7,27.2,90.0,7.6,946.6,1.5,130.81944444444446,-1.2916666666666667,124.0,139.0,131.0,24.0,52.5,46.8,93.0
2026-07-20 08:00:00,2026-07-22 08:00:00,48,8,20,0,7,27.2,90.0,7.6,946.6,1.5,130.81944444444446,-1.2916666666666667,124.0,139.0,131.0,24.0,52.5,46.8,63.0
2026-07-20 08:00:00,2026-07-23 08:00:00,72,8,20,0,7,27.2,90.0,7.6,946.6,1.5,130.81944444444446,-1.2916666666666667,124.0,139.0,131.0,24.0,52.5,46.8,75.0
2026-07-20 09:00:00,2026-07-21 09:00:00,24,9,20,0,7,27.7,87.0,7.7,947.4,0.6,130.33333333333334,-1.1666666666666667,121.0,139.0,132.0,25.3,53.3,50.9,92.0
2026-07-20 09:00:00,2026-07-22 09:00:00,48,9,20,0,7,27.7,87.0,7.7,947.4,0.6,130.33333333333334,-1.1666666666666667,121.0,139.0,132.0,25.3,53.3,50.9,63.0
2026-07-20 09:00:00,2026-07-23 09:00:00,72,9,20,0,7,27.7,87.0,7.7,947.4,0.6,130.33333333333334,-1.1666666666666667,121.0,139.0,132.0,25.3,53.3,50.9,76.0
2026-07-20 10:00:00,2026-07-21 10:00:00,24,10,20,0,7,28.3,83.0,7.4,946.9,0.5,129.83333333333334,-1.0416666666666667,118.0,140.0,133.0,32.5,56.1,51.7,91.0
2026-07-20 10:00:00,2026-07-22 10:00:00,48,10,20,0,7,28.3,83.0,7.4,946.9,0.5,129.83333333333334,-1.0416666666666667,118.0,140.0,133.0,32.5,56.1,51.7,63.0
2026-07-20 10:00:00,2026-07-23 10:00:00,72,10,20,0,7,28.3,83.0,7.4,946.9,0.5,129.83333333333334,-1.0416666666666667,118.0,140.0,133.0,32.5,56.1,51.7,77.0
2026-07-20 11:00:00,2026-07-21 11:00:00,24,11,20,0,7,30.7,71.0,7.6,948.0,0.2,129.33333333333334,-0.875,116.0,140.0,135.0,38.9,56.8,51.3,89.0
2026-07-20 11:00:00,2026-07-22 11:00:00,48,11,20,0,7,30.7,71.0,7.6,948.0,0.2,129.33333333333334,-0.875,116.0,140.0,135.0,38.9,56.8,51.3,63.0
2026-07-20 11:00:00,2026-07-23 11:00:00,72,11,20,0,7,30.7,71.0,7.6,948.0,0.2,129.33333333333334,-0.875,116.0,140.0,135.0,38.9,56.8,51.3,77.0
2026-07-20 12:00:00,2026-07-21 12:00:00,24,12,20,0,7,31.1,69.0,10.6,947.5,0.7,128.80555555555554,-0.7916666666666666,114.0,141.0,135.0,42.5,53.4,47.7,87.0
2026-07-20 12:00:00,2026-07-22 12:00:00,48,12,20,0,7,31.1,69.0,10.6,947.5,0.7,128.80555555555554,-0.7916666666666666,114.0,141.0,135.0,42.5,53.4,47.7,63.0
2026-07-20 12:00:00,2026-07-23 12:00:00,72,12,20,0,7,31.1,69.0,10.6,947.5,0.7,128.80555555555554,-0.7916666666666666,114.0,141.0,135.0,42.5,53.4,47.7,78.0
2026-07-20 13:00:00,2026-07-21 13:00:00,24,13,20,0,7,31.3,68.0,8.6,946.9,0.3,128.26388888888889,-0.75,113.0,141.0,135.0,46.3,49.1,44.6,85.0
2026-07-20 13:00:00,2026-07-22 13:00:00,48,13,20,0,7,31.3,68.0,8.6,946.9,0.3,128.26388888888889,-0.75,113.0,141.0,135.0,46.3,49.1,44.6,63.0
2026-07-20 13:00:00,2026-07-23 13:00:00,72,13,20,0,7,31.3,68.0,8.6,946.9,0.3,128.26388888888889,-0.75,113.0,141.0,135.0,46.3,49.1,44.6,79.0
2026-07-20 14:00:00,2026-07-21 14:00:00,24,14,20,0,7,31.5,64.0,9.0,946.4,0.3,127.72222222222223,-0.7083333333333334,112.0,142.0,135.0,42.1,46.3,42.0,83.0
2026-07-20 14:00:00,2026-07-22 14:00:00,48,14,20,0,7,31.5,64.0,9.0,946.4,0.3,127.72222222222223,-0.7083333333333334,112.0,142.0,135.0,42.1,46.3,42.0,63.0
2026-07-20 14:00:00,2026-07-23 14:00:00,72,14,20,0,7,31.5,64.0,9.0,946.4,0.3,127.72222222222223,-0.7083333333333334,112.0,142.0,135.0,42.1,46.3,42.0,79.0
2026-07-20 15:00:00,2026-07-21 15:00:00,24,15,20,0,7,30.1,73.0,7.8,946.3,0.2,127.16666666666667,-0.7083333333333334,112.0,142.0,151.0,37.1,43.2,40.6,81.0
2026-07-20 15:00:00,2026-07-22 15:00:00,48,15,20,0,7,30.1,73.0,7.8,946.3,0.2,127.16666666666667,-0.7083333333333334,112.0,142.0,151.0,37.1,43.2,40.6,63.0
2026-07-20 15:00:00,2026-07-23 15:00:00,72,15,20,0,7,30.1,73.0,7.8,946.3,0.2,127.16666666666667,-0.7083333333333334,112.0,142.0,151.0,37.1,43.2,40.6,79.0
2026-07-20 16:00:00,2026-07-21 16:00:00,24,16,20,0,7,29.8,74.0,10.4,946.0,0.3,126.375,-0.75,111.0,147.0,161.0,38.1,43.5,39.9,79.0
2026-07-20 16:00:00,2026-07-22 16:00:00,48,16,20,0,7,29.8,74.0,10.4,946.0,0.3,126.375,-0.75,111.0,147.0,161.0,38.1,43.5,39.9,62.0
2026-07-20 16:00:00,2026-07-23 16:00:00,72,16,20,0,7,29.8,74.0,10.4,946.0,0.3,126.375,-0.75,111.0,147.0,161.0,38.1,43.5,39.9,79.0
2026-07-20 17:00:00,2026-07-21 17:00:00,24,17,20,0,7,31.1,69.0,11.3,945.6,0.1,125.52777777777777,-0.4583333333333333,114.0,157.0,168.0,45.1,46.9,46.4,78.0
2026-07-20 17:00:00,2026-07-22 17:00:00,48,17,20,0,7,31.1,69.0,11.3,945.6,0.1,125.52777777777777,-0.4583333333333333,114.0,157.0,168.0,45.1,46.9,46.4,62.0
2026-07-20 17:00:00,2026-07-23 17:00:00,72,17,20,0,7,31.1,69.0,11.3,945.6,0.1,125.52777777777777,-0.4583333333333333,114.0,157.0,168.0,45.1,46.9,46.4,79.0
2026-07-20 18:00:00,2026-07-21 18:00:00,24,18,20,0,7,29.8,75.0,10.0,946.0,0.0,124.66666666666667,-0.3333333333333333,116.0,160.0,169.0,46.4,48.8,47.4,76.0
2026-07-20 18:00:00,2026-07-22 18:00:00,48,18,20,0,7,29.8,75.0,10.0,946.0,0.0,124.66666666666667,-0.3333333333333333,116.0,160.0,169.0,46.4,48.8,47.4,62.0
2026-07-20 18:00:00,2026-07-23 18:00:00,72,18,20,0,7,29.8,75.0,10.0,946.0,0.0,124.66666666666667,-0.3333333333333333,116.0,160.0,169.0,46.4,48.8,47.4,80.0
2026-07-20 19:00:00,2026-07-21 19:00:00,24,19,20,0,7,29.2,81.0,8.2,946.1,0.0,123.875,-0.16666666666666666,111.0,157.0,163.0,49.7,53.7,50.2,74.0
2026-07-20 19:00:00,2026-07-22 19:00:00,48,19,20,0,7,29.2,81.0,8.2,946.1,0.0,123.875,-0.16666666666666666,111.0,157.0,163.0,49.7,53.7,50.2,63.0
2026-07-20 19:00:00,2026-07-23 19:00:00,72,19,20,0,7,29.2,81.0,8.2,946.1,0.0,123.875,-0.16666666666666666,111.0,157.0,163.0,49.7,53.7,50.2,80.0
2026-07-20 20:00:00,2026-07-21 20:00:00,24,20,20,0,7,28.7,83.0,8.2,946.6,0.0,123.11111111111111,-0.125,110.0,146.0,151.0,47.6,52.7,51.9,71.0
2026-07-20 20:00:00,2026-07-22 20:00:00,48,20,20,0,7,28.7,83.0,8.2,946.6,0.0,123.11111111111111,-0.125,110.0,146.0,151.0,47.6,52.7,51.9,63.0
2026-07-20 20:00:00,2026-07-23 20:00:00,72,20,20,0,7,28.7,83.0,8.2,946.6,0.0,123.11111111111111,-0.125,110.0,146.0,151.0,47.6,52.7,51.9,81.0
2026-07-20 21:00:00,2026-07-21 21:00:00,24,21,20,0,7,28.3,84.0,7.8,947.0,0.0,122.30555555555556,-0.7083333333333334,109.0,144.0,137.0,46.3,51.2,55.1,69.0
2026-07-20 21:00:00,2026-07-22 21:00:00,48,21,20,0,7,28.3,84.0,7.8,947.0,0.0,122.30555555555556,-0.7083333333333334,109.0,144.0,137.0,46.3,51.2,55.1,64.0
2026-07-20 21:00:00,2026-07-23 21:00:00,72,21,20,0,7,28.3,84.0,7.8,947.0,0.0,122.30555555555556,-0.7083333333333334,109.0,144.0,137.0,46.3,51.2,55.1,82.0
2026-07-20 22:00:00,2026-07-21 22:00:00,24,22,20,0,7,27.9,85.0,8.7,947.3,0.0,121.68055555555556,-0.7083333333333334,109.0,143.0,136.0,42.3,50.3,58.4,67.0
2026-07-20 22:00:00,2026-07-22 22:00:00,48,22,20,0,7,27.9,85.0,8.7,947.3,0.0,121.68055555555556,-0.7083333333333334,109.0,143.0,136.0,42.3,50.3,58.4,65.0
2026-07-20 22:00:00,2026-07-23 22:00:00,72,22,20,0,7,27.9,85.0,8.7,947.3,0.0,121.68055555555556,-0.7083333333333334,109.0,143.0,136.0,42.3,50.3,58.4,83.0
2026-07-20 23:00:00,2026-07-21 23:00:00,24,23,20,0,7,25.6,94.0,10.6,947.3,5.8,121.06944444444444,-0.7083333333333334,108.0,142.0,135.0,37.1,50.2,60.5,66.0
2026-07-20 23:00:00,2026-07-22 23:00:00,48,23,20,0,7,25.6,94.0,10.6,947.3,5.8,121.06944444444444,-0.7083333333333334,108.0,142.0,135.0,37.1,50.2,60.5,66.0
2026-07-20 23:00:00,2026-07-23 23:00:00,72,23,20,0,7,25.6,94.0,10.6,947.3,5.8,121.06944444444444,-0.7083333333333334,108.0,142.0,135.0,37.1,50.2,60.5,85.0
2026-07-21 00:00:00,2026-07-22 00:00:00,24,0,21,1,7,24.6,97.0,15.5,947.3,2.3,120.47222222222223,-0.6666666666666666,107.0,141.0,135.0,25.0,50.3,60.8,65.0
2026-07-21 00:00:00,2026-07-23 00:00:00,48,0,21,1,7,24.6,97.0,15.5,947.3,2.3,120.47222222222223,-0.6666666666666666,107.0,141.0,135.0,25.0,50.3,60.8,67.0
2026-07-21 00:00:00,2026-07-24 00:00:00,72,0,21,1,7,24.6,97.0,15.5,947.3,2.3,120.47222222222223,-0.6666666666666666,107.0,141.0,135.0,25.0,50.3,60.8,88.0
2026-07-21 01:00:00,2026-07-22 01:00:00,24,1,21,1,7,24.6,95.0,7.8,946.9,1.0,119.86111111111111,-0.6666666666666666,104.0,140.0,135.0,21.0,47.6,59.3,64.0
2026-07-21 01:00:00,2026-07-23 01:00:00,48,1,21,1,7,24.6,95.0,7.8,946.9,1.0,119.86111111111111,-0.6666666666666666,104.0,140.0,135.0,21.0,47.6,59.3,68.0
2026-07-21 01:00:00,2026-07-24 01:00:00,72,1,21,1,7,24.6,95.0,7.8,946.9,1.0,119.86111111111111,-0.6666666666666666,104.0,140.0,135.0,21.0,47.6,59.3,90.0
2026-07-21 02:00:00,2026-07-22 02:00:00,24,2,21,1,7,24.0,97.0,8.3,946.3,1.1,119.26388888888889,-0.5,101.0,139.0,136.0,20.7,39.0,57.0,63.0
2026-07-21 02:00:00,2026-07-23 02:00:00,48,2,21,1,7,24.0,97.0,8.3,946.3,1.1,119.26388888888889,-0.5,101.0,139.0,136.0,20.7,39.0,57.0,69.0
2026-07-21 02:00:00,2026-07-24 02:00:00,72,2,21,1,7,24.0,97.0,8.3,946.3,1.1,119.26388888888889,-0.5,101.0,139.0,136.0,20.7,39.0,57.0,92.0
2026-07-21 03:00:00,2026-07-22 03:00:00,24,3,21,1,7,24.1,98.0,4.0,946.4,10.2,118.66666666666667,-0.3333333333333333,100.0,137.0,136.0,19.9,35.6,54.5,61.0
2026-07-21 03:00:00,2026-07-23 03:00:00,48,3,21,1,7,24.1,98.0,4.0,946.4,10.2,118.66666666666667,-0.3333333333333333,100.0,137.0,136.0,19.9,35.6,54.5,70.0
2026-07-21 03:00:00,2026-07-24 03:00:00,72,3,21,1,7,24.1,98.0,4.0,946.4,10.2,118.66666666666667,-0.3333333333333333,100.0,137.0,136.0,19.9,35.6,54.5,94.0
2026-07-21 04:00:00,2026-07-22 04:00:00,24,4,21,1,7,24.4,97.0,7.6,946.3,3.9,118.06944444444444,-0.2916666666666667,98.0,135.0,137.0,18.5,33.6,52.9,61.0
2026-07-21 04:00:00,2026-07-23 04:00:00,48,4,21,1,7,24.4,97.0,7.6,946.3,3.9,118.06944444444444,-0.2916666666666667,98.0,135.0,137.0,18.5,33.6,52.9,71.0
2026-07-21 04:00:00,2026-07-24 04:00:00,72,4,21,1,7,24.4,97.0,7.6,946.3,3.9,118.06944444444444,-0.2916666666666667,98.0,135.0,137.0,18.5,33.6,52.9,94.0
2026-07-21 05:00:00,2026-07-22 05:00:00,24,5,21,1,7,24.7,95.0,7.4,946.5,2.7,117.47222222222223,-0.16666666666666666,97.0,133.0,137.0,21.7,24.4,51.8,61.0
2026-07-21 05:00:00,2026-07-23 05:00:00,48,5,21,1,7,24.7,95.0,7.4,946.5,2.7,117.47222222222223,-0.16666666666666666,97.0,133.0,137.0,21.7,24.4,51.8,72.0
2026-07-21 05:00:00,2026-07-24 05:00:00,72,5,21,1,7,24.7,95.0,7.4,946.5,2.7,117.47222222222223,-0.16666666666666666,97.0,133.0,137.0,21.7,24.4,51.8,95.0
2026-07-21 06:00:00,2026-07-22 06:00:00,24,6,21,1,7,24.8,94.0,5.2,946.6,2.6,116.875,-0.125,97.0,130.0,138.0,10.6,22.7,51.7,62.0
2026-07-21 06:00:00,2026-07-23 06:00:00,48,6,21,1,7,24.8,94.0,5.2,946.6,2.6,116.875,-0.125,97.0,130.0,138.0,10.6,22.7,51.7,73.0
2026-07-21 06:00:00,2026-07-24 06:00:00,72,6,21,1,7,24.8,94.0,5.2,946.6,2.6,116.875,-0.125,97.0,130.0,138.0,10.6,22.7,51.7,95.0
2026-07-21 07:00:00,2026-07-22 07:00:00,24,7,21,1,7,24.5,95.0,7.5,947.0,2.1,116.25,-0.16666666666666666,96.0,127.0,138.0,22.2,21.9,51.8,63.0
2026-07-21 07:00:00,2026-07-23 07:00:00,48,7,21,1,7,24.5,95.0,7.5,947.0,2.1,116.25,-0.16666666666666666,96.0,127.0,138.0,22.2,21.9,51.8,74.0
2026-07-21 07:00:00,2026-07-24 07:00:00,72,7,21,1,7,24.5,95.0,7.5,947.0,2.1,116.25,-0.16666666666666666,96.0,127.0,138.0,22.2,21.9,51.8,95.0
2026-07-21 08:00:00,2026-07-22 08:00:00,24,8,21,1,7,24.5,95.0,2.1,947.8,4.4,115.63888888888889,-0.08333333333333333,96.0,124.0,139.0,27.4,24.0,52.5,63.0
2026-07-21 08:00:00,2026-07-23 08:00:00,48,8,21,1,7,24.5,95.0,2.1,947.8,4.4,115.63888888888889,-0.08333333333333333,96.0,124.0,139.0,27.4,24.0,52.5,75.0
2026-07-21 08:00:00,2026-07-24 08:00:00,72,8,21,1,7,24.5,95.0,2.1,947.8,4.4,115.63888888888889,-0.08333333333333333,96.0,124.0,139.0,27.4,24.0,52.5,95.0
2026-07-21 09:00:00,2026-07-22 09:00:00,24,9,21,1,7,25.2,94.0,1.0,947.5,2.7,115.0,-0.125,96.0,121.0,139.0,30.5,25.3,53.3,63.0
2026-07-21 09:00:00,2026-07-23 09:00:00,48,9,21,1,7,25.2,94.0,1.0,947.5,2.7,115.0,-0.125,96.0,121.0,139.0,30.5,25.3,53.3,76.0
2026-07-21 09:00:00,2026-07-24 09:00:00,72,9,21,1,7,25.2,94.0,1.0,947.5,2.7,115.0,-0.125,96.0,121.0,139.0,30.5,25.3,53.3,95.0
2026-07-21 10:00:00,2026-07-22 10:00:00,24,10,21,1,7,25.5,94.0,8.4,948.0,1.3,114.34722222222223,-0.16666666666666666,97.0,118.0,140.0,32.8,32.5,56.1,63.0
2026-07-21 10:00:00,2026-07-23 10:00:00,48,10,21,1,7,25.5,94.0,8.4,948.0,1.3,114.34722222222223,-0.16666666666666666,97.0,118.0,140.0,32.8,32.5,56.1,77.0
2026-07-21 10:00:00,2026-07-24 10:00:00,72,10,21,1,7,25.5,94.0,8.4,948.0,1.3,114.34722222222223,-0.16666666666666666,97.0,118.0,140.0,32.8,32.5,56.1,95.0
2026-07-21 11:00:00,2026-07-22 11:00:00,24,11,21,1,7,25.0,94.0,11.2,948.5,1.2,113.66666666666667,-0.25,97.0,116.0,140.0,33.9,38.9,56.8,63.0
2026-07-21 11:00:00,2026-07-23 11:00:00,48,11,21,1,7,25.0,94.0,11.2,948.5,1.2,113.66666666666667,-0.25,97.0,116.0,140.0,33.9,38.9,56.8,77.0
2026-07-21 11:00:00,2026-07-24 11:00:00,72,11,21,1,7,25.0,94.0,11.2,948.5,1.2,113.66666666666667,-0.25,97.0,116.0,140.0,33.9,38.9,56.8,95.0
2026-07-21 12:00:00,2026-07-22 12:00:00,24,12,21,1,7,24.6,95.0,15.3,948.9,3.7,112.95833333333333,-0.3333333333333333,96.0,114.0,141.0,34.9,42.5,53.4,63.0
2026-07-21 12:00:00,2026-07-23 12:00:00,48,12,21,1,7,24.6,95.0,15.3,948.9,3.7,112.95833333333333,-0.3333333333333333,96.0,114.0,141.0,34.9,42.5,53.4,78.0
2026-07-21 12:00:00,2026-07-24 12:00:00,72,12,21,1,7,24.6,95.0,15.3,948.9,3.7,112.95833333333333,-0.3333333333333333,96.0,114.0,141.0,34.9,42.5,53.4,95.0
2026-07-21 13:00:00,2026-07-22 13:00:00,24,13,21,1,7,24.4,90.0,14.1,948.8,2.5,112.20833333333333,-0.375,96.0,113.0,141.0,34.1,46.3,49.1,63.0
2026-07-21 13:00:00,2026-07-23 13:00:00,48,13,21,1,7,24.4,90.0,14.1,948.8,2.5,112.20833333333333,-0.375,96.0,113.0,141.0,34.1,46.3,49.1,79.0
2026-07-21 13:00:00,2026-07-24 13:00:00,72,13,21,1,7,24.4,90.0,14.1,948.8,2.5,112.20833333333333,-0.375,96.0,113.0,141.0,34.1,46.3,49.1,95.0
2026-07-21 14:00:00,2026-07-22 14:00:00,24,14,21,1,7,24.8,91.0,15.0,948.6,2.0,111.43055555555556,-0.4583333333333333,95.0,112.0,142.0,34.9,42.1,46.3,63.0
2026-07-21 14:00:00,2026-07-23 14:00:00,48,14,21,1,7,24.8,91.0,15.0,948.6,2.0,111.43055555555556,-0.4583333333333333,95.0,112.0,142.0,34.9,42.1,46.3,79.0
2026-07-21 14:00:00,2026-07-24 14:00:00,72,14,21,1,7,24.8,91.0,15.0,948.6,2.0,111.43055555555556,-0.4583333333333333,95.0,112.0,142.0,34.9,42.1,46.3,95.0
2026-07-21 15:00:00,2026-07-22 15:00:00,24,15,21,1,7,25.5,90.0,17.0,948.1,1.1,110.61111111111111,-0.5,94.0,112.0,142.0,36.0,37.1,43.2,63.0
2026-07-21 15:00:00,2026-07-23 15:00:00,48,15,21,1,7,25.5,90.0,17.0,948.1,1.1,110.61111111111111,-0.5,94.0,112.0,142.0,36.0,37.1,43.2,79.0
2026-07-21 15:00:00,2026-07-24 15:00:00,72,15,21,1,7,25.5,90.0,17.0,948.1,1.1,110.61111111111111,-0.5,94.0,112.0,142.0,36.0,37.1,43.2,95.0
2026-07-21 16:00:00,2026-07-22 16:00:00,24,16,21,1,7,25.1,92.0,12.7,947.7,0.7,109.76388888888889,-0.5416666666666666,100.0,111.0,147.0,36.6,38.1,43.5,62.0
2026-07-21 16:00:00,2026-07-23 16:00:00,48,16,21,1,7,25.1,92.0,12.7,947.7,0.7,109.76388888888889,-0.5416666666666666,100.0,111.0,147.0,36.6,38.1,43.5,79.0
2026-07-21 16:00:00,2026-07-24 16:00:00,72,16,21,1,7,25.1,92.0,12.7,947.7,0.7,109.76388888888889,-0.5416666666666666,100.0,111.0,147.0,36.6,38.1,43.5,95.0
2026-07-21 17:00:00,2026-07-22 17:00:00,24,17,21,1,7,25.2,89.0,13.0,947.9,0.4,108.81944444444444,-0.875,106.0,114.0,157.0,38.9,45.1,46.9,62.0
2026-07-21 17:00:00,2026-07-23 17:00:00,48,17,21,1,7,25.2,89.0,13.0,947.9,0.4,108.81944444444444,-0.875,106.0,114.0,157.0,38.9,45.1,46.9,79.0
2026-07-21 17:00:00,2026-07-24 17:00:00,72,17,21,1,7,25.2,89.0,13.0,947.9,0.4,108.81944444444444,-0.875,106.0,114.0,157.0,38.9,45.1,46.9,96.0
2026-07-21 18:00:00,2026-07-22 18:00:00,24,18,21,1,7,24.8,92.0,12.9,948.1,0.8,107.72222222222223,-1.1666666666666667,112.0,116.0,160.0,41.4,46.4,48.8,62.0
2026-07-21 18:00:00,2026-07-23 18:00:00,48,18,21,1,7,24.8,92.0,12.9,948.1,0.8,107.72222222222223,-1.1666666666666667,112.0,116.0,160.0,41.4,46.4,48.8,80.0
2026-07-21 18:00:00,2026-07-24 18:00:00,72,18,21,1,7,24.8,92.0,12.9,948.1,0.8,107.72222222222223,-1.1666666666666667,112.0,116.0,160.0,41.4,46.4,48.8,95.0
2026-07-21 19:00:00,2026-07-22 19:00:00,24,19,21,1,7,24.4,93.0,10.1,948.5,0.2,106.55555555555556,-1.5,108.0,111.0,157.0,43.4,49.7,53.7,63.0
2026-07-21 19:00:00,2026-07-23 19:00:00,48,19,21,1,7,24.4,93.0,10.1,948.5,0.2,106.55555555555556,-1.5,108.0,111.0,157.0,43.4,49.7,53.7,80.0
2026-07-21 19:00:00,2026-07-24 19:00:00,72,19,21,1,7,24.4,93.0,10.1,948.5,0.2,106.55555555555556,-1.5,108.0,111.0,157.0,43.4,49.7,53.7,94.0
2026-07-21 20:00:00,2026-07-22 20:00:00,24,20,21,1,7,24.4,93.0,7.6,948.6,0.0,105.40277777777777,-1.4166666666666667,93.0,110.0,146.0,45.8,47.6,52.7,63.0
2026-07-21 20:00:00,2026-07-23 20:00:00,48,20,21,1,7,24.4,93.0,7.6,948.6,0.0,105.40277777777777,-1.4166666666666667,93.0,110.0,146.0,45.8,47.6,52.7,81.0
2026-07-21 20:00:00,2026-07-24 20:00:00,72,20,21,1,7,24.4,93.0,7.6,948.6,0.0,105.40277777777777,-1.4166666666666667,93.0,110.0,146.0,45.8,47.6,52.7,94.0
2026-07-21 21:00:00,2026-07-22 21:00:00,24,21,21,1,7,24.6,91.0,7.0,949.1,0.0,104.36111111111111,-0.9166666666666666,92.0,109.0,144.0,38.8,46.3,51.2,64.0
2026-07-21 21:00:00,2026-07-23 21:00:00,48,21,21,1,7,24.6,91.0,7.0,949.1,0.0,104.36111111111111,-0.9166666666666666,92.0,109.0,144.0,38.8,46.3,51.2,82.0
2026-07-21 21:00:00,2026-07-24 21:00:00,72,21,21,1,7,24.6,91.0,7.0,949.1,0.0,104.36111111111111,-0.9166666666666666,92.0,109.0,144.0,38.8,46.3,51.2,94.0
2026-07-21 22:00:00,2026-07-22 22:00:00,24,22,21,1,7,24.5,91.0,5.4,949.1,0.0,103.31944444444444,-0.9583333333333334,92.0,109.0,143.0,38.6,42.3,50.3,65.0
2026-07-21 22:00:00,2026-07-23 22:00:00,48,22,21,1,7,24.5,91.0,5.4,949.1,0.0,103.31944444444444,-0.9583333333333334,92.0,109.0,143.0,38.6,42.3,50.3,83.0
2026-07-21 22:00:00,2026-07-24 22:00:00,72,22,21,1,7,24.5,91.0,5.4,949.1,0.0,103.31944444444444,-0.9583333333333334,92.0,109.0,143.0,38.6,42.3,50.3,95.0
2026-07-21 23:00:00,2026-07-22 23:00:00,24,23,21,1,7,25.2,90.0,4.0,948.7,0.0,102.26388888888889,-1.0416666666666667,92.0,108.0,142.0,36.2,37.1,50.2,66.0
2026-07-21 23:00:00,2026-07-23 23:00:00,48,23,21,1,7,25.2,90.0,4.0,948.7,0.0,102.26388888888889,-1.0416666666666667,92.0,108.0,142.0,36.2,37.1,50.2,85.0
2026-07-21 23:00:00,2026-07-24 23:00:00,72,23,21,1,7,25.2,90.0,4.0,948.7,0.0,102.26388888888889,-1.0416666666666667,92.0,108.0,142.0,36.2,37.1,50.2,95.0
2026-07-22 00:00:00,2026-07-23 00:00:00,24,0,22,2,7,24.8,92.0,3.3,948.4,0.4,101.20833333333333,-1.0833333333333333,91.0,107.0,141.0,31.8,25.0,50.3,67.0
2026-07-22 00:00:00,2026-07-24 00:00:00,48,0,22,2,7,24.8,92.0,3.3,948.4,0.4,101.20833333333333,-1.0833333333333333,91.0,107.0,141.0,31.8,25.0,50.3,88.0
2026-07-22 00:00:00,2026-07-25 00:00:00,72,0,22,2,7,24.8,92.0,3.3,948.4,0.4,101.20833333333333,-1.0833333333333333,91.0,107.0,141.0,31.8,25.0,50.3,94.0
2026-07-22 01:00:00,2026-07-23 01:00:00,24,1,22,2,7,25.0,91.0,1.9,947.9,0.3,100.15277777777777,-1.0833333333333333,92.0,104.0,140.0,29.6,21.0,47.6,68.0
2026-07-22 01:00:00,2026-07-24 01:00:00,48,1,22,2,7,25.0,91.0,1.9,947.9,0.3,100.15277777777777,-1.0833333333333333,92.0,104.0,140.0,29.6,21.0,47.6,90.0
2026-07-22 01:00:00,2026-07-25 01:00:00,72,1,22,2,7,25.0,91.0,1.9,947.9,0.3,100.15277777777777,-1.0833333333333333,92.0,104.0,140.0,29.6,21.0,47.6,93.0
2026-07-22 02:00:00,2026-07-23 02:00:00,24,2,22,2,7,24.7,94.0,2.0,947.5,0.1,99.09722222222223,-1.1666666666666667,93.0,101.0,139.0,29.0,20.7,39.0,69.0
2026-07-22 02:00:00,2026-07-24 02:00:00,48,2,22,2,7,24.7,94.0,2.0,947.5,0.1,99.09722222222223,-1.1666666666666667,93.0,101.0,139.0,29.0,20.7,39.0,92.0
2026-07-22 02:00:00,2026-07-25 02:00:00,72,2,22,2,7,24.7,94.0,2.0,947.5,0.1,99.09722222222223,-1.1666666666666667,93.0,101.0,139.0,29.0,20.7,39.0,92.0
2026-07-22 03:00:00,2026-07-23 03:00:00,24,3,22,2,7,24.5,95.0,2.5,947.4,0.0,98.04166666666667,-1.25,93.0,100.0,137.0,25.9,19.9,35.6,70.0
2026-07-22 03:00:00,2026-07-24 03:00:00,48,3,22,2,7,24.5,95.0,2.5,947.4,0.0,98.04166666666667,-1.25,93.0,100.0,137.0,25.9,19.9,35.6,94.0
2026-07-22 03:00:00,2026-07-25 03:00:00,72,3,22,2,7,24.5,95.0,2.5,947.4,0.0,98.04166666666667,-1.25,93.0,100.0,137.0,25.9,19.9,35.6,92.0
2026-07-22 04:00:00,2026-07-23 04:00:00,24,4,22,2,7,24.5,95.0,1.3,948.0,0.0,96.98611111111111,-1.3333333333333333,94.0,98.0,135.0,17.9,18.5,33.6,71.0
2026-07-22 04:00:00,2026-07-24 04:00:00,48,4,22,2,7,24.5,95.0,1.3,948.0,0.0,96.98611111111111,-1.3333333333333333,94.0,98.0,135.0,17.9,18.5,33.6,94.0
2026-07-22 04:00:00,2026-07-25 04:00:00,72,4,22,2,7,24.5,95.0,1.3,948.0,0.0,96.98611111111111,-1.3333333333333333,94.0,98.0,135.0,17.9,18.5,33.6,91.0
2026-07-22 05:00:00,2026-07-23 05:00:00,24,5,22,2,7,24.2,95.0,2.1,947.2,0.0,95.95833333333333,-1.375,94.0,97.0,133.0,17.1,21.7,24.4,72.0
2026-07-22 05:00:00,2026-07-24 05:00:00,48,5,22,2,7,24.2,95.0,2.1,947.2,0.0,95.95833333333333,-1.375,94.0,97.0,133.0,17.1,21.7,24.4,95.0
2026-07-22 05:00:00,2026-07-25 05:00:00,72,5,22,2,7,24.2,95.0,2.1,947.2,0.0,95.95833333333333,-1.375,94.0,97.0,133.0,17.1,21.7,24.4,91.0
2026-07-22 06:00:00,2026-07-23 06:00:00,24,6,22,2,7,24.2,95.0,0.6,947.9,0.0,94.95833333333333,-1.375,93.0,97.0,130.0,16.2,10.6,22.7,73.0
2026-07-22 06:00:00,2026-07-24 06:00:00,48,6,22,2,7,24.2,95.0,0.6,947.9,0.0,94.95833333333333,-1.375,93.0,97.0,130.0,16.2,10.6,22.7,95.0
2026-07-22 06:00:00,2026-07-25 06:00:00,72,6,22,2,7,24.2,95.0,0.6,947.9,0.0,94.95833333333333,-1.375,93.0,97.0,130.0,16.2,10.6,22.7,89.0
2026-07-22 07:00:00,2026-07-23 07:00:00,24,7,22,2,7,24.5,92.0,4.5,947.9,0.0,94.01388888888889,-1.2916666666666667,94.0,96.0,127.0,15.0,22.2,21.9,74.0
2026-07-22 07:00:00,2026-07-24 07:00:00,48,7,22,2,7,24.5,92.0,4.5,947.9,0.0,94.01388888888889,-1.2916666666666667,94.0,96.0,127.0,15.0,22.2,21.9,95.0
2026-07-22 07:00:00,2026-07-25 07:00:00,72,7,22,2,7,24.5,92.0,4.5,947.9,0.0,94.01388888888889,-1.2916666666666667,94.0,96.0,127.0,15.0,22.2,21.9,88.0
2026-07-22 08:00:00,2026-07-23 08:00:00,24,8,22,2,7,25.3,88.0,4.9,948.3,0.0,93.125,-1.2916666666666667,93.0,96.0,124.0,15.1,27.4,24.0,75.0
2026-07-22 08:00:00,2026-07-24 08:00:00,48,8,22,2,7,25.3,88.0,4.9,948.3,0.0,93.125,-1.2916666666666667,93.0,96.0,124.0,15.1,27.4,24.0,95.0
2026-07-22 08:00:00,2026-07-25 08:00:00,72,8,22,2,7,25.3,88.0,4.9,948.3,0.0,93.125,-1.2916666666666667,93.0,96.0,124.0,15.1,27.4,24.0,87.0
2026-07-22 09:00:00,2026-07-23 09:00:00,24,9,22,2,7,26.9,79.0,10.6,948.4,0.2,92.27777777777777,-1.25,92.0,96.0,121.0,12.4,30.5,25.3,76.0
2026-07-22 09:00:00,2026-07-24 09:00:00,48,9,22,2,7,26.9,79.0,10.6,948.4,0.2,92.27777777777777,-1.25,92.0,96.0,121.0,12.4,30.5,25.3,95.0
2026-07-22 09:00:00,2026-07-25 09:00:00,72,9,22,2,7,26.9,79.0,10.6,948.4,0.2,92.27777777777777,-1.25,92.0,96.0,121.0,12.4,30.5,25.3,86.0
2026-07-22 10:00:00,2026-07-23 10:00:00,24,10,22,2,7,28.0,71.0,15.0,948.7,0.0,91.47222222222223,-1.2083333333333333,91.0,97.0,118.0,9.3,32.8,32.5,77.0
2026-07-22 10:00:00,2026-07-24 10:00:00,48,10,22,2,7,28.0,71.0,15.0,948.7,0.0,91.47222222222223,-1.2083333333333333,91.0,97.0,118.0,9.3,32.8,32.5,95.0
2026-07-22 10:00:00,2026-07-25 10:00:00,72,10,22,2,7,28.0,71.0,15.0,948.7,0.0,91.47222222222223,-1.2083333333333333,91.0,97.0,118.0,9.3,32.8,32.5,86.0
2026-07-22 11:00:00,2026-07-23 11:00:00,24,11,22,2,7,26.7,73.0,11.1,949.1,0.0,90.70833333333333,-1.1666666666666667,89.0,97.0,116.0,8.9,33.9,38.9,77.0
2026-07-22 11:00:00,2026-07-24 11:00:00,48,11,22,2,7,26.7,73.0,11.1,949.1,0.0,90.70833333333333,-1.1666666666666667,89.0,97.0,116.0,8.9,33.9,38.9,95.0
2026-07-22 11:00:00,2026-07-25 11:00:00,72,11,22,2,7,26.7,73.0,11.1,949.1,0.0,90.70833333333333,-1.1666666666666667,89.0,97.0,116.0,8.9,33.9,38.9,86.0
2026-07-22 12:00:00,2026-07-23 12:00:00,24,12,22,2,7,28.0,68.0,13.6,948.8,0.0,89.97222222222223,-1.0833333333333333,87.0,96.0,114.0,7.7,34.9,42.5,78.0
2026-07-22 12:00:00,2026-07-24 12:00:00,48,12,22,2,7,28.0,68.0,13.6,948.8,0.0,89.97222222222223,-1.0833333333333333,87.0,96.0,114.0,7.7,34.9,42.5,95.0
2026-07-22 12:00:00,2026-07-25 12:00:00,72,12,22,2,7,28.0,68.0,13.6,948.8,0.0,89.97222222222223,-1.0833333333333333,87.0,96.0,114.0,7.7,34.9,42.5,87.0
2026-07-22 13:00:00,2026-07-23 13:00:00,24,13,22,2,7,27.1,73.0,11.5,947.8,0.0,89.26388888888889,-1.0,85.0,96.0,113.0,9.2,34.1,46.3,79.0
2026-07-22 13:00:00,2026-07-24 13:00:00,48,13,22,2,7,27.1,73.0,11.5,947.8,0.0,89.26388888888889,-1.0,85.0,96.0,113.0,9.2,34.1,46.3,95.0
2026-07-22 13:00:00,2026-07-25 13:00:00,72,13,22,2,7,27.1,73.0,11.5,947.8,0.0,89.26388888888889,-1.0,85.0,96.0,113.0,9.2,34.1,46.3,88.0
2026-07-22 14:00:00,2026-07-23 14:00:00,24,14,22,2,7,28.0,70.0,9.7,947.4,0.0,88.56944444444444,-0.9166666666666666,83.0,95.0,112.0,11.5,34.9,42.1,79.0
2026-07-22 14:00:00,2026-07-24 14:00:00,48,14,22,2,7,28.0,70.0,9.7,947.4,0.0,88.56944444444444,-0.9166666666666666,83.0,95.0,112.0,11.5,34.9,42.1,95.0
2026-07-22 14:00:00,2026-07-25 14:00:00,72,14,22,2,7,28.0,70.0,9.7,947.4,0.0,88.56944444444444,-0.9166666666666666,83.0,95.0,112.0,11.5,34.9,42.1,89.0
2026-07-22 15:00:00,2026-07-23 15:00:00,24,15,22,2,7,27.9,68.0,22.6,947.2,0.0,87.88888888888889,-0.8333333333333334,81.0,94.0,112.0,14.7,36.0,37.1,79.0
2026-07-22 15:00:00,2026-07-24 15:00:00,48,15,22,2,7,27.9,68.0,22.6,947.2,0.0,87.88888888888889,-0.8333333333333334,81.0,94.0,112.0,14.7,36.0,37.1,95.0
2026-07-22 15:00:00,2026-07-25 15:00:00,72,15,22,2,7,27.9,68.0,22.6,947.2,0.0,87.88888888888889,-0.8333333333333334,81.0,94.0,112.0,14.7,36.0,37.1,90.0
2026-07-22 16:00:00,2026-07-23 16:00:00,24,16,22,2,7,26.6,77.0,17.2,947.0,0.0,87.20833333333333,-0.75,79.0,100.0,111.0,12.5,36.6,38.1,79.0
2026-07-22 16:00:00,2026-07-24 16:00:00,48,16,22,2,7,26.6,77.0,17.2,947.0,0.0,87.20833333333333,-0.75,79.0,100.0,111.0,12.5,36.6,38.1,95.0
2026-07-22 16:00:00,2026-07-25 16:00:00,72,16,22,2,7,26.6,77.0,17.2,947.0,0.0,87.20833333333333,-0.75,79.0,100.0,111.0,12.5,36.6,38.1,90.0
2026-07-22 17:00:00,2026-07-23 17:00:00,24,17,22,2,7,27.8,71.0,19.3,947.2,0.0,86.52777777777777,-0.7083333333333334,78.0,106.0,114.0,15.7,38.9,45.1,79.0
2026-07-22 17:00:00,2026-07-24 17:00:00,48,17,22,2,7,27.8,71.0,19.3,947.2,0.0,86.52777777777777,-0.7083333333333334,78.0,106.0,114.0,15.7,38.9,45.1,96.0
2026-07-22 17:00:00,2026-07-25 17:00:00,72,17,22,2,7,27.8,71.0,19.3,947.2,0.0,86.52777777777777,-0.7083333333333334,78.0,106.0,114.0,15.7,38.9,45.1,91.0
2026-07-22 18:00:00,2026-07-23 18:00:00,24,18,22,2,7,26.9,75.0,17.8,947.2,0.0,85.80555555555556,-0.6666666666666666,76.0,112.0,116.0,14.1,41.4,46.4,80.0
2026-07-22 18:00:00,2026-07-24 18:00:00,48,18,22,2,7,26.9,75.0,17.8,947.2,0.0,85.80555555555556,-0.6666666666666666,76.0,112.0,116.0,14.1,41.4,46.4,95.0
2026-07-22 18:00:00,2026-07-25 18:00:00,72,18,22,2,7,26.9,75.0,17.8,947.2,0.0,85.80555555555556,-0.6666666666666666,76.0,112.0,116.0,14.1,41.4,46.4,92.0
2026-07-22 19:00:00,2026-07-23 19:00:00,24,19,22,2,7,26.0,79.0,11.8,947.4,0.0,85.05555555555556,-0.5833333333333334,74.0,108.0,111.0,15.0,43.4,49.7,80.0
2026-07-22 19:00:00,2026-07-24 19:00:00,48,19,22,2,7,26.0,79.0,11.8,947.4,0.0,85.05555555555556,-0.5833333333333334,74.0,108.0,111.0,15.0,43.4,49.7,94.0
2026-07-22 19:00:00,2026-07-25 19:00:00,72,19,22,2,7,26.0,79.0,11.8,947.4,0.0,85.05555555555556,-0.5833333333333334,74.0,108.0,111.0,15.0,43.4,49.7,93.0
2026-07-22 20:00:00,2026-07-23 20:00:00,24,20,22,2,7,25.6,82.0,7.8,948.2,0.0,84.38888888888889,-0.4583333333333333,71.0,93.0,110.0,15.4,45.8,47.6,81.0
2026-07-22 20:00:00,2026-07-24 20:00:00,48,20,22,2,7,25.6,82.0,7.8,948.2,0.0,84.38888888888889,-0.4583333333333333,71.0,93.0,110.0,15.4,45.8,47.6,94.0
2026-07-22 20:00:00,2026-07-25 20:00:00,72,20,22,2,7,25.6,82.0,7.8,948.2,0.0,84.38888888888889,-0.4583333333333333,71.0,93.0,110.0,15.4,45.8,47.6,94.0
2026-07-22 21:00:00,2026-07-23 21:00:00,24,21,22,2,7,25.3,84.0,4.8,948.8,0.0,83.73611111111111,-0.3333333333333333,69.0,92.0,109.0,17.1,38.8,46.3,82.0
2026-07-22 21:00:00,2026-07-24 21:00:00,48,21,22,2,7,25.3,84.0,4.8,948.8,0.0,83.73611111111111,-0.3333333333333333,69.0,92.0,109.0,17.1,38.8,46.3,94.0
2026-07-22 21:00:00,2026-07-25 21:00:00,72,21,22,2,7,25.3,84.0,4.8,948.8,0.0,83.73611111111111,-0.3333333333333333,69.0,92.0,109.0,17.1,38.8,46.3,94.0
2026-07-22 22:00:00,2026-07-23 22:00:00,24,22,22,2,7,24.9,87.0,4.0,948.8,0.0,83.11111111111111,-0.20833333333333334,67.0,92.0,109.0,20.3,38.6,42.3,83.0
2026-07-22 22:00:00,2026-07-24 22:00:00,48,22,22,2,7,24.9,87.0,4.0,948.8,0.0,83.11111111111111,-0.20833333333333334,67.0,92.0,109.0,20.3,38.6,42.3,95.0
2026-07-22 22:00:00,2026-07-25 22:00:00,72,22,22,2,7,24.9,87.0,4.0,948.8,0.0,83.11111111111111,-0.20833333333333334,67.0,92.0,109.0,20.3,38.6,42.3,95.0
2026-07-22 23:00:00,2026-07-23 23:00:00,24,23,22,2,7,25.5,86.0,4.1,948.2,0.0,82.5,-0.08333333333333333,66.0,92.0,108.0,20.4,36.2,37.1,85.0
2026-07-22 23:00:00,2026-07-24 23:00:00,48,23,22,2,7,25.5,86.0,4.1,948.2,0.0,82.5,-0.08333333333333333,66.0,92.0,108.0,20.4,36.2,37.1,95.0
2026-07-22 23:00:00,2026-07-25 23:00:00,72,23,22,2,7,25.5,86.0,4.1,948.2,0.0,82.5,-0.08333333333333333,66.0,92.0,108.0,20.4,36.2,37.1,95.0
2026-07-23 00:00:00,2026-07-24 00:00:00,24,0,23,3,7,24.9,89.0,3.9,948.1,0.0,81.91666666666667,0.0,65.0,91.0,107.0,18.8,31.8,25.0,88.0
2026-07-23 00:00:00,2026-07-25 00:00:00,48,0,23,3,7,24.9,89.0,3.9,948.1,0.0,81.91666666666667,0.0,65.0,91.0,107.0,18.8,31.8,25.0,94.0
2026-07-23 00:00:00,2026-07-26 00:00:00,72,0,23,3,7,24.9,89.0,3.9,948.1,0.0,81.91666666666667,0.0,65.0,91.0,107.0,18.8,31.8,25.0,95.0
2026-07-23 01:00:00,2026-07-24 01:00:00,24,1,23,3,7,24.4,92.0,1.8,947.5,0.1,81.36111111111111,0.08333333333333333,64.0,92.0,104.0,15.8,29.6,21.0,90.0
2026-07-23 01:00:00,2026-07-25 01:00:00,48,1,23,3,7,24.4,92.0,1.8,947.5,0.1,81.36111111111111,0.08333333333333333,64.0,92.0,104.0,15.8,29.6,21.0,93.0
2026-07-23 01:00:00,2026-07-26 01:00:00,72,1,23,3,7,24.4,92.0,1.8,947.5,0.1,81.36111111111111,0.08333333333333333,64.0,92.0,104.0,15.8,29.6,21.0,94.0
2026-07-23 02:00:00,2026-07-24 02:00:00,24,2,23,3,7,24.1,92.0,3.0,947.0,0.1,80.86111111111111,0.16666666666666666,63.0,93.0,101.0,15.1,29.0,20.7,92.0
2026-07-23 02:00:00,2026-07-25 02:00:00,48,2,23,3,7,24.1,92.0,3.0,947.0,0.1,80.86111111111111,0.16666666666666666,63.0,93.0,101.0,15.1,29.0,20.7,92.0
2026-07-23 02:00:00,2026-07-26 02:00:00,72,2,23,3,7,24.1,92.0,3.0,947.0,0.1,80.86111111111111,0.16666666666666666,63.0,93.0,101.0,15.1,29.0,20.7,94.0
2026-07-23 03:00:00,2026-07-24 03:00:00,24,3,23,3,7,24.2,90.0,2.5,946.7,0.0,80.41666666666667,0.25,61.0,93.0,100.0,17.5,25.9,19.9,94.0
2026-07-23 03:00:00,2026-07-25 03:00:00,48,3,23,3,7,24.2,90.0,2.5,946.7,0.0,80.41666666666667,0.25,61.0,93.0,100.0,17.5,25.9,19.9,92.0
2026-07-23 03:00:00,2026-07-26 03:00:00,72,3,23,3,7,24.2,90.0,2.5,946.7,0.0,80.41666666666667,0.25,61.0,93.0,100.0,17.5,25.9,19.9,93.0
2026-07-23 04:00:00,2026-07-24 04:00:00,24,4,23,3,7,23.9,91.0,2.1,946.7,0.0,80.0,0.375,61.0,94.0,98.0,18.6,17.9,18.5,94.0
2026-07-23 04:00:00,2026-07-25 04:00:00,48,4,23,3,7,23.9,91.0,2.1,946.7,0.0,80.0,0.375,61.0,94.0,98.0,18.6,17.9,18.5,91.0
2026-07-23 04:00:00,2026-07-26 04:00:00,72,4,23,3,7,23.9,91.0,2.1,946.7,0.0,80.0,0.375,61.0,94.0,98.0,18.6,17.9,18.5,92.0
2026-07-23 05:00:00,2026-07-24 05:00:00,24,5,23,3,7,24.6,94.0,5.1,947.2,0.0,79.625,0.4166666666666667,61.0,94.0,97.0,26.5,17.1,21.7,95.0
2026-07-23 05:00:00,2026-07-25 05:00:00,48,5,23,3,7,24.6,94.0,5.1,947.2,0.0,79.625,0.4166666666666667,61.0,94.0,97.0,26.5,17.1,21.7,91.0
2026-07-23 05:00:00,2026-07-26 05:00:00,72,5,23,3,7,24.6,94.0,5.1,947.2,0.0,79.625,0.4166666666666667,61.0,94.0,97.0,26.5,17.1,21.7,92.0
2026-07-23 06:00:00,2026-07-24 06:00:00,24,6,23,3,7,24.6,94.0,5.2,947.0,0.1,79.27777777777777,0.4583333333333333,62.0,93.0,97.0,28.9,16.2,10.6,95.0
2026-07-23 06:00:00,2026-07-25 06:00:00,48,6,23,3,7,24.6,94.0,5.2,947.0,0.1,79.27777777777777,0.4583333333333333,62.0,93.0,97.0,28.9,16.2,10.6,89.0
2026-07-23 06:00:00,2026-07-26 06:00:00,72,6,23,3,7,24.6,94.0,5.2,947.0,0.1,79.27777777777777,0.4583333333333333,62.0,93.0,97.0,28.9,16.2,10.6,91.0
2026-07-23 07:00:00,2026-07-24 07:00:00,24,7,23,3,7,24.8,92.0,6.7,947.0,0.0,78.94444444444444,0.4583333333333333,63.0,94.0,96.0,20.0,15.0,22.2,95.0
2026-07-23 07:00:00,2026-07-25 07:00:00,48,7,23,3,7,24.8,92.0,6.7,947.0,0.0,78.94444444444444,0.4583333333333333,63.0,94.0,96.0,20.0,15.0,22.2,88.0
2026-07-23 07:00:00,2026-07-26 07:00:00,72,7,23,3,7,24.8,92.0,6.7,947.0,0.0,78.94444444444444,0.4583333333333333,63.0,94.0,96.0,20.0,15.0,22.2,91.0
2026-07-23 08:00:00,2026-07-24 08:00:00,24,8,23,3,7,25.5,88.0,3.7,947.6,0.1,78.63888888888889,0.4583333333333333,63.0,93.0,96.0,16.7,15.1,27.4,95.0
2026-07-23 08:00:00,2026-07-25 08:00:00,48,8,23,3,7,25.5,88.0,3.7,947.6,0.1,78.63888888888889,0.4583333333333333,63.0,93.0,96.0,16.7,15.1,27.4,87.0
2026-07-23 08:00:00,2026-07-26 08:00:00,72,8,23,3,7,25.5,88.0,3.7,947.6,0.1,78.63888888888889,0.4583333333333333,63.0,93.0,96.0,16.7,15.1,27.4,90.0
2026-07-23 09:00:00,2026-07-24 09:00:00,24,9,23,3,7,26.9,78.0,5.2,947.9,0.1,78.34722222222223,0.5,63.0,92.0,96.0,12.9,12.4,30.5,95.0
2026-07-23 09:00:00,2026-07-25 09:00:00,48,9,23,3,7,26.9,78.0,5.2,947.9,0.1,78.34722222222223,0.5,63.0,92.0,96.0,12.9,12.4,30.5,86.0
2026-07-23 09:00:00,2026-07-26 09:00:00,72,9,23,3,7,26.9,78.0,5.2,947.9,0.1,78.34722222222223,0.5,63.0,92.0,96.0,12.9,12.4,30.5,90.0
2026-07-23 10:00:00,2026-07-24 10:00:00,24,10,23,3,7,28.2,71.0,10.5,948.0,0.0,78.06944444444444,0.5416666666666666,63.0,91.0,97.0,8.7,9.3,32.8,95.0
2026-07-23 10:00:00,2026-07-25 10:00:00,48,10,23,3,7,28.2,71.0,10.5,948.0,0.0,78.06944444444444,0.5416666666666666,63.0,91.0,97.0,8.7,9.3,32.8,86.0
2026-07-23 10:00:00,2026-07-26 10:00:00,72,10,23,3,7,28.2,71.0,10.5,948.0,0.0,78.06944444444444,0.5416666666666666,63.0,91.0,97.0,8.7,9.3,32.8,89.0
2026-07-23 11:00:00,2026-07-24 11:00:00,24,11,23,3,7,29.2,63.0,14.9,948.6,0.0,77.79166666666667,0.5833333333333334,63.0,89.0,97.0,7.0,8.9,33.9,95.0
2026-07-23 11:00:00,2026-07-25 11:00:00,48,11,23,3,7,29.2,63.0,14.9,948.6,0.0,77.79166666666667,0.5833333333333334,63.0,89.0,97.0,7.0,8.9,33.9,86.0
2026-07-23 11:00:00,2026-07-26 11:00:00,72,11,23,3,7,29.2,63.0,14.9,948.6,0.0,77.79166666666667,0.5833333333333334,63.0,89.0,97.0,7.0,8.9,33.9,89.0
2026-07-23 12:00:00,2026-07-24 12:00:00,24,12,23,3,7,30.0,62.0,11.1,948.1,0.0,77.51388888888889,0.5833333333333334,63.0,87.0,96.0,7.3,7.7,34.9,95.0
2026-07-23 12:00:00,2026-07-25 12:00:00,48,12,23,3,7,30.0,62.0,11.1,948.1,0.0,77.51388888888889,0.5833333333333334,63.0,87.0,96.0,7.3,7.7,34.9,87.0
2026-07-23 12:00:00,2026-07-26 12:00:00,72,12,23,3,7,30.0,62.0,11.1,948.1,0.0,77.51388888888889,0.5833333333333334,63.0,87.0,96.0,7.3,7.7,34.9,89.0
2026-07-23 13:00:00,2026-07-24 13:00:00,24,13,23,3,7,30.5,60.0,12.6,947.5,0.2,77.26388888888889,0.625,63.0,85.0,96.0,7.9,9.2,34.1,95.0
2026-07-23 13:00:00,2026-07-25 13:00:00,48,13,23,3,7,30.5,60.0,12.6,947.5,0.2,77.26388888888889,0.625,63.0,85.0,96.0,7.9,9.2,34.1,88.0
2026-07-23 13:00:00,2026-07-26 13:00:00,72,13,23,3,7,30.5,60.0,12.6,947.5,0.2,77.26388888888889,0.625,63.0,85.0,96.0,7.9,9.2,34.1,89.0
2026-07-23 14:00:00,2026-07-24 14:00:00,24,14,23,3,7,29.5,63.0,16.8,947.2,0.4,77.02777777777777,0.6666666666666666,63.0,83.0,95.0,8.1,11.5,34.9,95.0
2026-07-23 14:00:00,2026-07-25 14:00:00,48,14,23,3,7,29.5,63.0,16.8,947.2,0.4,77.02777777777777,0.6666666666666666,63.0,83.0,95.0,8.1,11.5,34.9,89.0
2026-07-23 14:00:00,2026-07-26 14:00:00,72,14,23,3,7,29.5,63.0,16.8,947.2,0.4,77.02777777777777,0.6666666666666666,63.0,83.0,95.0,8.1,11.5,34.9,89.0
2026-07-23 15:00:00,2026-07-24 15:00:00,24,15,23,3,7,30.0,62.0,14.7,947.0,0.1,76.80555555555556,0.6666666666666666,63.0,81.0,94.0,7.5,14.7,36.0,95.0
2026-07-23 15:00:00,2026-07-25 15:00:00,48,15,23,3,7,30.0,62.0,14.7,947.0,0.1,76.80555555555556,0.6666666666666666,63.0,81.0,94.0,7.5,14.7,36.0,90.0
2026-07-23 15:00:00,2026-07-26 15:00:00,72,15,23,3,7,30.0,62.0,14.7,947.0,0.1,76.80555555555556,0.6666666666666666,63.0,81.0,94.0,7.5,14.7,36.0,89.0
2026-07-23 16:00:00,2026-07-24 16:00:00,24,16,23,3,7,29.7,62.0,12.5,946.4,0.0,76.59722222222223,0.6666666666666666,62.0,79.0,100.0,9.6,12.5,36.6,95.0
2026-07-23 16:00:00,2026-07-25 16:00:00,48,16,23,3,7,29.7,62.0,12.5,946.4,0.0,76.59722222222223,0.6666666666666666,62.0,79.0,100.0,9.6,12.5,36.6,90.0
2026-07-23 16:00:00,2026-07-26 16:00:00,72,16,23,3,7,29.7,62.0,12.5,946.4,0.0,76.59722222222223,0.6666666666666666,62.0,79.0,100.0,9.6,12.5,36.6,89.0
2026-07-23 17:00:00,2026-07-24 17:00:00,24,17,23,3,7,29.6,64.0,13.6,946.3,0.0,76.30555555555556,0.7083333333333334,62.0,78.0,106.0,20.4,15.7,38.9,96.0
2026-07-23 17:00:00,2026-07-25 17:00:00,48,17,23,3,7,29.6,64.0,13.6,946.3,0.0,76.30555555555556,0.7083333333333334,62.0,78.0,106.0,20.4,15.7,38.9,91.0
2026-07-23 17:00:00,2026-07-26 17:00:00,72,17,23,3,7,29.6,64.0,13.6,946.3,0.0,76.30555555555556,0.7083333333333334,62.0,78.0,106.0,20.4,15.7,38.9,99.0
2026-07-23 18:00:00,2026-07-24 18:00:00,24,18,23,3,7,28.6,70.0,9.2,946.2,0.0,75.93055555555556,0.7083333333333334,62.0,76.0,112.0,20.1,14.1,41.4,95.0
2026-07-23 18:00:00,2026-07-25 18:00:00,48,18,23,3,7,28.6,70.0,9.2,946.2,0.0,75.93055555555556,0.7083333333333334,62.0,76.0,112.0,20.1,14.1,41.4,92.0
2026-07-23 18:00:00,2026-07-26 18:00:00,72,18,23,3,7,28.6,70.0,9.2,946.2,0.0,75.93055555555556,0.7083333333333334,62.0,76.0,112.0,20.1,14.1,41.4,112.0
2026-07-23 19:00:00,2026-07-24 19:00:00,24,19,23,3,7,27.5,76.0,5.9,946.0,0.0,75.48611111111111,0.75,63.0,74.0,108.0,22.4,15.0,43.4,94.0
2026-07-23 19:00:00,2026-07-25 19:00:00,48,19,23,3,7,27.5,76.0,5.9,946.0,0.0,75.48611111111111,0.75,63.0,74.0,108.0,22.4,15.0,43.4,93.0
2026-07-23 19:00:00,2026-07-26 19:00:00,72,19,23,3,7,27.5,76.0,5.9,946.0,0.0,75.48611111111111,0.75,63.0,74.0,108.0,22.4,15.0,43.4,112.0
2026-07-23 20:00:00,2026-07-24 20:00:00,24,20,23,3,7,26.5,82.0,3.1,946.8,0.0,75.09722222222223,0.7083333333333334,63.0,71.0,93.0,26.1,15.4,45.8,94.0
2026-07-23 20:00:00,2026-07-25 20:00:00,48,20,23,3,7,26.5,82.0,3.1,946.8,0.0,75.09722222222223,0.7083333333333334,63.0,71.0,93.0,26.1,15.4,45.8,94.0
2026-07-23 20:00:00,2026-07-26 20:00:00,72,20,23,3,7,26.5,82.0,3.1,946.8,0.0,75.09722222222223,0.7083333333333334,63.0,71.0,93.0,26.1,15.4,45.8,98.0
2026-07-23 21:00:00,2026-07-24 21:00:00,24,21,23,3,7,26.2,83.0,0.6,947.2,0.0,74.93055555555556,0.75,64.0,69.0,92.0,30.3,17.1,38.8,94.0
2026-07-23 21:00:00,2026-07-25 21:00:00,48,21,23,3,7,26.2,83.0,0.6,947.2,0.0,74.93055555555556,0.75,64.0,69.0,92.0,30.3,17.1,38.8,94.0
2026-07-23 21:00:00,2026-07-26 21:00:00,72,21,23,3,7,26.2,83.0,0.6,947.2,0.0,74.93055555555556,0.75,64.0,69.0,92.0,30.3,17.1,38.8,87.0
2026-07-23 22:00:00,2026-07-24 22:00:00,24,22,23,3,7,25.7,85.0,0.2,947.4,0.0,74.79166666666667,0.75,65.0,67.0,92.0,32.9,20.3,38.6,95.0
2026-07-23 22:00:00,2026-07-25 22:00:00,48,22,23,3,7,25.7,85.0,0.2,947.4,0.0,74.79166666666667,0.75,65.0,67.0,92.0,32.9,20.3,38.6,95.0
2026-07-23 22:00:00,2026-07-26 22:00:00,72,22,23,3,7,25.7,85.0,0.2,947.4,0.0,74.79166666666667,0.75,65.0,67.0,92.0,32.9,20.3,38.6,85.0
2026-07-23 23:00:00,2026-07-24 23:00:00,24,23,23,3,7,26.1,85.0,5.3,947.4,0.0,74.66666666666667,0.75,66.0,66.0,92.0,32.1,20.4,36.2,95.0
2026-07-23 23:00:00,2026-07-25 23:00:00,48,23,23,3,7,26.1,85.0,5.3,947.4,0.0,74.66666666666667,0.75,66.0,66.0,92.0,32.1,20.4,36.2,95.0
2026-07-23 23:00:00,2026-07-26 23:00:00,72,23,23,3,7,26.1,85.0,5.3,947.4,0.0,74.66666666666667,0.75,66.0,66.0,92.0,32.1,20.4,36.2,85.0
2026-07-24 00:00:00,2026-07-25 00:00:00,24,0,24,4,7,25.4,88.0,2.7,947.2,0.0,74.56944444444444,0.7916666666666666,67.0,65.0,91.0,31.2,18.8,31.8,94.0
2026-07-24 00:00:00,2026-07-26 00:00:00,48,0,24,4,7,25.4,88.0,2.7,947.2,0.0,74.56944444444444,0.7916666666666666,67.0,65.0,91.0,31.2,18.8,31.8,95.0
2026-07-24 00:00:00,2026-07-27 00:00:00,72,0,24,4,7,25.4,88.0,2.7,947.2,0.0,74.56944444444444,0.7916666666666666,67.0,65.0,91.0,31.2,18.8,31.8,86.0
2026-07-24 01:00:00,2026-07-25 01:00:00,24,1,24,4,7,25.0,90.0,6.4,946.9,0.0,74.52777777777777,0.875,68.0,64.0,92.0,28.8,15.8,29.6,93.0
2026-07-24 01:00:00,2026-07-26 01:00:00,48,1,24,4,7,25.0,90.0,6.4,946.9,0.0,74.52777777777777,0.875,68.0,64.0,92.0,28.8,15.8,29.6,94.0
2026-07-24 01:00:00,2026-07-27 01:00:00,72,1,24,4,7,25.0,90.0,6.4,946.9,0.0,74.52777777777777,0.875,68.0,64.0,92.0,28.8,15.8,29.6,88.0
2026-07-24 02:00:00,2026-07-25 02:00:00,24,2,24,4,7,24.9,90.0,4.0,946.9,0.0,74.5,0.9166666666666666,69.0,63.0,93.0,27.5,15.1,29.0,92.0
2026-07-24 02:00:00,2026-07-26 02:00:00,48,2,24,4,7,24.9,90.0,4.0,946.9,0.0,74.5,0.9166666666666666,69.0,63.0,93.0,27.5,15.1,29.0,94.0
2026-07-24 02:00:00,2026-07-27 02:00:00,72,2,24,4,7,24.9,90.0,4.0,946.9,0.0,74.5,0.9166666666666666,69.0,63.0,93.0,27.5,15.1,29.0,90.0
2026-07-24 03:00:00,2026-07-25 03:00:00,24,3,24,4,7,24.8,91.0,1.3,946.7,0.0,74.48611111111111,0.9583333333333334,70.0,61.0,93.0,29.6,17.5,25.9,92.0
2026-07-24 03:00:00,2026-07-26 03:00:00,48,3,24,4,7,24.8,91.0,1.3,946.7,0.0,74.48611111111111,0.9583333333333334,70.0,61.0,93.0,29.6,17.5,25.9,93.0
2026-07-24 03:00:00,2026-07-27 03:00:00,72,3,24,4,7,24.8,91.0,1.3,946.7,0.0,74.48611111111111,0.9583333333333334,70.0,61.0,93.0,29.6,17.5,25.9,92.0
2026-07-24 04:00:00,2026-07-25 04:00:00,24,4,24,4,7,24.6,92.0,2.0,946.7,0.0,74.5,1.0,71.0,61.0,94.0,29.2,18.6,17.9,91.0
2026-07-24 04:00:00,2026-07-26 04:00:00,48,4,24,4,7,24.6,92.0,2.0,946.7,0.0,74.5,1.0,71.0,61.0,94.0,29.2,18.6,17.9,92.0
2026-07-24 04:00:00,2026-07-27 04:00:00,72,4,24,4,7,24.6,92.0,2.0,946.7,0.0,74.5,1.0,71.0,61.0,94.0,29.2,18.6,17.9,94.0
2026-07-24 05:00:00,2026-07-25 05:00:00,24,5,24,4,7,25.0,90.0,5.7,946.9,0.0,74.5,0.9583333333333334,72.0,61.0,94.0,39.0,26.5,17.1,91.0
2026-07-24 05:00:00,2026-07-26 05:00:00,48,5,24,4,7,25.0,90.0,5.7,946.9,0.0,74.5,0.9583333333333334,72.0,61.0,94.0,39.0,26.5,17.1,92.0
2026-07-24 05:00:00,2026-07-27 05:00:00,72,5,24,4,7,25.0,90.0,5.7,946.9,0.0,74.5,0.9583333333333334,72.0,61.0,94.0,39.0,26.5,17.1,95.0
2026-07-24 06:00:00,2026-07-25 06:00:00,24,6,24,4,7,25.0,90.0,5.1,946.9,0.0,74.51388888888889,0.9583333333333334,73.0,62.0,93.0,43.4,28.9,16.2,89.0
2026-07-24 06:00:00,2026-07-26 06:00:00,48,6,24,4,7,25.0,90.0,5.1,946.9,0.0,74.51388888888889,0.9583333333333334,73.0,62.0,93.0,43.4,28.9,16.2,91.0
2026-07-24 06:00:00,2026-07-27 06:00:00,72,6,24,4,7,25.0,90.0,5.1,946.9,0.0,74.51388888888889,0.9583333333333334,73.0,62.0,93.0,43.4,28.9,16.2,97.0
2026-07-24 07:00:00,2026-07-25 07:00:00,24,7,24,4,7,26.1,86.0,7.2,947.6,0.0,74.54166666666667,0.9166666666666666,74.0,63.0,94.0,39.1,20.0,15.0,88.0
2026-07-24 07:00:00,2026-07-26 07:00:00,48,7,24,4,7,26.1,86.0,7.2,947.6,0.0,74.54166666666667,0.9166666666666666,74.0,63.0,94.0,39.1,20.0,15.0,91.0
2026-07-24 07:00:00,2026-07-27 07:00:00,72,7,24,4,7,26.1,86.0,7.2,947.6,0.0,74.54166666666667,0.9166666666666666,74.0,63.0,94.0,39.1,20.0,15.0,101.0
2026-07-24 08:00:00,2026-07-25 08:00:00,24,8,24,4,7,27.0,76.0,11.6,948.5,0.0,74.55555555555556,0.875,75.0,63.0,93.0,24.9,16.7,15.1,87.0
2026-07-24 08:00:00,2026-07-26 08:00:00,48,8,24,4,7,27.0,76.0,11.6,948.5,0.0,74.55555555555556,0.875,75.0,63.0,93.0,24.9,16.7,15.1,90.0
2026-07-24 08:00:00,2026-07-27 08:00:00,72,8,24,4,7,27.0,76.0,11.6,948.5,0.0,74.55555555555556,0.875,75.0,63.0,93.0,24.9,16.7,15.1,104.0
2026-07-24 09:00:00,2026-07-25 09:00:00,24,9,24,4,7,27.7,74.0,8.8,948.6,0.0,74.58333333333333,0.8333333333333334,76.0,63.0,92.0,20.5,12.9,12.4,86.0
2026-07-24 09:00:00,2026-07-26 09:00:00,48,9,24,4,7,27.7,74.0,8.8,948.6,0.0,74.58333333333333,0.8333333333333334,76.0,63.0,92.0,20.5,12.9,12.4,90.0
2026-07-24 09:00:00,2026-07-27 09:00:00,72,9,24,4,7,27.7,74.0,8.8,948.6,0.0,74.58333333333333,0.8333333333333334,76.0,63.0,92.0,20.5,12.9,12.4,107.0
2026-07-24 10:00:00,2026-07-25 10:00:00,24,10,24,4,7,28.7,69.0,10.4,948.7,0.0,74.625,0.7916666666666666,77.0,63.0,91.0,19.2,8.7,9.3,86.0
2026-07-24 10:00:00,2026-07-26 10:00:00,48,10,24,4,7,28.7,69.0,10.4,948.7,0.0,74.625,0.7916666666666666,77.0,63.0,91.0,19.2,8.7,9.3,89.0
2026-07-24 10:00:00,2026-07-27 10:00:00,72,10,24,4,7,28.7,69.0,10.4,948.7,0.0,74.625,0.7916666666666666,77.0,63.0,91.0,19.2,8.7,9.3,108.0
2026-07-24 11:00:00,2026-07-25 11:00:00,24,11,24,4,7,28.1,70.0,12.6,949.3,0.0,74.68055555555556,0.75,77.0,63.0,89.0,17.8,7.0,8.9,86.0
2026-07-24 11:00:00,2026-07-26 11:00:00,48,11,24,4,7,28.1,70.0,12.6,949.3,0.0,74.68055555555556,0.75,77.0,63.0,89.0,17.8,7.0,8.9,89.0
2026-07-24 11:00:00,2026-07-27 11:00:00,72,11,24,4,7,28.1,70.0,12.6,949.3,0.0,74.68055555555556,0.75,77.0,63.0,89.0,17.8,7.0,8.9,108.0
2026-07-24 12:00:00,2026-07-25 12:00:00,24,12,24,4,7,29.3,66.0,7.3,948.6,0.4,74.76388888888889,0.75,78.0,63.0,87.0,15.1,7.3,7.7,87.0
2026-07-24 12:00:00,2026-07-26 12:00:00,48,12,24,4,7,29.3,66.0,7.3,948.6,0.4,74.76388888888889,0.75,78.0,63.0,87.0,15.1,7.3,7.7,89.0
2026-07-24 12:00:00,2026-07-27 12:00:00,72,12,24,4,7,29.3,66.0,7.3,948.6,0.4,74.76388888888889,0.75,78.0,63.0,87.0,15.1,7.3,7.7,108.0
2026-07-24 13:00:00,2026-07-25 13:00:00,24,13,24,4,7,30.6,60.0,7.8,948.1,0.1,74.875,0.7083333333333334,79.0,63.0,85.0,12.0,7.9,9.2,88.0
2026-07-24 13:00:00,2026-07-26 13:00:00,48,13,24,4,7,30.6,60.0,7.8,948.1,0.1,74.875,0.7083333333333334,79.0,63.0,85.0,12.0,7.9,9.2,89.0
2026-07-24 13:00:00,2026-07-27 13:00:00,72,13,24,4,7,30.6,60.0,7.8,948.1,0.1,74.875,0.7083333333333334,79.0,63.0,85.0,12.0,7.9,9.2,108.0
2026-07-24 14:00:00,2026-07-25 14:00:00,24,14,24,4,7,31.0,59.0,6.0,947.1,0.0,75.01388888888889,0.6666666666666666,79.0,63.0,83.0,9.8,8.1,11.5,89.0
2026-07-24 14:00:00,2026-07-26 14:00:00,48,14,24,4,7,31.0,59.0,6.0,947.1,0.0,75.01388888888889,0.6666666666666666,79.0,63.0,83.0,9.8,8.1,11.5,89.0
2026-07-24 14:00:00,2026-07-27 14:00:00,72,14,24,4,7,31.0,59.0,6.0,947.1,0.0,75.01388888888889,0.6666666666666666,79.0,63.0,83.0,9.8,8.1,11.5,108.0
2026-07-24 15:00:00,2026-07-25 15:00:00,24,15,24,4,7,31.0,60.0,3.9,946.1,0.0,75.18055555555556,0.6666666666666666,79.0,63.0,81.0,7.6,7.5,14.7,90.0
2026-07-24 15:00:00,2026-07-26 15:00:00,48,15,24,4,7,31.0,60.0,3.9,946.1,0.0,75.18055555555556,0.6666666666666666,79.0,63.0,81.0,7.6,7.5,14.7,89.0
2026-07-24 15:00:00,2026-07-27 15:00:00,72,15,24,4,7,31.0,60.0,3.9,946.1,0.0,75.18055555555556,0.6666666666666666,79.0,63.0,81.0,7.6,7.5,14.7,108.0
2026-07-24 16:00:00,2026-07-25 16:00:00,24,16,24,4,7,31.1,60.0,1.6,945.3,0.0,75.375,0.6666666666666666,79.0,62.0,79.0,7.2,9.6,12.5,90.0
2026-07-24 16:00:00,2026-07-26 16:00:00,48,16,24,4,7,31.1,60.0,1.6,945.3,0.0,75.375,0.6666666666666666,79.0,62.0,79.0,7.2,9.6,12.5,89.0
2026-07-24 16:00:00,2026-07-27 16:00:00,72,16,24,4,7,31.1,60.0,1.6,945.3,0.0,75.375,0.6666666666666666,79.0,62.0,79.0,7.2,9.6,12.5,121.0
2026-07-24 17:00:00,2026-07-25 17:00:00,24,17,24,4,7,31.1,60.0,4.2,945.1,0.0,75.59722222222223,0.6666666666666666,79.0,62.0,78.0,26.3,20.4,15.7,91.0
2026-07-24 17:00:00,2026-07-26 17:00:00,48,17,24,4,7,31.1,60.0,4.2,945.1,0.0,75.59722222222223,0.6666666666666666,79.0,62.0,78.0,26.3,20.4,15.7,99.0
2026-07-24 17:00:00,2026-07-27 17:00:00,72,17,24,4,7,31.1,60.0,4.2,945.1,0.0,75.59722222222223,0.6666666666666666,79.0,62.0,78.0,26.3,20.4,15.7,142.0
2026-07-24 18:00:00,2026-07-25 18:00:00,24,18,24,4,7,30.6,63.0,2.3,945.0,0.0,75.84722222222223,0.7083333333333334,80.0,62.0,76.0,29.6,20.1,14.1,92.0
2026-07-24 18:00:00,2026-07-26 18:00:00,48,18,24,4,7,30.6,63.0,2.3,945.0,0.0,75.84722222222223,0.7083333333333334,80.0,62.0,76.0,29.6,20.1,14.1,112.0
2026-07-24 18:00:00,2026-07-27 18:00:00,72,18,24,4,7,30.6,63.0,2.3,945.0,0.0,75.84722222222223,0.7083333333333334,80.0,62.0,76.0,29.6,20.1,14.1,150.0
2026-07-24 19:00:00,2026-07-25 19:00:00,24,19,24,4,7,29.5,74.0,1.3,944.8,0.0,76.11111111111111,0.625,80.0,63.0,74.0,32.6,22.4,15.0,93.0
2026-07-24 19:00:00,2026-07-26 19:00:00,48,19,24,4,7,29.5,74.0,1.3,944.8,0.0,76.11111111111111,0.625,80.0,63.0,74.0,32.6,22.4,15.0,112.0
2026-07-24 19:00:00,2026-07-27 19:00:00,72,19,24,4,7,29.5,74.0,1.3,944.8,0.0,76.11111111111111,0.625,80.0,63.0,74.0,32.6,22.4,15.0,143.0
2026-07-24 20:00:00,2026-07-25 20:00:00,24,20,24,4,7,28.4,79.0,2.5,945.2,0.0,76.38888888888889,0.5833333333333334,81.0,63.0,71.0,38.6,26.1,15.4,94.0
2026-07-24 20:00:00,2026-07-26 20:00:00,48,20,24,4,7,28.4,79.0,2.5,945.2,0.0,76.38888888888889,0.5833333333333334,81.0,63.0,71.0,38.6,26.1,15.4,98.0
2026-07-24 20:00:00,2026-07-27 20:00:00,72,20,24,4,7,28.4,79.0,2.5,945.2,0.0,76.38888888888889,0.5833333333333334,81.0,63.0,71.0,38.6,26.1,15.4,118.0
2026-07-24 21:00:00,2026-07-25 21:00:00,24,21,24,4,7,27.8,83.0,1.5,946.2,0.0,76.70833333333333,0.5416666666666666,82.0,64.0,69.0,46.8,30.3,17.1,94.0
2026-07-24 21:00:00,2026-07-26 21:00:00,48,21,24,4,7,27.8,83.0,1.5,946.2,0.0,76.70833333333333,0.5416666666666666,82.0,64.0,69.0,46.8,30.3,17.1,87.0
2026-07-24 21:00:00,2026-07-27 21:00:00,72,21,24,4,7,27.8,83.0,1.5,946.2,0.0,76.70833333333333,0.5416666666666666,82.0,64.0,69.0,46.8,30.3,17.1,106.0
2026-07-24 22:00:00,2026-07-25 22:00:00,24,22,24,4,7,27.3,84.0,1.3,946.7,0.0,77.05555555555556,0.5,83.0,65.0,67.0,56.7,32.9,20.3,95.0
2026-07-24 22:00:00,2026-07-26 22:00:00,48,22,24,4,7,27.3,84.0,1.3,946.7,0.0,77.05555555555556,0.5,83.0,65.0,67.0,56.7,32.9,20.3,85.0
2026-07-24 22:00:00,2026-07-27 22:00:00,72,22,24,4,7,27.3,84.0,1.3,946.7,0.0,77.05555555555556,0.5,83.0,65.0,67.0,56.7,32.9,20.3,105.0
2026-07-24 23:00:00,2026-07-25 23:00:00,24,23,24,4,7,27.8,83.0,4.6,946.6,0.0,77.44444444444444,0.5,85.0,66.0,66.0,64.3,32.1,20.4,95.0
2026-07-24 23:00:00,2026-07-26 23:00:00,48,23,24,4,7,27.8,83.0,4.6,946.6,0.0,77.44444444444444,0.5,85.0,66.0,66.0,64.3,32.1,20.4,85.0
2026-07-24 23:00:00,2026-07-27 23:00:00,72,23,24,4,7,27.8,83.0,4.6,946.6,0.0,77.44444444444444,0.5,85.0,66.0,66.0,64.3,32.1,20.4,103.0
2026-07-25 00:00:00,2026-07-26 00:00:00,24,0,25,5,7,27.1,84.0,5.7,946.9,0.0,77.84722222222223,0.4166666666666667,88.0,67.0,65.0,62.9,31.2,18.8,95.0
2026-07-25 00:00:00,2026-07-27 00:00:00,48,0,25,5,7,27.1,84.0,5.7,946.9,0.0,77.84722222222223,0.4166666666666667,88.0,67.0,65.0,62.9,31.2,18.8,86.0
2026-07-25 00:00:00,2026-07-28 00:00:00,72,0,25,5,7,27.1,84.0,5.7,946.9,0.0,77.84722222222223,0.4166666666666667,88.0,67.0,65.0,62.9,31.2,18.8,102.0
2026-07-25 01:00:00,2026-07-26 01:00:00,24,1,25,5,7,26.9,83.0,6.7,947.0,0.0,78.25,0.25,90.0,68.0,64.0,51.8,28.8,15.8,94.0
2026-07-25 01:00:00,2026-07-27 01:00:00,48,1,25,5,7,26.9,83.0,6.7,947.0,0.0,78.25,0.25,90.0,68.0,64.0,51.8,28.8,15.8,88.0
2026-07-25 01:00:00,2026-07-28 01:00:00,72,1,25,5,7,26.9,83.0,6.7,947.0,0.0,78.25,0.25,90.0,68.0,64.0,51.8,28.8,15.8,100.0
2026-07-25 02:00:00,2026-07-26 02:00:00,24,2,25,5,7,26.4,84.0,8.6,947.1,0.0,78.65277777777777,0.125,92.0,69.0,63.0,47.0,27.5,15.1,94.0
2026-07-25 02:00:00,2026-07-27 02:00:00,48,2,25,5,7,26.4,84.0,8.6,947.1,0.0,78.65277777777777,0.125,92.0,69.0,63.0,47.0,27.5,15.1,90.0
2026-07-25 02:00:00,2026-07-28 02:00:00,72,2,25,5,7,26.4,84.0,8.6,947.1,0.0,78.65277777777777,0.125,92.0,69.0,63.0,47.0,27.5,15.1,98.0
2026-07-25 03:00:00,2026-07-26 03:00:00,24,3,25,5,7,26.0,86.0,5.4,946.8,0.0,79.05555555555556,0.0,94.0,70.0,61.0,40.4,29.6,17.5,93.0
2026-07-25 03:00:00,2026-07-27 03:00:00,48,3,25,5,7,26.0,86.0,5.4,946.8,0.0,79.05555555555556,0.0,94.0,70.0,61.0,40.4,29.6,17.5,92.0
2026-07-25 03:00:00,2026-07-28 03:00:00,72,3,25,5,7,26.0,86.0,5.4,946.8,0.0,79.05555555555556,0.0,94.0,70.0,61.0,40.4,29.6,17.5,97.0
2026-07-25 04:00:00,2026-07-26 04:00:00,24,4,25,5,7,26.0,86.0,1.4,947.3,0.0,79.48611111111111,-0.08333333333333333,94.0,71.0,61.0,35.3,29.2,18.6,92.0
2026-07-25 04:00:00,2026-07-27 04:00:00,48,4,25,5,7,26.0,86.0,1.4,947.3,0.0,79.48611111111111,-0.08333333333333333,94.0,71.0,61.0,35.3,29.2,18.6,94.0
2026-07-25 04:00:00,2026-07-28 04:00:00,72,4,25,5,7,26.0,86.0,1.4,947.3,0.0,79.48611111111111,-0.08333333333333333,94.0,71.0,61.0,35.3,29.2,18.6,96.0
2026-07-25 05:00:00,2026-07-26 05:00:00,24,5,25,5,7,26.4,79.0,7.5,946.8,0.0,79.90277777777777,-0.125,95.0,72.0,61.0,44.9,39.0,26.5,92.0
2026-07-25 05:00:00,2026-07-27 05:00:00,48,5,25,5,7,26.4,79.0,7.5,946.8,0.0,79.90277777777777,-0.125,95.0,72.0,61.0,44.9,39.0,26.5,95.0
2026-07-25 05:00:00,2026-07-28 05:00:00,72,5,25,5,7,26.4,79.0,7.5,946.8,0.0,79.90277777777777,-0.125,95.0,72.0,61.0,44.9,39.0,26.5,95.0
2026-07-25 06:00:00,2026-07-26 06:00:00,24,6,25,5,7,26.4,78.0,1.9,947.0,0.0,80.31944444444444,-0.16666666666666666,95.0,73.0,62.0,40.5,43.4,28.9,91.0
2026-07-25 06:00:00,2026-07-27 06:00:00,48,6,25,5,7,26.4,78.0,1.9,947.0,0.0,80.31944444444444,-0.16666666666666666,95.0,73.0,62.0,40.5,43.4,28.9,97.0
2026-07-25 06:00:00,2026-07-28 06:00:00,72,6,25,5,7,26.4,78.0,1.9,947.0,0.0,80.31944444444444,-0.16666666666666666,95.0,73.0,62.0,40.5,43.4,28.9,94.0
2026-07-25 07:00:00,2026-07-26 07:00:00,24,7,25,5,7,26.9,77.0,0.4,947.6,0.0,80.69444444444444,-0.25,95.0,74.0,63.0,35.6,39.1,20.0,91.0
2026-07-25 07:00:00,2026-07-27 07:00:00,48,7,25,5,7,26.9,77.0,0.4,947.6,0.0,80.69444444444444,-0.25,95.0,74.0,63.0,35.6,39.1,20.0,101.0
2026-07-25 07:00:00,2026-07-28 07:00:00,72,7,25,5,7,26.9,77.0,0.4,947.6,0.0,80.69444444444444,-0.25,95.0,74.0,63.0,35.6,39.1,20.0,92.0
2026-07-25 08:00:00,2026-07-26 08:00:00,24,8,25,5,7,27.4,76.0,2.2,948.4,0.0,81.04166666666667,-0.2916666666666667,95.0,75.0,63.0,26.8,24.9,16.7,90.0
2026-07-25 08:00:00,2026-07-27 08:00:00,48,8,25,5,7,27.4,76.0,2.2,948.4,0.0,81.04166666666667,-0.2916666666666667,95.0,75.0,63.0,26.8,24.9,16.7,104.0
2026-07-25 08:00:00,2026-07-28 08:00:00,72,8,25,5,7,27.4,76.0,2.2,948.4,0.0,81.04166666666667,-0.2916666666666667,95.0,75.0,63.0,26.8,24.9,16.7,91.0
2026-07-25 09:00:00,2026-07-26 09:00:00,24,9,25,5,7,27.5,77.0,3.9,949.1,0.1,81.375,-0.3333333333333333,95.0,76.0,63.0,23.2,20.5,12.9,90.0
2026-07-25 09:00:00,2026-07-27 09:00:00,48,9,25,5,7,27.5,77.0,3.9,949.1,0.1,81.375,-0.3333333333333333,95.0,76.0,63.0,23.2,20.5,12.9,107.0
2026-07-25 09:00:00,2026-07-28 09:00:00,72,9,25,5,7,27.5,77.0,3.9,949.1,0.1,81.375,-0.3333333333333333,95.0,76.0,63.0,23.2,20.5,12.9,90.0
2026-07-25 10:00:00,2026-07-26 10:00:00,24,10,25,5,7,27.6,81.0,8.0,949.6,0.3,81.69444444444444,-0.375,95.0,77.0,63.0,18.9,19.2,8.7,89.0
2026-07-25 10:00:00,2026-07-27 10:00:00,48,10,25,5,7,27.6,81.0,8.0,949.6,0.3,81.69444444444444,-0.375,95.0,77.0,63.0,18.9,19.2,8.7,108.0
2026-07-25 10:00:00,2026-07-28 10:00:00,72,10,25,5,7,27.6,81.0,8.0,949.6,0.3,81.69444444444444,-0.375,95.0,77.0,63.0,18.9,19.2,8.7,90.0
2026-07-25 11:00:00,2026-07-26 11:00:00,24,11,25,5,7,26.4,90.0,6.9,949.3,0.4,82.01388888888889,-0.375,95.0,77.0,63.0,16.1,17.8,7.0,89.0
2026-07-25 11:00:00,2026-07-27 11:00:00,48,11,25,5,7,26.4,90.0,6.9,949.3,0.4,82.01388888888889,-0.375,95.0,77.0,63.0,16.1,17.8,7.0,108.0
2026-07-25 11:00:00,2026-07-28 11:00:00,72,11,25,5,7,26.4,90.0,6.9,949.3,0.4,82.01388888888889,-0.375,95.0,77.0,63.0,16.1,17.8,7.0,91.0
2026-07-25 12:00:00,2026-07-26 12:00:00,24,12,25,5,7,25.8,94.0,9.2,949.3,2.2,82.33333333333333,-0.375,95.0,78.0,63.0,13.0,15.1,7.3,89.0
2026-07-25 12:00:00,2026-07-27 12:00:00,48,12,25,5,7,25.8,94.0,9.2,949.3,2.2,82.33333333333333,-0.375,95.0,78.0,63.0,13.0,15.1,7.3,108.0
2026-07-25 12:00:00,2026-07-28 12:00:00,72,12,25,5,7,25.8,94.0,9.2,949.3,2.2,82.33333333333333,-0.375,95.0,78.0,63.0,13.0,15.1,7.3,91.0
2026-07-25 13:00:00,2026-07-26 13:00:00,24,13,25,5,7,25.5,92.0,7.2,949.2,2.6,82.66666666666667,-0.3333333333333333,95.0,79.0,63.0,11.9,12.0,7.9,89.0
2026-07-25 13:00:00,2026-07-27 13:00:00,48,13,25,5,7,25.5,92.0,7.2,949.2,2.6,82.66666666666667,-0.3333333333333333,95.0,79.0,63.0,11.9,12.0,7.9,108.0
2026-07-25 13:00:00,2026-07-28 13:00:00,72,13,25,5,7,25.5,92.0,7.2,949.2,2.6,82.66666666666667,-0.3333333333333333,95.0,79.0,63.0,11.9,12.0,7.9,92.0
2026-07-25 14:00:00,2026-07-26 14:00:00,24,14,25,5,7,25.9,91.0,4.8,949.0,1.6,83.01388888888889,-0.2916666666666667,95.0,79.0,63.0,11.7,9.8,8.1,89.0
2026-07-25 14:00:00,2026-07-27 14:00:00,48,14,25,5,7,25.9,91.0,4.8,949.0,1.6,83.01388888888889,-0.2916666666666667,95.0,79.0,63.0,11.7,9.8,8.1,108.0
2026-07-25 14:00:00,2026-07-28 14:00:00,72,14,25,5,7,25.9,91.0,4.8,949.0,1.6,83.01388888888889,-0.2916666666666667,95.0,79.0,63.0,11.7,9.8,8.1,98.0
2026-07-25 15:00:00,2026-07-26 15:00:00,24,15,25,5,7,26.3,89.0,3.7,948.7,0.5,83.375,-0.25,95.0,79.0,63.0,12.4,7.6,7.5,89.0
2026-07-25 15:00:00,2026-07-27 15:00:00,48,15,25,5,7,26.3,89.0,3.7,948.7,0.5,83.375,-0.25,95.0,79.0,63.0,12.4,7.6,7.5,108.0
2026-07-25 15:00:00,2026-07-28 15:00:00,72,15,25,5,7,26.3,89.0,3.7,948.7,0.5,83.375,-0.25,95.0,79.0,63.0,12.4,7.6,7.5,123.0
2026-07-25 16:00:00,2026-07-26 16:00:00,24,16,25,5,7,26.7,86.0,5.5,948.1,0.1,83.75,-0.20833333333333334,95.0,79.0,62.0,13.4,7.2,9.6,89.0
2026-07-25 16:00:00,2026-07-27 16:00:00,48,16,25,5,7,26.7,86.0,5.5,948.1,0.1,83.75,-0.20833333333333334,95.0,79.0,62.0,13.4,7.2,9.6,121.0
2026-07-25 16:00:00,2026-07-28 16:00:00,72,16,25,5,7,26.7,86.0,5.5,948.1,0.1,83.75,-0.20833333333333334,95.0,79.0,62.0,13.4,7.2,9.6,144.0
2026-07-25 17:00:00,2026-07-26 17:00:00,24,17,25,5,7,28.1,73.0,10.7,947.7,0.0,84.13888888888889,-0.20833333333333334,96.0,79.0,62.0,11.9,26.3,20.4,99.0
2026-07-25 17:00:00,2026-07-27 17:00:00,48,17,25,5,7,28.1,73.0,10.7,947.7,0.0,84.13888888888889,-0.20833333333333334,96.0,79.0,62.0,11.9,26.3,20.4,142.0
2026-07-25 17:00:00,2026-07-28 17:00:00,72,17,25,5,7,28.1,73.0,10.7,947.7,0.0,84.13888888888889,-0.20833333333333334,96.0,79.0,62.0,11.9,26.3,20.4,157.0
2026-07-25 18:00:00,2026-07-26 18:00:00,24,18,25,5,7,27.8,75.0,6.6,947.7,0.0,84.54166666666667,-0.20833333333333334,95.0,80.0,62.0,13.7,29.6,20.1,112.0
2026-07-25 18:00:00,2026-07-27 18:00:00,48,18,25,5,7,27.8,75.0,6.6,947.7,0.0,84.54166666666667,-0.20833333333333334,95.0,80.0,62.0,13.7,29.6,20.1,150.0
2026-07-25 18:00:00,2026-07-28 18:00:00,72,18,25,5,7,27.8,75.0,6.6,947.7,0.0,84.54166666666667,-0.20833333333333334,95.0,80.0,62.0,13.7,29.6,20.1,162.0
2026-07-25 19:00:00,2026-07-26 19:00:00,24,19,25,5,7,27.1,78.0,3.6,947.9,0.0,84.95833333333333,-0.125,94.0,80.0,63.0,31.8,32.6,22.4,112.0
2026-07-25 19:00:00,2026-07-27 19:00:00,48,19,25,5,7,27.1,78.0,3.6,947.9,0.0,84.95833333333333,-0.125,94.0,80.0,63.0,31.8,32.6,22.4,143.0
2026-07-25 19:00:00,2026-07-28 19:00:00,72,19,25,5,7,27.1,78.0,3.6,947.9,0.0,84.95833333333333,-0.125,94.0,80.0,63.0,31.8,32.6,22.4,158.0
2026-07-25 20:00:00,2026-07-26 20:00:00,24,20,25,5,7,26.4,79.0,3.2,948.2,0.0,85.375,-0.041666666666666664,94.0,81.0,63.0,47.1,38.6,26.1,98.0
2026-07-25 20:00:00,2026-07-27 20:00:00,48,20,25,5,7,26.4,79.0,3.2,948.2,0.0,85.375,-0.041666666666666664,94.0,81.0,63.0,47.1,38.6,26.1,118.0
2026-07-25 20:00:00,2026-07-28 20:00:00,72,20,25,5,7,26.4,79.0,3.2,948.2,0.0,85.375,-0.041666666666666664,94.0,81.0,63.0,47.1,38.6,26.1,143.0
2026-07-25 21:00:00,2026-07-26 21:00:00,24,21,25,5,7,26.4,79.0,0.4,949.1,0.0,85.80555555555556,0.0,94.0,82.0,64.0,53.4,46.8,30.3,87.0
2026-07-25 21:00:00,2026-07-27 21:00:00,48,21,25,5,7,26.4,79.0,0.4,949.1,0.0,85.80555555555556,0.0,94.0,82.0,64.0,53.4,46.8,30.3,106.0
2026-07-25 21:00:00,2026-07-28 21:00:00,72,21,25,5,7,26.4,79.0,0.4,949.1,0.0,85.80555555555556,0.0,94.0,82.0,64.0,53.4,46.8,30.3,118.0
2026-07-25 22:00:00,2026-07-26 22:00:00,24,22,25,5,7,26.2,80.0,0.2,949.5,0.0,86.22222222222223,0.0,95.0,83.0,65.0,56.7,56.7,32.9,85.0
2026-07-25 22:00:00,2026-07-27 22:00:00,48,22,25,5,7,26.2,80.0,0.2,949.5,0.0,86.22222222222223,0.0,95.0,83.0,65.0,56.7,56.7,32.9,105.0
2026-07-25 22:00:00,2026-07-28 22:00:00,72,22,25,5,7,26.2,80.0,0.2,949.5,0.0,86.22222222222223,0.0,95.0,83.0,65.0,56.7,56.7,32.9,97.0
2026-07-25 23:00:00,2026-07-26 23:00:00,24,23,25,5,7,26.3,82.0,2.2,949.2,0.0,86.63888888888889,0.0,95.0,85.0,66.0,56.0,64.3,32.1,85.0
2026-07-25 23:00:00,2026-07-27 23:00:00,48,23,25,5,7,26.3,82.0,2.2,949.2,0.0,86.63888888888889,0.0,95.0,85.0,66.0,56.0,64.3,32.1,103.0
2026-07-25 23:00:00,2026-07-28 23:00:00,72,23,25,5,7,26.3,82.0,2.2,949.2,0.0,86.63888888888889,0.0,95.0,85.0,66.0,56.0,64.3,32.1,97.0
2026-07-26 00:00:00,2026-07-27 00:00:00,24,0,26,6,7,25.6,86.0,2.0,949.2,0.0,87.04166666666667,0.0,94.0,88.0,67.0,49.5,62.9,31.2,86.0
2026-07-26 00:00:00,2026-07-28 00:00:00,48,0,26,6,7,25.6,86.0,2.0,949.2,0.0,87.04166666666667,0.0,94.0,88.0,67.0,49.5,62.9,31.2,102.0
2026-07-26 00:00:00,2026-07-29 00:00:00,72,0,26,6,7,25.6,86.0,2.0,949.2,0.0,87.04166666666667,0.0,94.0,88.0,67.0,49.5,62.9,31.2,97.0
2026-07-26 01:00:00,2026-07-27 01:00:00,24,1,26,6,7,25.5,88.0,1.3,948.9,0.0,87.43055555555556,0.041666666666666664,93.0,90.0,68.0,44.0,51.8,28.8,88.0
2026-07-26 01:00:00,2026-07-28 01:00:00,48,1,26,6,7,25.5,88.0,1.3,948.9,0.0,87.43055555555556,0.041666666666666664,93.0,90.0,68.0,44.0,51.8,28.8,100.0
2026-07-26 01:00:00,2026-07-29 01:00:00,72,1,26,6,7,25.5,88.0,1.3,948.9,0.0,87.43055555555556,0.041666666666666664,93.0,90.0,68.0,44.0,51.8,28.8,97.0
2026-07-26 02:00:00,2026-07-27 02:00:00,24,2,26,6,7,25.1,91.0,2.6,948.6,0.0,87.79166666666667,0.041666666666666664,92.0,92.0,69.0,38.4,47.0,27.5,90.0
2026-07-26 02:00:00,2026-07-28 02:00:00,48,2,26,6,7,25.1,91.0,2.6,948.6,0.0,87.79166666666667,0.041666666666666664,92.0,92.0,69.0,38.4,47.0,27.5,98.0
2026-07-26 02:00:00,2026-07-29 02:00:00,72,2,26,6,7,25.1,91.0,2.6,948.6,0.0,87.79166666666667,0.041666666666666664,92.0,92.0,69.0,38.4,47.0,27.5,97.0
2026-07-26 03:00:00,2026-07-27 03:00:00,24,3,26,6,7,25.1,91.0,0.4,948.9,0.0,88.13888888888889,0.08333333333333333,92.0,94.0,70.0,35.2,40.4,29.6,92.0
2026-07-26 03:00:00,2026-07-28 03:00:00,48,3,26,6,7,25.1,91.0,0.4,948.9,0.0,88.13888888888889,0.08333333333333333,92.0,94.0,70.0,35.2,40.4,29.6,97.0
2026-07-26 03:00:00,2026-07-29 03:00:00,72,3,26,6,7,25.1,91.0,0.4,948.9,0.0,88.13888888888889,0.08333333333333333,92.0,94.0,70.0,35.2,40.4,29.6,98.0
2026-07-26 04:00:00,2026-07-27 04:00:00,24,4,26,6,7,25.1,91.0,1.3,948.9,0.0,88.45833333333333,0.041666666666666664,91.0,94.0,71.0,33.9,35.3,29.2,94.0
2026-07-26 04:00:00,2026-07-28 04:00:00,48,4,26,6,7,25.1,91.0,1.3,948.9,0.0,88.45833333333333,0.041666666666666664,91.0,94.0,71.0,33.9,35.3,29.2,96.0
2026-07-26 04:00:00,2026-07-29 04:00:00,72,4,26,6,7,25.1,91.0,1.3,948.9,0.0,88.45833333333333,0.041666666666666664,91.0,94.0,71.0,33.9,35.3,29.2,98.0
2026-07-26 05:00:00,2026-07-27 05:00:00,24,5,26,6,7,25.7,88.0,0.0,949.1,0.0,88.75,0.041666666666666664,91.0,95.0,72.0,22.4,44.9,39.0,95.0
2026-07-26 05:00:00,2026-07-28 05:00:00,48,5,26,6,7,25.7,88.0,0.0,949.1,0.0,88.75,0.041666666666666664,91.0,95.0,72.0,22.4,44.9,39.0,95.0
2026-07-26 05:00:00,2026-07-29 05:00:00,72,5,26,6,7,25.7,88.0,0.0,949.1,0.0,88.75,0.041666666666666664,91.0,95.0,72.0,22.4,44.9,39.0,98.0
2026-07-26 06:00:00,2026-07-27 06:00:00,24,6,26,6,7,25.4,91.0,2.3,949.3,0.3,89.02777777777777,0.041666666666666664,89.0,95.0,73.0,20.9,40.5,43.4,97.0
2026-07-26 06:00:00,2026-07-28 06:00:00,48,6,26,6,7,25.4,91.0,2.3,949.3,0.3,89.02777777777777,0.041666666666666664,89.0,95.0,73.0,20.9,40.5,43.4,94.0
2026-07-26 06:00:00,2026-07-29 06:00:00,72,6,26,6,7,25.4,91.0,2.3,949.3,0.3,89.02777777777777,0.041666666666666664,89.0,95.0,73.0,20.9,40.5,43.4,98.0
2026-07-26 07:00:00,2026-07-27 07:00:00,24,7,26,6,7,25.9,89.0,6.7,949.4,0.0,89.27777777777777,0.08333333333333333,88.0,95.0,74.0,22.0,35.6,39.1,101.0
2026-07-26 07:00:00,2026-07-28 07:00:00,48,7,26,6,7,25.9,89.0,6.7,949.4,0.0,89.27777777777777,0.08333333333333333,88.0,95.0,74.0,22.0,35.6,39.1,92.0
2026-07-26 07:00:00,2026-07-29 07:00:00,72,7,26,6,7,25.9,89.0,6.7,949.4,0.0,89.27777777777777,0.08333333333333333,88.0,95.0,74.0,22.0,35.6,39.1,97.0
2026-07-26 08:00:00,2026-07-27 08:00:00,24,8,26,6,7,26.9,81.0,4.9,949.5,0.0,89.51388888888889,0.125,87.0,95.0,75.0,21.2,26.8,24.9,104.0
2026-07-26 08:00:00,2026-07-28 08:00:00,48,8,26,6,7,26.9,81.0,4.9,949.5,0.0,89.51388888888889,0.125,87.0,95.0,75.0,21.2,26.8,24.9,91.0
2026-07-26 08:00:00,2026-07-29 08:00:00,72,8,26,6,7,26.9,81.0,4.9,949.5,0.0,89.51388888888889,0.125,87.0,95.0,75.0,21.2,26.8,24.9,97.0
2026-07-26 09:00:00,2026-07-27 09:00:00,24,9,26,6,7,28.6,72.0,1.9,950.0,0.0,89.72222222222223,0.125,86.0,95.0,76.0,20.5,23.2,20.5,107.0
2026-07-26 09:00:00,2026-07-28 09:00:00,48,9,26,6,7,28.6,72.0,1.9,950.0,0.0,89.72222222222223,0.125,86.0,95.0,76.0,20.5,23.2,20.5,90.0
2026-07-26 09:00:00,2026-07-29 09:00:00,72,9,26,6,7,28.6,72.0,1.9,950.0,0.0,89.72222222222223,0.125,86.0,95.0,76.0,20.5,23.2,20.5,96.0
2026-07-26 10:00:00,2026-07-27 10:00:00,24,10,26,6,7,29.1,69.0,4.7,950.1,0.0,89.91666666666667,0.16666666666666666,86.0,95.0,77.0,21.7,18.9,19.2,108.0
2026-07-26 10:00:00,2026-07-28 10:00:00,48,10,26,6,7,29.1,69.0,4.7,950.1,0.0,89.91666666666667,0.16666666666666666,86.0,95.0,77.0,21.7,18.9,19.2,90.0
2026-07-26 10:00:00,2026-07-29 10:00:00,72,10,26,6,7,29.1,69.0,4.7,950.1,0.0,89.91666666666667,0.16666666666666666,86.0,95.0,77.0,21.7,18.9,19.2,96.0
2026-07-26 11:00:00,2026-07-27 11:00:00,24,11,26,6,7,30.0,63.0,2.5,950.4,0.0,90.08333333333333,0.125,86.0,95.0,77.0,25.2,16.1,17.8,108.0
2026-07-26 11:00:00,2026-07-28 11:00:00,48,11,26,6,7,30.0,63.0,2.5,950.4,0.0,90.08333333333333,0.125,86.0,95.0,77.0,25.2,16.1,17.8,91.0
2026-07-26 11:00:00,2026-07-29 11:00:00,72,11,26,6,7,30.0,63.0,2.5,950.4,0.0,90.08333333333333,0.125,86.0,95.0,77.0,25.2,16.1,17.8,96.0
2026-07-26 12:00:00,2026-07-27 12:00:00,24,12,26,6,7,30.2,63.0,3.6,950.0,0.0,90.25,0.125,87.0,95.0,78.0,27.6,13.0,15.1,108.0
2026-07-26 12:00:00,2026-07-28 12:00:00,48,12,26,6,7,30.2,63.0,3.6,950.0,0.0,90.25,0.125,87.0,95.0,78.0,27.6,13.0,15.1,91.0
2026-07-26 12:00:00,2026-07-29 12:00:00,72,12,26,6,7,30.2,63.0,3.6,950.0,0.0,90.25,0.125,87.0,95.0,78.0,27.6,13.0,15.1,95.0
2026-07-26 13:00:00,2026-07-27 13:00:00,24,13,26,6,7,30.7,63.0,4.7,949.4,0.0,90.40277777777777,0.08333333333333333,88.0,95.0,79.0,25.8,11.9,12.0,108.0
2026-07-26 13:00:00,2026-07-28 13:00:00,48,13,26,6,7,30.7,63.0,4.7,949.4,0.0,90.40277777777777,0.08333333333333333,88.0,95.0,79.0,25.8,11.9,12.0,92.0
2026-07-26 13:00:00,2026-07-29 13:00:00,72,13,26,6,7,30.7,63.0,4.7,949.4,0.0,90.40277777777777,0.08333333333333333,88.0,95.0,79.0,25.8,11.9,12.0,95.0
2026-07-26 14:00:00,2026-07-27 14:00:00,24,14,26,6,7,31.6,61.0,4.1,948.5,0.0,90.54166666666667,0.041666666666666664,89.0,95.0,79.0,20.2,11.7,9.8,108.0
2026-07-26 14:00:00,2026-07-28 14:00:00,48,14,26,6,7,31.6,61.0,4.1,948.5,0.0,90.54166666666667,0.041666666666666664,89.0,95.0,79.0,20.2,11.7,9.8,98.0
2026-07-26 14:00:00,2026-07-29 14:00:00,72,14,26,6,7,31.6,61.0,4.1,948.5,0.0,90.54166666666667,0.041666666666666664,89.0,95.0,79.0,20.2,11.7,9.8,104.0
2026-07-26 15:00:00,2026-07-27 15:00:00,24,15,26,6,7,32.4,58.0,5.0,947.6,0.0,90.68055555555556,0.0,90.0,95.0,79.0,17.9,12.4,7.6,108.0
2026-07-26 15:00:00,2026-07-28 15:00:00,48,15,26,6,7,32.4,58.0,5.0,947.6,0.0,90.68055555555556,0.0,90.0,95.0,79.0,17.9,12.4,7.6,123.0
2026-07-26 15:00:00,2026-07-29 15:00:00,72,15,26,6,7,32.4,58.0,5.0,947.6,0.0,90.68055555555556,0.0,90.0,95.0,79.0,17.9,12.4,7.6,119.0
2026-07-26 16:00:00,2026-07-27 16:00:00,24,16,26,6,7,32.6,57.0,6.6,946.9,0.0,90.81944444444444,-0.041666666666666664,90.0,95.0,79.0,16.9,13.4,7.2,121.0
2026-07-26 16:00:00,2026-07-28 16:00:00,48,16,26,6,7,32.6,57.0,6.6,946.9,0.0,90.81944444444444,-0.041666666666666664,90.0,95.0,79.0,16.9,13.4,7.2,144.0
2026-07-26 16:00:00,2026-07-29 16:00:00,72,16,26,6,7,32.6,57.0,6.6,946.9,0.0,90.81944444444444,-0.041666666666666664,90.0,95.0,79.0,16.9,13.4,7.2,139.0
2026-07-26 17:00:00,2026-07-27 17:00:00,24,17,26,6,7,32.3,59.0,5.1,946.8,0.0,90.95833333333333,-0.041666666666666664,91.0,96.0,79.0,30.3,11.9,26.3,142.0
2026-07-26 17:00:00,2026-07-28 17:00:00,48,17,26,6,7,32.3,59.0,5.1,946.8,0.0,90.95833333333333,-0.041666666666666664,91.0,96.0,79.0,30.3,11.9,26.3,157.0
2026-07-26 17:00:00,2026-07-29 17:00:00,72,17,26,6,7,32.3,59.0,5.1,946.8,0.0,90.95833333333333,-0.041666666666666664,91.0,96.0,79.0,30.3,11.9,26.3,157.0
2026-07-26 18:00:00,2026-07-27 18:00:00,24,18,26,6,7,31.3,67.0,5.4,946.3,0.0,91.23611111111111,0.3333333333333333,92.0,95.0,80.0,29.6,13.7,29.6,150.0
2026-07-26 18:00:00,2026-07-28 18:00:00,48,18,26,6,7,31.3,67.0,5.4,946.3,0.0,91.23611111111111,0.3333333333333333,92.0,95.0,80.0,29.6,13.7,29.6,162.0
2026-07-26 18:00:00,2026-07-29 18:00:00,72,18,26,6,7,31.3,67.0,5.4,946.3,0.0,91.23611111111111,0.3333333333333333,92.0,95.0,80.0,29.6,13.7,29.6,161.0
2026-07-26 19:00:00,2026-07-27 19:00:00,24,19,26,6,7,29.8,71.0,7.7,946.0,0.0,91.68055555555556,0.8333333333333334,93.0,94.0,80.0,36.2,31.8,32.6,143.0
2026-07-26 19:00:00,2026-07-28 19:00:00,48,19,26,6,7,29.8,71.0,7.7,946.0,0.0,91.68055555555556,0.8333333333333334,93.0,94.0,80.0,36.2,31.8,32.6,158.0
2026-07-26 19:00:00,2026-07-29 19:00:00,72,19,26,6,7,29.8,71.0,7.7,946.0,0.0,91.68055555555556,0.8333333333333334,93.0,94.0,80.0,36.2,31.8,32.6,157.0
2026-07-26 20:00:00,2026-07-27 20:00:00,24,20,26,6,7,28.8,74.0,8.4,946.0,0.0,92.125,0.7916666666666666,94.0,94.0,81.0,54.5,47.1,38.6,118.0
2026-07-26 20:00:00,2026-07-28 20:00:00,48,20,26,6,7,28.8,74.0,8.4,946.0,0.0,92.125,0.7916666666666666,94.0,94.0,81.0,54.5,47.1,38.6,143.0
2026-07-26 20:00:00,2026-07-29 20:00:00,72,20,26,6,7,28.8,74.0,8.4,946.0,0.0,92.125,0.7916666666666666,94.0,94.0,81.0,54.5,47.1,38.6,139.0
2026-07-26 21:00:00,2026-07-27 21:00:00,24,21,26,6,7,28.2,76.0,6.9,946.3,0.0,92.36111111111111,0.16666666666666666,94.0,94.0,82.0,67.5,53.4,46.8,106.0
2026-07-26 21:00:00,2026-07-28 21:00:00,48,21,26,6,7,28.2,76.0,6.9,946.3,0.0,92.36111111111111,0.16666666666666666,94.0,94.0,82.0,67.5,53.4,46.8,118.0
2026-07-26 21:00:00,2026-07-29 21:00:00,72,21,26,6,7,28.2,76.0,6.9,946.3,0.0,92.36111111111111,0.16666666666666666,94.0,94.0,82.0,67.5,53.4,46.8,110.0
2026-07-26 22:00:00,2026-07-27 22:00:00,24,22,26,6,7,27.7,78.0,5.3,946.6,0.0,92.43055555555556,-0.2916666666666667,95.0,95.0,83.0,56.7,56.7,56.7,105.0
2026-07-26 22:00:00,2026-07-28 22:00:00,48,22,26,6,7,27.7,78.0,5.3,946.6,0.0,92.43055555555556,-0.2916666666666667,95.0,95.0,83.0,56.7,56.7,56.7,97.0
2026-07-26 22:00:00,2026-07-29 22:00:00,72,22,26,6,7,27.7,78.0,5.3,946.6,0.0,92.43055555555556,-0.2916666666666667,95.0,95.0,83.0,56.7,56.7,56.7,99.0
2026-07-26 23:00:00,2026-07-27 23:00:00,24,23,26,6,7,27.9,78.0,6.4,945.9,0.0,92.45833333333333,-0.4166666666666667,95.0,95.0,85.0,47.0,56.0,64.3,103.0
2026-07-26 23:00:00,2026-07-28 23:00:00,48,23,26,6,7,27.9,78.0,6.4,945.9,0.0,92.45833333333333,-0.4166666666666667,95.0,95.0,85.0,47.0,56.0,64.3,97.0
2026-07-26 23:00:00,2026-07-29 23:00:00,72,23,26,6,7,27.9,78.0,6.4,945.9,0.0,92.45833333333333,-0.4166666666666667,95.0,95.0,85.0,47.0,56.0,64.3,101.0
2026-07-27 00:00:00,2026-07-28 00:00:00,24,0,27,0,7,27.4,81.0,4.1,945.7,0.0,92.45833333333333,-0.4166666666666667,95.0,94.0,88.0,43.7,49.5,62.9,102.0
2026-07-27 00:00:00,2026-07-29 00:00:00,48,0,27,0,7,27.4,81.0,4.1,945.7,0.0,92.45833333333333,-0.4166666666666667,95.0,94.0,88.0,43.7,49.5,62.9,97.0
2026-07-27 00:00:00,2026-07-30 00:00:00,72,0,27,0,7,27.4,81.0,4.1,945.7,0.0,92.45833333333333,-0.4166666666666667,95.0,94.0,88.0,43.7,49.5,62.9,104.0
2026-07-27 01:00:00,2026-07-28 01:00:00,24,1,27,0,7,27.3,81.0,1.4,945.7,0.0,92.43055555555556,-0.375,94.0,93.0,90.0,36.0,44.0,51.8,100.0
2026-07-27 01:00:00,2026-07-29 01:00:00,48,1,27,0,7,27.3,81.0,1.4,945.7,0.0,92.43055555555556,-0.375,94.0,93.0,90.0,36.0,44.0,51.8,97.0
2026-07-27 01:00:00,2026-07-30 01:00:00,72,1,27,0,7,27.3,81.0,1.4,945.7,0.0,92.43055555555556,-0.375,94.0,93.0,90.0,36.0,44.0,51.8,107.0
2026-07-27 02:00:00,2026-07-28 02:00:00,24,2,27,0,7,27.0,82.0,0.9,945.4,0.0,92.40277777777777,-0.25,94.0,92.0,92.0,28.6,38.4,47.0,98.0
2026-07-27 02:00:00,2026-07-29 02:00:00,48,2,27,0,7,27.0,82.0,0.9,945.4,0.0,92.40277777777777,-0.25,94.0,92.0,92.0,28.6,38.4,47.0,97.0
2026-07-27 02:00:00,2026-07-30 02:00:00,72,2,27,0,7,27.0,82.0,0.9,945.4,0.0,92.40277777777777,-0.25,94.0,92.0,92.0,28.6,38.4,47.0,109.0
2026-07-27 03:00:00,2026-07-28 03:00:00,24,3,27,0,7,26.8,83.0,0.9,945.4,0.0,92.375,-0.16666666666666666,93.0,92.0,94.0,27.1,35.2,40.4,97.0
2026-07-27 03:00:00,2026-07-29 03:00:00,48,3,27,0,7,26.8,83.0,0.9,945.4,0.0,92.375,-0.16666666666666666,93.0,92.0,94.0,27.1,35.2,40.4,98.0
2026-07-27 03:00:00,2026-07-30 03:00:00,72,3,27,0,7,26.8,83.0,0.9,945.4,0.0,92.375,-0.16666666666666666,93.0,92.0,94.0,27.1,35.2,40.4,111.0
2026-07-27 04:00:00,2026-07-28 04:00:00,24,4,27,0,7,26.6,84.0,0.9,945.2,0.0,92.34722222222223,-0.041666666666666664,92.0,91.0,94.0,25.9,33.9,35.3,96.0
2026-07-27 04:00:00,2026-07-29 04:00:00,48,4,27,0,7,26.6,84.0,0.9,945.2,0.0,92.34722222222223,-0.041666666666666664,92.0,91.0,94.0,25.9,33.9,35.3,98.0
2026-07-27 04:00:00,2026-07-30 04:00:00,72,4,27,0,7,26.6,84.0,0.9,945.2,0.0,92.34722222222223,-0.041666666666666664,92.0,91.0,94.0,25.9,33.9,35.3,113.0
2026-07-27 05:00:00,2026-07-28 05:00:00,24,5,27,0,7,26.2,90.0,1.5,945.0,0.0,92.34722222222223,0.08333333333333333,92.0,91.0,95.0,14.7,22.4,44.9,95.0
2026-07-27 05:00:00,2026-07-29 05:00:00,48,5,27,0,7,26.2,90.0,1.5,945.0,0.0,92.34722222222223,0.08333333333333333,92.0,91.0,95.0,14.7,22.4,44.9,98.0
2026-07-27 05:00:00,2026-07-30 05:00:00,72,5,27,0,7,26.2,90.0,1.5,945.0,0.0,92.34722222222223,0.08333333333333333,92.0,91.0,95.0,14.7,22.4,44.9,116.0
2026-07-27 06:00:00,2026-07-28 06:00:00,24,6,27,0,7,26.1,90.0,2.8,945.2,0.0,92.34722222222223,0.125,91.0,89.0,95.0,15.2,20.9,40.5,94.0
2026-07-27 06:00:00,2026-07-29 06:00:00,48,6,27,0,7,26.1,90.0,2.8,945.2,0.0,92.34722222222223,0.125,91.0,89.0,95.0,15.2,20.9,40.5,98.0
2026-07-27 06:00:00,2026-07-30 06:00:00,72,6,27,0,7,26.1,90.0,2.8,945.2,0.0,92.34722222222223,0.125,91.0,89.0,95.0,15.2,20.9,40.5,118.0
2026-07-27 07:00:00,2026-07-28 07:00:00,24,7,27,0,7,27.5,84.0,2.1,945.7,0.0,92.375,0.25,91.0,88.0,95.0,16.9,22.0,35.6,92.0
2026-07-27 07:00:00,2026-07-29 07:00:00,48,7,27,0,7,27.5,84.0,2.1,945.7,0.0,92.375,0.25,91.0,88.0,95.0,16.9,22.0,35.6,97.0
2026-07-27 07:00:00,2026-07-30 07:00:00,72,7,27,0,7,27.5,84.0,2.1,945.7,0.0,92.375,0.25,91.0,88.0,95.0,16.9,22.0,35.6,121.0
2026-07-27 08:00:00,2026-07-28 08:00:00,24,8,27,0,7,29.0,79.0,0.9,945.9,0.0,92.45833333333333,0.4166666666666667,90.0,87.0,95.0,16.1,21.2,26.8,91.0
2026-07-27 08:00:00,2026-07-29 08:00:00,48,8,27,0,7,29.0,79.0,0.9,945.9,0.0,92.45833333333333,0.4166666666666667,90.0,87.0,95.0,16.1,21.2,26.8,97.0
2026-07-27 08:00:00,2026-07-30 08:00:00,72,8,27,0,7,29.0,79.0,0.9,945.9,0.0,92.45833333333333,0.4166666666666667,90.0,87.0,95.0,16.1,21.2,26.8,123.0
2026-07-27 09:00:00,2026-07-28 09:00:00,24,9,27,0,7,30.5,70.0,1.7,945.7,0.0,92.58333333333333,0.5833333333333334,90.0,86.0,95.0,16.3,20.5,23.2,90.0
2026-07-27 09:00:00,2026-07-29 09:00:00,48,9,27,0,7,30.5,70.0,1.7,945.7,0.0,92.58333333333333,0.5833333333333334,90.0,86.0,95.0,16.3,20.5,23.2,96.0
2026-07-27 09:00:00,2026-07-30 09:00:00,72,9,27,0,7,30.5,70.0,1.7,945.7,0.0,92.58333333333333,0.5833333333333334,90.0,86.0,95.0,16.3,20.5,23.2,124.0
2026-07-27 10:00:00,2026-07-28 10:00:00,24,10,27,0,7,31.8,62.0,3.3,945.6,0.0,92.75,0.7083333333333334,89.0,86.0,95.0,20.0,21.7,18.9,90.0
2026-07-27 10:00:00,2026-07-29 10:00:00,48,10,27,0,7,31.8,62.0,3.3,945.6,0.0,92.75,0.7083333333333334,89.0,86.0,95.0,20.0,21.7,18.9,96.0
2026-07-27 10:00:00,2026-07-30 10:00:00,72,10,27,0,7,31.8,62.0,3.3,945.6,0.0,92.75,0.7083333333333334,89.0,86.0,95.0,20.0,21.7,18.9,124.0
2026-07-27 11:00:00,2026-07-28 11:00:00,24,11,27,0,7,32.8,57.0,3.9,945.7,0.0,92.93055555555556,0.7916666666666666,89.0,86.0,95.0,22.4,25.2,16.1,91.0
2026-07-27 11:00:00,2026-07-29 11:00:00,48,11,27,0,7,32.8,57.0,3.9,945.7,0.0,92.93055555555556,0.7916666666666666,89.0,86.0,95.0,22.4,25.2,16.1,96.0
2026-07-27 11:00:00,2026-07-30 11:00:00,72,11,27,0,7,32.8,57.0,3.9,945.7,0.0,92.93055555555556,0.7916666666666666,89.0,86.0,95.0,22.4,25.2,16.1,125.0
2026-07-27 12:00:00,2026-07-28 12:00:00,24,12,27,0,7,33.7,54.0,4.3,945.2,0.0,93.11111111111111,0.7916666666666666,89.0,87.0,95.0,23.2,27.6,13.0,91.0
2026-07-27 12:00:00,2026-07-29 12:00:00,48,12,27,0,7,33.7,54.0,4.3,945.2,0.0,93.11111111111111,0.7916666666666666,89.0,87.0,95.0,23.2,27.6,13.0,95.0
2026-07-27 12:00:00,2026-07-30 12:00:00,72,12,27,0,7,33.7,54.0,4.3,945.2,0.0,93.11111111111111,0.7916666666666666,89.0,87.0,95.0,23.2,27.6,13.0,126.0
2026-07-27 13:00:00,2026-07-28 13:00:00,24,13,27,0,7,34.1,53.0,3.7,944.6,0.0,93.29166666666667,0.7916666666666666,89.0,88.0,95.0,23.5,25.8,11.9,92.0
2026-07-27 13:00:00,2026-07-29 13:00:00,48,13,27,0,7,34.1,53.0,3.7,944.6,0.0,93.29166666666667,0.7916666666666666,89.0,88.0,95.0,23.5,25.8,11.9,95.0
2026-07-27 13:00:00,2026-07-30 13:00:00,72,13,27,0,7,34.1,53.0,3.7,944.6,0.0,93.29166666666667,0.7916666666666666,89.0,88.0,95.0,23.5,25.8,11.9,126.0
2026-07-27 14:00:00,2026-07-28 14:00:00,24,14,27,0,7,34.3,53.0,3.5,943.8,0.1,93.47222222222223,0.7916666666666666,89.0,89.0,95.0,23.9,20.2,11.7,98.0
2026-07-27 14:00:00,2026-07-29 14:00:00,48,14,27,0,7,34.3,53.0,3.5,943.8,0.1,93.47222222222223,0.7916666666666666,89.0,89.0,95.0,23.9,20.2,11.7,104.0
2026-07-27 14:00:00,2026-07-30 14:00:00,72,14,27,0,7,34.3,53.0,3.5,943.8,0.1,93.47222222222223,0.7916666666666666,89.0,89.0,95.0,23.9,20.2,11.7,127.0
2026-07-27 15:00:00,2026-07-28 15:00:00,24,15,27,0,7,34.4,53.0,3.5,943.1,0.1,93.65277777777777,0.7916666666666666,89.0,90.0,95.0,24.1,17.9,12.4,123.0
2026-07-27 15:00:00,2026-07-29 15:00:00,48,15,27,0,7,34.4,53.0,3.5,943.1,0.1,93.65277777777777,0.7916666666666666,89.0,90.0,95.0,24.1,17.9,12.4,119.0
2026-07-27 15:00:00,2026-07-30 15:00:00,72,15,27,0,7,34.4,53.0,3.5,943.1,0.1,93.65277777777777,0.7916666666666666,89.0,90.0,95.0,24.1,17.9,12.4,127.0
2026-07-27 16:00:00,2026-07-28 16:00:00,24,16,27,0,7,34.4,53.0,2.8,942.3,0.0,93.83333333333333,0.7916666666666666,89.0,90.0,95.0,24.1,16.9,13.4,144.0
2026-07-27 16:00:00,2026-07-29 16:00:00,48,16,27,0,7,34.4,53.0,2.8,942.3,0.0,93.83333333333333,0.7916666666666666,89.0,90.0,95.0,24.1,16.9,13.4,139.0
2026-07-27 16:00:00,2026-07-30 16:00:00,72,16,27,0,7,34.4,53.0,2.8,942.3,0.0,93.83333333333333,0.7916666666666666,89.0,90.0,95.0,24.1,16.9,13.4,141.0
2026-07-27 17:00:00,2026-07-28 17:00:00,24,17,27,0,7,34.2,54.0,5.8,942.1,0.0,94.19444444444444,1.3333333333333333,99.0,91.0,96.0,20.9,30.3,11.9,157.0
2026-07-27 17:00:00,2026-07-29 17:00:00,48,17,27,0,7,34.2,54.0,5.8,942.1,0.0,94.19444444444444,1.3333333333333333,99.0,91.0,96.0,20.9,30.3,11.9,157.0
2026-07-27 17:00:00,2026-07-30 17:00:00,72,17,27,0,7,34.2,54.0,5.8,942.1,0.0,94.19444444444444,1.3333333333333333,99.0,91.0,96.0,20.9,30.3,11.9,148.0
2026-07-27 18:00:00,2026-07-28 18:00:00,24,18,27,0,7,32.9,64.0,6.1,941.9,0.0,94.83333333333333,1.7916666666666667,112.0,92.0,95.0,23.2,29.6,13.7,162.0
2026-07-27 18:00:00,2026-07-29 18:00:00,48,18,27,0,7,32.9,64.0,6.1,941.9,0.0,94.83333333333333,1.7916666666666667,112.0,92.0,95.0,23.2,29.6,13.7,161.0
2026-07-27 18:00:00,2026-07-30 18:00:00,72,18,27,0,7,32.9,64.0,6.1,941.9,0.0,94.83333333333333,1.7916666666666667,112.0,92.0,95.0,23.2,29.6,13.7,150.0
2026-07-27 19:00:00,2026-07-28 19:00:00,24,19,27,0,7,31.1,70.0,6.3,941.8,0.0,95.59722222222223,1.5833333333333333,112.0,93.0,94.0,28.4,36.2,31.8,158.0
2026-07-27 19:00:00,2026-07-29 19:00:00,48,19,27,0,7,31.1,70.0,6.3,941.8,0.0,95.59722222222223,1.5833333333333333,112.0,93.0,94.0,28.4,36.2,31.8,157.0
2026-07-27 19:00:00,2026-07-30 19:00:00,72,19,27,0,7,31.1,70.0,6.3,941.8,0.0,95.59722222222223,1.5833333333333333,112.0,93.0,94.0,28.4,36.2,31.8,141.0
2026-07-27 20:00:00,2026-07-28 20:00:00,24,20,27,0,7,29.6,77.0,4.2,942.1,0.0,96.27777777777777,1.2916666666666667,98.0,94.0,94.0,37.8,54.5,47.1,143.0
2026-07-27 20:00:00,2026-07-29 20:00:00,48,20,27,0,7,29.6,77.0,4.2,942.1,0.0,96.27777777777777,1.2916666666666667,98.0,94.0,94.0,37.8,54.5,47.1,139.0
2026-07-27 20:00:00,2026-07-30 20:00:00,72,20,27,0,7,29.6,77.0,4.2,942.1,0.0,96.27777777777777,1.2916666666666667,98.0,94.0,94.0,37.8,54.5,47.1,126.0
2026-07-27 21:00:00,2026-07-28 21:00:00,24,21,27,0,7,29.1,81.0,2.7,942.5,0.0,96.61111111111111,0.8333333333333334,87.0,94.0,94.0,49.1,67.5,53.4,118.0
2026-07-27 21:00:00,2026-07-29 21:00:00,48,21,27,0,7,29.1,81.0,2.7,942.5,0.0,96.61111111111111,0.8333333333333334,87.0,94.0,94.0,49.1,67.5,53.4,110.0
2026-07-27 21:00:00,2026-07-30 21:00:00,72,21,27,0,7,29.1,81.0,2.7,942.5,0.0,96.61111111111111,0.8333333333333334,87.0,94.0,94.0,49.1,67.5,53.4,126.0
2026-07-27 22:00:00,2026-07-28 22:00:00,24,22,27,0,7,28.7,82.0,2.2,943.0,0.0,96.77777777777777,0.7916666666666666,85.0,95.0,95.0,54.9,56.7,56.7,97.0
2026-07-27 22:00:00,2026-07-29 22:00:00,48,22,27,0,7,28.7,82.0,2.2,943.0,0.0,96.77777777777777,0.7916666666666666,85.0,95.0,95.0,54.9,56.7,56.7,99.0
2026-07-27 22:00:00,2026-07-30 22:00:00,72,22,27,0,7,28.7,82.0,2.2,943.0,0.0,96.77777777777777,0.7916666666666666,85.0,95.0,95.0,54.9,56.7,56.7,126.0
2026-07-27 23:00:00,2026-07-28 23:00:00,24,23,27,0,7,29.2,81.0,2.2,942.6,0.0,96.91666666666667,0.8333333333333334,85.0,95.0,95.0,61.2,47.0,56.0,97.0
2026-07-27 23:00:00,2026-07-29 23:00:00,48,23,27,0,7,29.2,81.0,2.2,942.6,0.0,96.91666666666667,0.8333333333333334,85.0,95.0,95.0,61.2,47.0,56.0,101.0
2026-07-27 23:00:00,2026-07-30 23:00:00,72,23,27,0,7,29.2,81.0,2.2,942.6,0.0,96.91666666666667,0.8333333333333334,85.0,95.0,95.0,61.2,47.0,56.0,124.0
2026-07-28 00:00:00,2026-07-29 00:00:00,24,0,28,1,7,28.3,84.0,2.1,942.9,0.0,97.02777777777777,0.75,86.0,95.0,94.0,65.0,43.7,49.5,97.0
2026-07-28 00:00:00,2026-07-30 00:00:00,48,0,28,1,7,28.3,84.0,2.1,942.9,0.0,97.02777777777777,0.75,86.0,95.0,94.0,65.0,43.7,49.5,104.0
2026-07-28 00:00:00,2026-07-31 00:00:00,72,0,28,1,7,28.3,84.0,2.1,942.9,0.0,97.02777777777777,0.75,86.0,95.0,94.0,65.0,43.7,49.5,121.0
2026-07-28 01:00:00,2026-07-29 01:00:00,24,1,28,1,7,27.7,86.0,8.1,942.9,0.2,97.13888888888889,0.6666666666666666,88.0,94.0,93.0,64.7,36.0,44.0,97.0
2026-07-28 01:00:00,2026-07-30 01:00:00,48,1,28,1,7,27.7,86.0,8.1,942.9,0.2,97.13888888888889,0.6666666666666666,88.0,94.0,93.0,64.7,36.0,44.0,107.0
2026-07-28 01:00:00,2026-07-31 01:00:00,72,1,28,1,7,27.7,86.0,8.1,942.9,0.2,97.13888888888889,0.6666666666666666,88.0,94.0,93.0,64.7,36.0,44.0,118.0
2026-07-28 02:00:00,2026-07-29 02:00:00,24,2,28,1,7,27.0,91.0,1.5,943.1,0.1,97.23611111111111,0.5,90.0,94.0,92.0,57.6,28.6,38.4,97.0
2026-07-28 02:00:00,2026-07-30 02:00:00,48,2,28,1,7,27.0,91.0,1.5,943.1,0.1,97.23611111111111,0.5,90.0,94.0,92.0,57.6,28.6,38.4,109.0
2026-07-28 02:00:00,2026-07-31 02:00:00,72,2,28,1,7,27.0,91.0,1.5,943.1,0.1,97.23611111111111,0.5,90.0,94.0,92.0,57.6,28.6,38.4,116.0
2026-07-28 03:00:00,2026-07-29 03:00:00,24,3,28,1,7,26.4,88.0,5.6,943.4,0.2,97.31944444444444,0.3333333333333333,92.0,93.0,92.0,44.5,27.1,35.2,98.0
2026-07-28 03:00:00,2026-07-30 03:00:00,48,3,28,1,7,26.4,88.0,5.6,943.4,0.2,97.31944444444444,0.3333333333333333,92.0,93.0,92.0,44.5,27.1,35.2,111.0
2026-07-28 03:00:00,2026-07-31 03:00:00,72,3,28,1,7,26.4,88.0,5.6,943.4,0.2,97.31944444444444,0.3333333333333333,92.0,93.0,92.0,44.5,27.1,35.2,114.0
2026-07-28 04:00:00,2026-07-29 04:00:00,24,4,28,1,7,26.2,88.0,7.8,943.0,0.5,97.38888888888889,0.20833333333333334,94.0,92.0,91.0,36.3,25.9,33.9,98.0
2026-07-28 04:00:00,2026-07-30 04:00:00,48,4,28,1,7,26.2,88.0,7.8,943.0,0.5,97.38888888888889,0.20833333333333334,94.0,92.0,91.0,36.3,25.9,33.9,113.0
2026-07-28 04:00:00,2026-07-31 04:00:00,72,4,28,1,7,26.2,88.0,7.8,943.0,0.5,97.38888888888889,0.20833333333333334,94.0,92.0,91.0,36.3,25.9,33.9,111.0
2026-07-28 05:00:00,2026-07-29 05:00:00,24,5,28,1,7,27.5,81.0,7.3,942.7,0.2,97.45833333333333,0.08333333333333333,95.0,92.0,91.0,50.3,14.7,22.4,98.0
2026-07-28 05:00:00,2026-07-30 05:00:00,48,5,28,1,7,27.5,81.0,7.3,942.7,0.2,97.45833333333333,0.08333333333333333,95.0,92.0,91.0,50.3,14.7,22.4,116.0
2026-07-28 05:00:00,2026-07-31 05:00:00,72,5,28,1,7,27.5,81.0,7.3,942.7,0.2,97.45833333333333,0.08333333333333333,95.0,92.0,91.0,50.3,14.7,22.4,109.0
2026-07-28 06:00:00,2026-07-29 06:00:00,24,6,28,1,7,26.6,81.0,7.8,943.1,0.0,97.51388888888889,0.0,97.0,91.0,89.0,54.5,15.2,20.9,98.0
2026-07-28 06:00:00,2026-07-30 06:00:00,48,6,28,1,7,26.6,81.0,7.8,943.1,0.0,97.51388888888889,0.0,97.0,91.0,89.0,54.5,15.2,20.9,118.0
2026-07-28 06:00:00,2026-07-31 06:00:00,72,6,28,1,7,26.6,81.0,7.8,943.1,0.0,97.51388888888889,0.0,97.0,91.0,89.0,54.5,15.2,20.9,106.0
2026-07-28 07:00:00,2026-07-29 07:00:00,24,7,28,1,7,27.3,79.0,2.6,943.4,0.0,97.58333333333333,-0.125,101.0,91.0,88.0,51.5,16.9,22.0,97.0
2026-07-28 07:00:00,2026-07-30 07:00:00,48,7,28,1,7,27.3,79.0,2.6,943.4,0.0,97.58333333333333,-0.125,101.0,91.0,88.0,51.5,16.9,22.0,121.0
2026-07-28 07:00:00,2026-07-31 07:00:00,72,7,28,1,7,27.3,79.0,2.6,943.4,0.0,97.58333333333333,-0.125,101.0,91.0,88.0,51.5,16.9,22.0,103.0
2026-07-28 08:00:00,2026-07-29 08:00:00,24,8,28,1,7,28.7,76.0,1.8,943.9,0.0,97.63888888888889,-0.375,104.0,90.0,87.0,40.9,16.1,21.2,97.0
2026-07-28 08:00:00,2026-07-30 08:00:00,48,8,28,1,7,28.7,76.0,1.8,943.9,0.0,97.63888888888889,-0.375,104.0,90.0,87.0,40.9,16.1,21.2,123.0
2026-07-28 08:00:00,2026-07-31 08:00:00,72,8,28,1,7,28.7,76.0,1.8,943.9,0.0,97.63888888888889,-0.375,104.0,90.0,87.0,40.9,16.1,21.2,101.0
2026-07-28 09:00:00,2026-07-29 09:00:00,24,9,28,1,7,30.6,69.0,3.1,944.0,0.0,97.69444444444444,-0.5416666666666666,107.0,90.0,86.0,26.0,16.3,20.5,96.0
2026-07-28 09:00:00,2026-07-30 09:00:00,48,9,28,1,7,30.6,69.0,3.1,944.0,0.0,97.69444444444444,-0.5416666666666666,107.0,90.0,86.0,26.0,16.3,20.5,124.0
2026-07-28 09:00:00,2026-07-31 09:00:00,72,9,28,1,7,30.6,69.0,3.1,944.0,0.0,97.69444444444444,-0.5416666666666666,107.0,90.0,86.0,26.0,16.3,20.5,100.0
2026-07-28 10:00:00,2026-07-29 10:00:00,24,10,28,1,7,32.1,66.0,6.2,944.6,0.0,97.75,-0.7083333333333334,108.0,89.0,86.0,24.3,20.0,21.7,96.0
2026-07-28 10:00:00,2026-07-30 10:00:00,48,10,28,1,7,32.1,66.0,6.2,944.6,0.0,97.75,-0.7083333333333334,108.0,89.0,86.0,24.3,20.0,21.7,124.0
2026-07-28 10:00:00,2026-07-31 10:00:00,72,10,28,1,7,32.1,66.0,6.2,944.6,0.0,97.75,-0.7083333333333334,108.0,89.0,86.0,24.3,20.0,21.7,99.0
2026-07-28 11:00:00,2026-07-29 11:00:00,24,11,28,1,7,33.2,62.0,6.6,944.7,0.0,97.80555555555556,-0.75,108.0,89.0,86.0,23.6,22.4,25.2,96.0
2026-07-28 11:00:00,2026-07-30 11:00:00,48,11,28,1,7,33.2,62.0,6.6,944.7,0.0,97.80555555555556,-0.75,108.0,89.0,86.0,23.6,22.4,25.2,125.0
2026-07-28 11:00:00,2026-07-31 11:00:00,72,11,28,1,7,33.2,62.0,6.6,944.7,0.0,97.80555555555556,-0.75,108.0,89.0,86.0,23.6,22.4,25.2,98.0
2026-07-28 12:00:00,2026-07-29 12:00:00,24,12,28,1,7,33.4,63.0,3.8,944.5,0.1,97.875,-0.7083333333333334,108.0,89.0,87.0,22.7,23.2,27.6,95.0
2026-07-28 12:00:00,2026-07-30 12:00:00,48,12,28,1,7,33.4,63.0,3.8,944.5,0.1,97.875,-0.7083333333333334,108.0,89.0,87.0,22.7,23.2,27.6,126.0
2026-07-28 12:00:00,2026-07-31 12:00:00,72,12,28,1,7,33.4,63.0,3.8,944.5,0.1,97.875,-0.7083333333333334,108.0,89.0,87.0,22.7,23.2,27.6,97.0
2026-07-28 13:00:00,2026-07-29 13:00:00,24,13,28,1,7,34.1,61.0,3.1,943.9,0.0,97.93055555555556,-0.7083333333333334,108.0,89.0,88.0,22.2,23.5,25.8,95.0
2026-07-28 13:00:00,2026-07-30 13:00:00,48,13,28,1,7,34.1,61.0,3.1,943.9,0.0,97.93055555555556,-0.7083333333333334,108.0,89.0,88.0,22.2,23.5,25.8,126.0
2026-07-28 13:00:00,2026-07-31 13:00:00,72,13,28,1,7,34.1,61.0,3.1,943.9,0.0,97.93055555555556,-0.7083333333333334,108.0,89.0,88.0,22.2,23.5,25.8,98.0
2026-07-28 14:00:00,2026-07-29 14:00:00,24,14,28,1,7,34.3,59.0,2.4,943.3,0.0,97.98611111111111,-0.6666666666666666,108.0,89.0,89.0,21.5,23.9,20.2,104.0
2026-07-28 14:00:00,2026-07-30 14:00:00,48,14,28,1,7,34.3,59.0,2.4,943.3,0.0,97.98611111111111,-0.6666666666666666,108.0,89.0,89.0,21.5,23.9,20.2,127.0
2026-07-28 14:00:00,2026-07-31 14:00:00,72,14,28,1,7,34.3,59.0,2.4,943.3,0.0,97.98611111111111,-0.6666666666666666,108.0,89.0,89.0,21.5,23.9,20.2,112.0
2026-07-28 15:00:00,2026-07-29 15:00:00,24,15,28,1,7,34.7,56.0,2.8,942.9,0.0,98.11111111111111,-0.4166666666666667,108.0,89.0,90.0,20.9,24.1,17.9,119.0
2026-07-28 15:00:00,2026-07-30 15:00:00,48,15,28,1,7,34.7,56.0,2.8,942.9,0.0,98.11111111111111,-0.4166666666666667,108.0,89.0,90.0,20.9,24.1,17.9,127.0
2026-07-28 15:00:00,2026-07-31 15:00:00,72,15,28,1,7,34.7,56.0,2.8,942.9,0.0,98.11111111111111,-0.4166666666666667,108.0,89.0,90.0,20.9,24.1,17.9,127.0
2026-07-28 16:00:00,2026-07-29 16:00:00,24,16,28,1,7,34.6,56.0,3.8,942.4,0.0,98.56944444444444,0.625,121.0,89.0,90.0,20.5,24.1,16.9,139.0
2026-07-28 16:00:00,2026-07-30 16:00:00,48,16,28,1,7,34.6,56.0,3.8,942.4,0.0,98.56944444444444,0.625,121.0,89.0,90.0,20.5,24.1,16.9,141.0
2026-07-28 16:00:00,2026-07-31 16:00:00,72,16,28,1,7,34.6,56.0,3.8,942.4,0.0,98.56944444444444,0.625,121.0,89.0,90.0,20.5,24.1,16.9,140.0
2026-07-28 17:00:00,2026-07-29 17:00:00,24,17,28,1,7,34.8,52.0,4.9,941.7,0.1,99.31944444444444,0.9583333333333334,142.0,99.0,91.0,11.8,20.9,30.3,157.0
2026-07-28 17:00:00,2026-07-30 17:00:00,48,17,28,1,7,34.8,52.0,4.9,941.7,0.1,99.31944444444444,0.9583333333333334,142.0,99.0,91.0,11.8,20.9,30.3,148.0
2026-07-28 17:00:00,2026-07-31 17:00:00,72,17,28,1,7,34.8,52.0,4.9,941.7,0.1,99.31944444444444,0.9583333333333334,142.0,99.0,91.0,11.8,20.9,30.3,150.0
2026-07-28 18:00:00,2026-07-29 18:00:00,24,18,28,1,7,33.5,64.0,5.5,941.6,0.0,100.23611111111111,0.625,150.0,112.0,92.0,16.5,23.2,29.6,161.0
2026-07-28 18:00:00,2026-07-30 18:00:00,48,18,28,1,7,33.5,64.0,5.5,941.6,0.0,100.23611111111111,0.625,150.0,112.0,92.0,16.5,23.2,29.6,150.0
2026-07-28 18:00:00,2026-07-31 18:00:00,72,18,28,1,7,33.5,64.0,5.5,941.6,0.0,100.23611111111111,0.625,150.0,112.0,92.0,16.5,23.2,29.6,147.0
2026-07-28 19:00:00,2026-07-29 19:00:00,24,19,28,1,7,31.5,72.0,10.2,941.9,0.0,101.20833333333333,0.5,143.0,112.0,93.0,27.9,28.4,36.2,157.0
2026-07-28 19:00:00,2026-07-30 19:00:00,48,19,28,1,7,31.5,72.0,10.2,941.9,0.0,101.20833333333333,0.5,143.0,112.0,93.0,27.9,28.4,36.2,141.0
2026-07-28 19:00:00,2026-07-31 19:00:00,72,19,28,1,7,31.5,72.0,10.2,941.9,0.0,101.20833333333333,0.5,143.0,112.0,93.0,27.9,28.4,36.2,133.0
2026-07-28 20:00:00,2026-07-29 20:00:00,24,20,28,1,7,30.2,77.0,9.0,942.8,0.0,102.11111111111111,0.625,118.0,98.0,94.0,37.8,37.8,54.5,139.0
2026-07-28 20:00:00,2026-07-30 20:00:00,48,20,28,1,7,30.2,77.0,9.0,942.8,0.0,102.11111111111111,0.625,118.0,98.0,94.0,37.8,37.8,54.5,126.0
2026-07-28 20:00:00,2026-07-31 20:00:00,72,20,28,1,7,30.2,77.0,9.0,942.8,0.0,102.11111111111111,0.625,118.0,98.0,94.0,37.8,37.8,54.5,109.0
2026-07-28 21:00:00,2026-07-29 21:00:00,24,21,28,1,7,29.7,80.0,5.6,943.6,0.0,102.79166666666667,1.0416666666666667,106.0,87.0,94.0,40.6,49.1,67.5,110.0
2026-07-28 21:00:00,2026-07-30 21:00:00,48,21,28,1,7,29.7,80.0,5.6,943.6,0.0,102.79166666666667,1.0416666666666667,106.0,87.0,94.0,40.6,49.1,67.5,126.0
2026-07-28 21:00:00,2026-07-31 21:00:00,72,21,28,1,7,29.7,80.0,5.6,943.6,0.0,102.79166666666667,1.0416666666666667,106.0,87.0,94.0,40.6,49.1,67.5,90.0
2026-07-28 22:00:00,2026-07-29 22:00:00,24,22,28,1,7,29.2,82.0,7.2,944.2,0.0,103.125,0.5,105.0,85.0,95.0,41.8,54.9,56.7,99.0
2026-07-28 22:00:00,2026-07-30 22:00:00,48,22,28,1,7,29.2,82.0,7.2,944.2,0.0,103.125,0.5,105.0,85.0,95.0,41.8,54.9,56.7,126.0
2026-07-28 22:00:00,2026-07-31 22:00:00,72,22,28,1,7,29.2,82.0,7.2,944.2,0.0,103.125,0.5,105.0,85.0,95.0,41.8,54.9,56.7,90.0
2026-07-28 23:00:00,2026-07-29 23:00:00,24,23,28,1,7,29.2,82.0,9.0,944.2,0.0,103.15277777777777,-0.3333333333333333,103.0,85.0,95.0,45.3,61.2,47.0,101.0
2026-07-28 23:00:00,2026-07-30 23:00:00,48,23,28,1,7,29.2,82.0,9.0,944.2,0.0,103.15277777777777,-0.3333333333333333,103.0,85.0,95.0,45.3,61.2,47.0,124.0
2026-07-28 23:00:00,2026-07-31 23:00:00,72,23,28,1,7,29.2,82.0,9.0,944.2,0.0,103.15277777777777,-0.3333333333333333,103.0,85.0,95.0,45.3,61.2,47.0,89.0
2026-07-29 00:00:00,2026-07-30 00:00:00,24,0,29,2,7,25.6,88.0,13.0,945.1,1.2,103.18055555555556,-0.25,102.0,86.0,95.0,46.6,65.0,43.7,104.0
2026-07-29 00:00:00,2026-07-31 00:00:00,48,0,29,2,7,25.6,88.0,13.0,945.1,1.2,103.18055555555556,-0.25,102.0,86.0,95.0,46.6,65.0,43.7,121.0
2026-07-29 00:00:00,2026-08-01 00:00:00,72,0,29,2,7,25.6,88.0,13.0,945.1,1.2,103.18055555555556,-0.25,102.0,86.0,95.0,46.6,65.0,43.7,89.0
2026-07-29 01:00:00,2026-07-30 01:00:00,24,1,29,2,7,24.6,91.0,8.5,944.6,0.5,103.20833333333333,-0.20833333333333334,100.0,88.0,94.0,44.9,64.7,36.0,107.0
2026-07-29 01:00:00,2026-07-31 01:00:00,48,1,29,2,7,24.6,91.0,8.5,944.6,0.5,103.20833333333333,-0.20833333333333334,100.0,88.0,94.0,44.9,64.7,36.0,118.0
2026-07-29 01:00:00,2026-08-01 01:00:00,72,1,29,2,7,24.6,91.0,8.5,944.6,0.5,103.20833333333333,-0.20833333333333334,100.0,88.0,94.0,44.9,64.7,36.0,90.0
2026-07-29 02:00:00,2026-07-30 02:00:00,24,2,29,2,7,24.1,95.0,9.8,944.5,1.7,103.25,-0.125,98.0,90.0,94.0,40.9,57.6,28.6,109.0
2026-07-29 02:00:00,2026-07-31 02:00:00,48,2,29,2,7,24.1,95.0,9.8,944.5,1.7,103.25,-0.125,98.0,90.0,94.0,40.9,57.6,28.6,116.0
2026-07-29 02:00:00,2026-08-01 02:00:00,72,2,29,2,7,24.1,95.0,9.8,944.5,1.7,103.25,-0.125,98.0,90.0,94.0,40.9,57.6,28.6,90.0
2026-07-29 03:00:00,2026-07-30 03:00:00,24,3,29,2,7,24.3,95.0,7.6,945.4,1.3,103.29166666666667,-0.041666666666666664,97.0,92.0,93.0,33.4,44.5,27.1,111.0
2026-07-29 03:00:00,2026-07-31 03:00:00,48,3,29,2,7,24.3,95.0,7.6,945.4,1.3,103.29166666666667,-0.041666666666666664,97.0,92.0,93.0,33.4,44.5,27.1,114.0
2026-07-29 03:00:00,2026-08-01 03:00:00,72,3,29,2,7,24.3,95.0,7.6,945.4,1.3,103.29166666666667,-0.041666666666666664,97.0,92.0,93.0,33.4,44.5,27.1,91.0
2026-07-29 04:00:00,2026-07-30 04:00:00,24,4,29,2,7,24.1,94.0,11.0,945.2,0.3,103.36111111111111,0.041666666666666664,96.0,94.0,92.0,22.5,36.3,25.9,113.0
2026-07-29 04:00:00,2026-07-31 04:00:00,48,4,29,2,7,24.1,94.0,11.0,945.2,0.3,103.36111111111111,0.041666666666666664,96.0,94.0,92.0,22.5,36.3,25.9,111.0
2026-07-29 04:00:00,2026-08-01 04:00:00,72,4,29,2,7,24.1,94.0,11.0,945.2,0.3,103.36111111111111,0.041666666666666664,96.0,94.0,92.0,22.5,36.3,25.9,92.0
2026-07-29 05:00:00,2026-07-30 05:00:00,24,5,29,2,7,24.4,95.0,10.3,945.8,0.3,103.44444444444444,0.08333333333333333,95.0,95.0,92.0,32.9,50.3,14.7,116.0
2026-07-29 05:00:00,2026-07-31 05:00:00,48,5,29,2,7,24.4,95.0,10.3,945.8,0.3,103.44444444444444,0.08333333333333333,95.0,95.0,92.0,32.9,50.3,14.7,109.0
2026-07-29 05:00:00,2026-08-01 05:00:00,72,5,29,2,7,24.4,95.0,10.3,945.8,0.3,103.44444444444444,0.08333333333333333,95.0,95.0,92.0,32.9,50.3,14.7,94.0
2026-07-29 06:00:00,2026-07-30 06:00:00,24,6,29,2,7,24.6,94.0,10.4,945.6,0.3,103.52777777777777,0.125,94.0,97.0,91.0,32.7,54.5,15.2,118.0
2026-07-29 06:00:00,2026-07-31 06:00:00,48,6,29,2,7,24.6,94.0,10.4,945.6,0.3,103.52777777777777,0.125,94.0,97.0,91.0,32.7,54.5,15.2,106.0
2026-07-29 06:00:00,2026-08-01 06:00:00,72,6,29,2,7,24.6,94.0,10.4,945.6,0.3,103.52777777777777,0.125,94.0,97.0,91.0,32.7,54.5,15.2,96.0
2026-07-29 07:00:00,2026-07-30 07:00:00,24,7,29,2,7,25.4,91.0,10.8,946.0,0.0,103.625,0.16666666666666666,92.0,101.0,91.0,35.3,51.5,16.9,121.0
2026-07-29 07:00:00,2026-07-31 07:00:00,48,7,29,2,7,25.4,91.0,10.8,946.0,0.0,103.625,0.16666666666666666,92.0,101.0,91.0,35.3,51.5,16.9,103.0
2026-07-29 07:00:00,2026-08-01 07:00:00,72,7,29,2,7,25.4,91.0,10.8,946.0,0.0,103.625,0.16666666666666666,92.0,101.0,91.0,35.3,51.5,16.9,98.0
2026-07-29 08:00:00,2026-07-30 08:00:00,24,8,29,2,7,26.8,84.0,8.7,946.5,0.0,103.70833333333333,0.20833333333333334,91.0,104.0,90.0,33.5,40.9,16.1,123.0
2026-07-29 08:00:00,2026-07-31 08:00:00,48,8,29,2,7,26.8,84.0,8.7,946.5,0.0,103.70833333333333,0.20833333333333334,91.0,104.0,90.0,33.5,40.9,16.1,101.0
2026-07-29 08:00:00,2026-08-01 08:00:00,72,8,29,2,7,26.8,84.0,8.7,946.5,0.0,103.70833333333333,0.20833333333333334,91.0,104.0,90.0,33.5,40.9,16.1,99.0
2026-07-29 09:00:00,2026-07-30 09:00:00,24,9,29,2,7,28.4,75.0,11.2,946.8,0.0,103.80555555555556,0.25,90.0,107.0,90.0,28.6,26.0,16.3,124.0
2026-07-29 09:00:00,2026-07-31 09:00:00,48,9,29,2,7,28.4,75.0,11.2,946.8,0.0,103.80555555555556,0.25,90.0,107.0,90.0,28.6,26.0,16.3,100.0
2026-07-29 09:00:00,2026-08-01 09:00:00,72,9,29,2,7,28.4,75.0,11.2,946.8,0.0,103.80555555555556,0.25,90.0,107.0,90.0,28.6,26.0,16.3,99.0
2026-07-29 10:00:00,2026-07-30 10:00:00,24,10,29,2,7,29.8,69.0,10.6,946.8,0.0,103.88888888888889,0.25,90.0,108.0,89.0,28.1,24.3,20.0,124.0
2026-07-29 10:00:00,2026-07-31 10:00:00,48,10,29,2,7,29.8,69.0,10.6,946.8,0.0,103.88888888888889,0.25,90.0,108.0,89.0,28.1,24.3,20.0,99.0
2026-07-29 10:00:00,2026-08-01 10:00:00,72,10,29,2,7,29.8,69.0,10.6,946.8,0.0,103.88888888888889,0.25,90.0,108.0,89.0,28.1,24.3,20.0,99.0
2026-07-29 11:00:00,2026-07-30 11:00:00,24,11,29,2,7,29.6,70.0,11.6,947.4,0.0,103.98611111111111,0.25,91.0,108.0,89.0,29.4,23.6,22.4,125.0
2026-07-29 11:00:00,2026-07-31 11:00:00,48,11,29,2,7,29.6,70.0,11.6,947.4,0.0,103.98611111111111,0.25,91.0,108.0,89.0,29.4,23.6,22.4,98.0
2026-07-29 11:00:00,2026-08-01 11:00:00,72,11,29,2,7,29.6,70.0,11.6,947.4,0.0,103.98611111111111,0.25,91.0,108.0,89.0,29.4,23.6,22.4,99.0
2026-07-29 12:00:00,2026-07-30 12:00:00,24,12,29,2,7,28.8,72.0,10.9,947.3,0.0,104.08333333333333,0.20833333333333334,91.0,108.0,89.0,28.7,22.7,23.2,126.0
2026-07-29 12:00:00,2026-07-31 12:00:00,48,12,29,2,7,28.8,72.0,10.9,947.3,0.0,104.08333333333333,0.20833333333333334,91.0,108.0,89.0,28.7,22.7,23.2,97.0
2026-07-29 12:00:00,2026-08-01 12:00:00,72,12,29,2,7,28.8,72.0,10.9,947.3,0.0,104.08333333333333,0.20833333333333334,91.0,108.0,89.0,28.7,22.7,23.2,98.0
2026-07-29 13:00:00,2026-07-30 13:00:00,24,13,29,2,7,29.0,72.0,12.3,946.9,0.0,104.16666666666667,0.16666666666666666,92.0,108.0,89.0,27.4,22.2,23.5,126.0
2026-07-29 13:00:00,2026-07-31 13:00:00,48,13,29,2,7,29.0,72.0,12.3,946.9,0.0,104.16666666666667,0.16666666666666666,92.0,108.0,89.0,27.4,22.2,23.5,98.0
2026-07-29 13:00:00,2026-08-01 13:00:00,72,13,29,2,7,29.0,72.0,12.3,946.9,0.0,104.16666666666667,0.16666666666666666,92.0,108.0,89.0,27.4,22.2,23.5,97.0
2026-07-29 14:00:00,2026-07-30 14:00:00,24,14,29,2,7,30.1,69.0,11.5,946.4,0.0,104.25,0.125,98.0,108.0,89.0,27.6,21.5,23.9,127.0
2026-07-29 14:00:00,2026-07-31 14:00:00,48,14,29,2,7,30.1,69.0,11.5,946.4,0.0,104.25,0.125,98.0,108.0,89.0,27.6,21.5,23.9,112.0
2026-07-29 14:00:00,2026-08-01 14:00:00,72,14,29,2,7,30.1,69.0,11.5,946.4,0.0,104.25,0.125,98.0,108.0,89.0,27.6,21.5,23.9,97.0
2026-07-29 15:00:00,2026-07-30 15:00:00,24,15,29,2,7,31.2,64.0,9.2,945.7,0.0,104.45833333333333,0.25,123.0,108.0,89.0,24.3,20.9,24.1,127.0
2026-07-29 15:00:00,2026-07-31 15:00:00,48,15,29,2,7,31.2,64.0,9.2,945.7,0.0,104.45833333333333,0.25,123.0,108.0,89.0,24.3,20.9,24.1,127.0
2026-07-29 15:00:00,2026-08-01 15:00:00,72,15,29,2,7,31.2,64.0,9.2,945.7,0.0,104.45833333333333,0.25,123.0,108.0,89.0,24.3,20.9,24.1,96.0
2026-07-29 16:00:00,2026-07-30 16:00:00,24,16,29,2,7,31.6,62.0,8.8,945.0,0.0,104.875,-0.16666666666666666,144.0,121.0,89.0,23.7,20.5,24.1,141.0
2026-07-29 16:00:00,2026-07-31 16:00:00,48,16,29,2,7,31.6,62.0,8.8,945.0,0.0,104.875,-0.16666666666666666,144.0,121.0,89.0,23.7,20.5,24.1,140.0
2026-07-29 16:00:00,2026-08-01 16:00:00,72,16,29,2,7,31.6,62.0,8.8,945.0,0.0,104.875,-0.16666666666666666,144.0,121.0,89.0,23.7,20.5,24.1,96.0
2026-07-29 17:00:00,2026-07-30 17:00:00,24,17,29,2,7,31.6,63.0,8.0,944.8,0.0,105.56944444444444,-0.20833333333333334,157.0,142.0,99.0,29.5,11.8,20.9,148.0
2026-07-29 17:00:00,2026-07-31 17:00:00,48,17,29,2,7,31.6,63.0,8.0,944.8,0.0,105.56944444444444,-0.20833333333333334,157.0,142.0,99.0,29.5,11.8,20.9,150.0
2026-07-29 17:00:00,2026-08-01 17:00:00,72,17,29,2,7,31.6,63.0,8.0,944.8,0.0,105.56944444444444,-0.20833333333333334,157.0,142.0,99.0,29.5,11.8,20.9,96.0
2026-07-29 18:00:00,2026-07-30 18:00:00,24,18,29,2,7,30.5,71.0,8.4,944.3,0.0,106.375,0.0,162.0,150.0,112.0,32.2,16.5,23.2,150.0
2026-07-29 18:00:00,2026-07-31 18:00:00,48,18,29,2,7,30.5,71.0,8.4,944.3,0.0,106.375,0.0,162.0,150.0,112.0,32.2,16.5,23.2,147.0
2026-07-29 18:00:00,2026-08-01 18:00:00,72,18,29,2,7,30.5,71.0,8.4,944.3,0.0,106.375,0.0,162.0,150.0,112.0,32.2,16.5,23.2,97.0
2026-07-29 19:00:00,2026-07-30 19:00:00,24,19,29,2,7,29.1,78.0,6.5,944.2,0.0,107.05555555555556,-0.041666666666666664,158.0,143.0,112.0,42.5,27.9,28.4,141.0
2026-07-29 19:00:00,2026-07-31 19:00:00,48,19,29,2,7,29.1,78.0,6.5,944.2,0.0,107.05555555555556,-0.041666666666666664,158.0,143.0,112.0,42.5,27.9,28.4,133.0
2026-07-29 19:00:00,2026-08-01 19:00:00,72,19,29,2,7,29.1,78.0,6.5,944.2,0.0,107.05555555555556,-0.041666666666666664,158.0,143.0,112.0,42.5,27.9,28.4,95.0
2026-07-29 20:00:00,2026-07-30 20:00:00,24,20,29,2,7,28.4,82.0,6.1,944.4,0.0,107.68055555555556,-0.041666666666666664,143.0,118.0,98.0,43.3,37.8,37.8,126.0
2026-07-29 20:00:00,2026-07-31 20:00:00,48,20,29,2,7,28.4,82.0,6.1,944.4,0.0,107.68055555555556,-0.041666666666666664,143.0,118.0,98.0,43.3,37.8,37.8,109.0
2026-07-29 20:00:00,2026-08-01 20:00:00,72,20,29,2,7,28.4,82.0,6.1,944.4,0.0,107.68055555555556,-0.041666666666666664,143.0,118.0,98.0,43.3,37.8,37.8,95.0
2026-07-29 21:00:00,2026-07-30 21:00:00,24,21,29,2,7,27.8,85.0,4.2,944.9,0.0,108.25,-0.16666666666666666,118.0,106.0,87.0,42.6,40.6,49.1,126.0
2026-07-29 21:00:00,2026-07-31 21:00:00,48,21,29,2,7,27.8,85.0,4.2,944.9,0.0,108.25,-0.16666666666666666,118.0,106.0,87.0,42.6,40.6,49.1,90.0
2026-07-29 21:00:00,2026-08-01 21:00:00,72,21,29,2,7,27.8,85.0,4.2,944.9,0.0,108.25,-0.16666666666666666,118.0,106.0,87.0,42.6,40.6,49.1,95.0
2026-07-29 22:00:00,2026-07-30 22:00:00,24,22,29,2,7,27.1,89.0,3.2,945.1,0.0,108.56944444444444,-0.3333333333333333,97.0,105.0,85.0,43.5,41.8,54.9,126.0
2026-07-29 22:00:00,2026-07-31 22:00:00,48,22,29,2,7,27.1,89.0,3.2,945.1,0.0,108.56944444444444,-0.3333333333333333,97.0,105.0,85.0,43.5,41.8,54.9,90.0
2026-07-29 22:00:00,2026-08-01 22:00:00,72,22,29,2,7,27.1,89.0,3.2,945.1,0.0,108.56944444444444,-0.3333333333333333,97.0,105.0,85.0,43.5,41.8,54.9,95.0
2026-07-29 23:00:00,2026-07-30 23:00:00,24,23,29,2,7,27.6,89.0,5.1,945.1,0.0,108.76388888888889,0.08333333333333333,97.0,103.0,85.0,45.3,45.3,61.2,124.0
2026-07-29 23:00:00,2026-07-31 23:00:00,48,23,29,2,7,27.6,89.0,5.1,945.1,0.0,108.76388888888889,0.08333333333333333,97.0,103.0,85.0,45.3,45.3,61.2,89.0
2026-07-29 23:00:00,2026-08-01 23:00:00,72,23,29,2,7,27.6,89.0,5.1,945.1,0.0,108.76388888888889,0.08333333333333333,97.0,103.0,85.0,45.3,45.3,61.2,95.0
2026-07-30 00:00:00,2026-07-31 00:00:00,24,0,30,3,7,27.0,92.0,5.1,945.0,0.0,108.98611111111111,0.16666666666666666,97.0,102.0,86.0,45.3,46.6,65.0,121.0
2026-07-30 00:00:00,2026-08-01 00:00:00,48,0,30,3,7,27.0,92.0,5.1,945.0,0.0,108.98611111111111,0.16666666666666666,97.0,102.0,86.0,45.3,46.6,65.0,89.0
2026-07-30 00:00:00,2026-08-02 00:00:00,72,0,30,3,7,27.0,92.0,5.1,945.0,0.0,108.98611111111111,0.16666666666666666,97.0,102.0,86.0,45.3,46.6,65.0,94.0
2026-07-30 01:00:00,2026-07-31 01:00:00,24,1,30,3,7,26.7,92.0,4.8,945.0,0.0,109.23611111111111,0.2916666666666667,97.0,100.0,88.0,44.5,44.9,64.7,118.0
2026-07-30 01:00:00,2026-08-01 01:00:00,48,1,30,3,7,26.7,92.0,4.8,945.0,0.0,109.23611111111111,0.2916666666666667,97.0,100.0,88.0,44.5,44.9,64.7,90.0
2026-07-30 01:00:00,2026-08-02 01:00:00,72,1,30,3,7,26.7,92.0,4.8,945.0,0.0,109.23611111111111,0.2916666666666667,97.0,100.0,88.0,44.5,44.9,64.7,94.0
2026-07-30 02:00:00,2026-07-31 02:00:00,24,2,30,3,7,26.5,93.0,4.7,944.8,0.0,109.5,0.4166666666666667,97.0,98.0,90.0,43.4,40.9,57.6,116.0
2026-07-30 02:00:00,2026-08-01 02:00:00,48,2,30,3,7,26.5,93.0,4.7,944.8,0.0,109.5,0.4166666666666667,97.0,98.0,90.0,43.4,40.9,57.6,90.0
2026-07-30 02:00:00,2026-08-02 02:00:00,72,2,30,3,7,26.5,93.0,4.7,944.8,0.0,109.5,0.4166666666666667,97.0,98.0,90.0,43.4,40.9,57.6,94.0
2026-07-30 03:00:00,2026-07-31 03:00:00,24,3,30,3,7,26.3,93.0,5.0,944.5,0.0,109.76388888888889,0.5,98.0,97.0,92.0,41.9,33.4,44.5,114.0
2026-07-30 03:00:00,2026-08-01 03:00:00,48,3,30,3,7,26.3,93.0,5.0,944.5,0.0,109.76388888888889,0.5,98.0,97.0,92.0,41.9,33.4,44.5,91.0
2026-07-30 03:00:00,2026-08-02 03:00:00,72,3,30,3,7,26.3,93.0,5.0,944.5,0.0,109.76388888888889,0.5,98.0,97.0,92.0,41.9,33.4,44.5,93.0
2026-07-30 04:00:00,2026-07-31 04:00:00,24,4,30,3,7,25.9,92.0,5.6,944.4,0.0,110.02777777777777,0.5416666666666666,98.0,96.0,94.0,23.1,22.5,36.3,111.0
2026-07-30 04:00:00,2026-08-01 04:00:00,48,4,30,3,7,25.9,92.0,5.6,944.4,0.0,110.02777777777777,0.5416666666666666,98.0,96.0,94.0,23.1,22.5,36.3,92.0
2026-07-30 04:00:00,2026-08-02 04:00:00,72,4,30,3,7,25.9,92.0,5.6,944.4,0.0,110.02777777777777,0.5416666666666666,98.0,96.0,94.0,23.1,22.5,36.3,92.0
2026-07-30 05:00:00,2026-07-31 05:00:00,24,5,30,3,7,24.3,96.0,6.8,944.2,0.0,110.29166666666667,0.625,98.0,95.0,95.0,27.0,32.9,50.3,109.0
2026-07-30 05:00:00,2026-08-01 05:00:00,48,5,30,3,7,24.3,96.0,6.8,944.2,0.0,110.29166666666667,0.625,98.0,95.0,95.0,27.0,32.9,50.3,94.0
2026-07-30 05:00:00,2026-08-02 05:00:00,72,5,30,3,7,24.3,96.0,6.8,944.2,0.0,110.29166666666667,0.625,98.0,95.0,95.0,27.0,32.9,50.3,90.0
2026-07-30 06:00:00,2026-07-31 06:00:00,24,6,30,3,7,24.9,96.0,6.1,944.2,0.1,110.58333333333333,0.75,98.0,94.0,97.0,25.7,32.7,54.5,106.0
2026-07-30 06:00:00,2026-08-01 06:00:00,48,6,30,3,7,24.9,96.0,6.1,944.2,0.1,110.58333333333333,0.75,98.0,94.0,97.0,25.7,32.7,54.5,96.0
2026-07-30 06:00:00,2026-08-02 06:00:00,72,6,30,3,7,24.9,96.0,6.1,944.2,0.1,110.58333333333333,0.75,98.0,94.0,97.0,25.7,32.7,54.5,89.0
2026-07-30 07:00:00,2026-07-31 07:00:00,24,7,30,3,7,26.2,91.0,3.1,944.7,0.0,110.875,0.8333333333333334,97.0,92.0,101.0,26.8,35.3,51.5,103.0
2026-07-30 07:00:00,2026-08-01 07:00:00,48,7,30,3,7,26.2,91.0,3.1,944.7,0.0,110.875,0.8333333333333334,97.0,92.0,101.0,26.8,35.3,51.5,98.0
2026-07-30 07:00:00,2026-08-02 07:00:00,72,7,30,3,7,26.2,91.0,3.1,944.7,0.0,110.875,0.8333333333333334,97.0,92.0,101.0,26.8,35.3,51.5,87.0
2026-07-30 08:00:00,2026-07-31 08:00:00,24,8,30,3,7,27.7,84.0,5.1,945.6,0.0,111.15277777777777,1.0,97.0,91.0,104.0,27.5,33.5,40.9,101.0
2026-07-30 08:00:00,2026-08-01 08:00:00,48,8,30,3,7,27.7,84.0,5.1,945.6,0.0,111.15277777777777,1.0,97.0,91.0,104.0,27.5,33.5,40.9,99.0
2026-07-30 08:00:00,2026-08-02 08:00:00,72,8,30,3,7,27.7,84.0,5.1,945.6,0.0,111.15277777777777,1.0,97.0,91.0,104.0,27.5,33.5,40.9,87.0
2026-07-30 09:00:00,2026-07-31 09:00:00,24,9,30,3,7,29.0,77.0,4.4,945.6,0.0,111.41666666666667,1.0833333333333333,96.0,90.0,107.0,25.8,28.6,26.0,100.0
2026-07-30 09:00:00,2026-08-01 09:00:00,48,9,30,3,7,29.0,77.0,4.4,945.6,0.0,111.41666666666667,1.0833333333333333,96.0,90.0,107.0,25.8,28.6,26.0,99.0
2026-07-30 09:00:00,2026-08-02 09:00:00,72,9,30,3,7,29.0,77.0,4.4,945.6,0.0,111.41666666666667,1.0833333333333333,96.0,90.0,107.0,25.8,28.6,26.0,86.0
2026-07-30 10:00:00,2026-07-31 10:00:00,24,10,30,3,7,30.5,72.0,4.8,945.6,0.0,111.65277777777777,1.1666666666666667,96.0,90.0,108.0,24.9,28.1,24.3,99.0
2026-07-30 10:00:00,2026-08-01 10:00:00,48,10,30,3,7,30.5,72.0,4.8,945.6,0.0,111.65277777777777,1.1666666666666667,96.0,90.0,108.0,24.9,28.1,24.3,99.0
2026-07-30 10:00:00,2026-08-02 10:00:00,72,10,30,3,7,30.5,72.0,4.8,945.6,0.0,111.65277777777777,1.1666666666666667,96.0,90.0,108.0,24.9,28.1,24.3,86.0
2026-07-30 11:00:00,2026-07-31 11:00:00,24,11,30,3,7,32.1,64.0,7.8,945.7,0.1,111.875,1.1666666666666667,96.0,91.0,108.0,27.1,29.4,23.6,98.0
2026-07-30 11:00:00,2026-08-01 11:00:00,48,11,30,3,7,32.1,64.0,7.8,945.7,0.1,111.875,1.1666666666666667,96.0,91.0,108.0,27.1,29.4,23.6,99.0
2026-07-30 11:00:00,2026-08-02 11:00:00,72,11,30,3,7,32.1,64.0,7.8,945.7,0.1,111.875,1.1666666666666667,96.0,91.0,108.0,27.1,29.4,23.6,86.0
2026-07-30 12:00:00,2026-07-31 12:00:00,24,12,30,3,7,32.9,62.0,9.1,945.6,0.0,112.11111111111111,1.2083333333333333,95.0,91.0,108.0,29.0,28.7,22.7,97.0
2026-07-30 12:00:00,2026-08-01 12:00:00,48,12,30,3,7,32.9,62.0,9.1,945.6,0.0,112.11111111111111,1.2083333333333333,95.0,91.0,108.0,29.0,28.7,22.7,98.0
2026-07-30 12:00:00,2026-08-02 12:00:00,72,12,30,3,7,32.9,62.0,9.1,945.6,0.0,112.11111111111111,1.2083333333333333,95.0,91.0,108.0,29.0,28.7,22.7,87.0
2026-07-30 13:00:00,2026-07-31 13:00:00,24,13,30,3,7,32.7,61.0,11.4,945.3,0.2,112.36111111111111,1.2916666666666667,95.0,92.0,108.0,29.5,27.4,22.2,98.0
2026-07-30 13:00:00,2026-08-01 13:00:00,48,13,30,3,7,32.7,61.0,11.4,945.3,0.2,112.36111111111111,1.2916666666666667,95.0,92.0,108.0,29.5,27.4,22.2,97.0
2026-07-30 13:00:00,2026-08-02 13:00:00,72,13,30,3,7,32.7,61.0,11.4,945.3,0.2,112.36111111111111,1.2916666666666667,95.0,92.0,108.0,29.5,27.4,22.2,88.0
2026-07-30 14:00:00,2026-07-31 14:00:00,24,14,30,3,7,32.5,62.0,8.0,944.9,0.3,112.61111111111111,1.2916666666666667,104.0,98.0,108.0,32.7,27.6,21.5,112.0
2026-07-30 14:00:00,2026-08-01 14:00:00,48,14,30,3,7,32.5,62.0,8.0,944.9,0.3,112.61111111111111,1.2916666666666667,104.0,98.0,108.0,32.7,27.6,21.5,97.0
2026-07-30 14:00:00,2026-08-02 14:00:00,72,14,30,3,7,32.5,62.0,8.0,944.9,0.3,112.61111111111111,1.2916666666666667,104.0,98.0,108.0,32.7,27.6,21.5,89.0
2026-07-30 15:00:00,2026-07-31 15:00:00,24,15,30,3,7,32.9,60.0,7.9,944.2,0.1,112.875,0.9583333333333334,119.0,123.0,108.0,32.9,24.3,20.9,127.0
2026-07-30 15:00:00,2026-08-01 15:00:00,48,15,30,3,7,32.9,60.0,7.9,944.2,0.1,112.875,0.9583333333333334,119.0,123.0,108.0,32.9,24.3,20.9,96.0
2026-07-30 15:00:00,2026-08-02 15:00:00,72,15,30,3,7,32.9,60.0,7.9,944.2,0.1,112.875,0.9583333333333334,119.0,123.0,108.0,32.9,24.3,20.9,90.0
2026-07-30 16:00:00,2026-07-31 16:00:00,24,16,30,3,7,32.7,61.0,10.0,943.6,0.0,113.13888888888889,0.3333333333333333,139.0,144.0,121.0,32.8,23.7,20.5,140.0
2026-07-30 16:00:00,2026-08-01 16:00:00,48,16,30,3,7,32.7,61.0,10.0,943.6,0.0,113.13888888888889,0.3333333333333333,139.0,144.0,121.0,32.8,23.7,20.5,96.0
2026-07-30 16:00:00,2026-08-02 16:00:00,72,16,30,3,7,32.7,61.0,10.0,943.6,0.0,113.13888888888889,0.3333333333333333,139.0,144.0,121.0,32.8,23.7,20.5,106.0
2026-07-30 17:00:00,2026-07-31 17:00:00,24,17,30,3,7,32.2,66.0,9.7,943.3,0.0,113.41666666666667,0.08333333333333333,157.0,157.0,142.0,35.5,29.5,11.8,150.0
2026-07-30 17:00:00,2026-08-01 17:00:00,48,17,30,3,7,32.2,66.0,9.7,943.3,0.0,113.41666666666667,0.08333333333333333,157.0,157.0,142.0,35.5,29.5,11.8,96.0
2026-07-30 17:00:00,2026-08-02 17:00:00,72,17,30,3,7,32.2,66.0,9.7,943.3,0.0,113.41666666666667,0.08333333333333333,157.0,157.0,142.0,35.5,29.5,11.8,123.0
2026-07-30 18:00:00,2026-07-31 18:00:00,24,18,30,3,7,30.9,75.0,9.6,943.4,0.0,113.5,-0.375,161.0,162.0,150.0,35.0,32.2,16.5,147.0
2026-07-30 18:00:00,2026-08-01 18:00:00,48,18,30,3,7,30.9,75.0,9.6,943.4,0.0,113.5,-0.375,161.0,162.0,150.0,35.0,32.2,16.5,97.0
2026-07-30 18:00:00,2026-08-02 18:00:00,72,18,30,3,7,30.9,75.0,9.6,943.4,0.0,113.5,-0.375,161.0,162.0,150.0,35.0,32.2,16.5,130.0
2026-07-30 19:00:00,2026-07-31 19:00:00,24,19,30,3,7,29.6,80.0,12.2,944.0,0.0,113.5,-0.4583333333333333,157.0,158.0,143.0,38.5,42.5,27.9,133.0
2026-07-30 19:00:00,2026-08-01 19:00:00,48,19,30,3,7,29.6,80.0,12.2,944.0,0.0,113.5,-0.4583333333333333,157.0,158.0,143.0,38.5,42.5,27.9,95.0
2026-07-30 19:00:00,2026-08-02 19:00:00,72,19,30,3,7,29.6,80.0,12.2,944.0,0.0,113.5,-0.4583333333333333,157.0,158.0,143.0,38.5,42.5,27.9,128.0
2026-07-30 20:00:00,2026-07-31 20:00:00,24,20,30,3,7,28.5,81.0,10.7,944.7,0.0,113.47222222222223,-0.6666666666666666,139.0,143.0,118.0,46.0,43.3,37.8,109.0
2026-07-30 20:00:00,2026-08-01 20:00:00,48,20,30,3,7,28.5,81.0,10.7,944.7,0.0,113.47222222222223,-0.6666666666666666,139.0,143.0,118.0,46.0,43.3,37.8,95.0
2026-07-30 20:00:00,2026-08-02 20:00:00,72,20,30,3,7,28.5,81.0,10.7,944.7,0.0,113.47222222222223,-0.6666666666666666,139.0,143.0,118.0,46.0,43.3,37.8,115.0
2026-07-30 21:00:00,2026-07-31 21:00:00,24,21,30,3,7,28.0,83.0,9.4,945.5,0.0,113.58333333333333,-0.5416666666666666,110.0,118.0,106.0,55.1,42.6,40.6,90.0
2026-07-30 21:00:00,2026-08-01 21:00:00,48,21,30,3,7,28.0,83.0,9.4,945.5,0.0,113.58333333333333,-0.5416666666666666,110.0,118.0,106.0,55.1,42.6,40.6,95.0
2026-07-30 21:00:00,2026-08-02 21:00:00,72,21,30,3,7,28.0,83.0,9.4,945.5,0.0,113.58333333333333,-0.5416666666666666,110.0,118.0,106.0,55.1,42.6,40.6,92.0
2026-07-30 22:00:00,2026-07-31 22:00:00,24,22,30,3,7,27.5,85.0,6.9,945.7,0.1,113.86111111111111,0.6666666666666666,99.0,97.0,105.0,64.3,43.5,41.8,90.0
2026-07-30 22:00:00,2026-08-01 22:00:00,48,22,30,3,7,27.5,85.0,6.9,945.7,0.1,113.86111111111111,0.6666666666666666,99.0,97.0,105.0,64.3,43.5,41.8,95.0
2026-07-30 22:00:00,2026-08-02 22:00:00,72,22,30,3,7,27.5,85.0,6.9,945.7,0.1,113.86111111111111,0.6666666666666666,99.0,97.0,105.0,64.3,43.5,41.8,92.0
2026-07-30 23:00:00,2026-07-31 23:00:00,24,23,30,3,7,27.8,85.0,8.7,945.8,0.0,114.15277777777777,1.125,101.0,97.0,103.0,72.2,45.3,45.3,89.0
2026-07-30 23:00:00,2026-08-01 23:00:00,48,23,30,3,7,27.8,85.0,8.7,945.8,0.0,114.15277777777777,1.125,101.0,97.0,103.0,72.2,45.3,45.3,95.0
2026-07-30 23:00:00,2026-08-02 23:00:00,72,23,30,3,7,27.8,85.0,8.7,945.8,0.0,114.15277777777777,1.125,101.0,97.0,103.0,72.2,45.3,45.3,92.0
2026-07-31 00:00:00,2026-08-01 00:00:00,24,0,31,4,7,25.1,90.0,9.8,945.5,1.8,114.44444444444444,0.9583333333333334,104.0,97.0,102.0,73.3,45.3,46.6,89.0
2026-07-31 00:00:00,2026-08-02 00:00:00,48,0,31,4,7,25.1,90.0,9.8,945.5,1.8,114.44444444444444,0.9583333333333334,104.0,97.0,102.0,73.3,45.3,46.6,94.0
2026-07-31 00:00:00,2026-08-03 00:00:00,72,0,31,4,7,25.1,90.0,9.8,945.5,1.8,114.44444444444444,0.9583333333333334,104.0,97.0,102.0,73.3,45.3,46.6,93.0
2026-07-31 01:00:00,2026-08-01 01:00:00,24,1,31,4,7,25.1,92.0,10.0,945.0,0.6,114.70833333333333,0.7083333333333334,107.0,97.0,100.0,70.1,44.5,44.9,90.0
2026-07-31 01:00:00,2026-08-02 01:00:00,48,1,31,4,7,25.1,92.0,10.0,945.0,0.6,114.70833333333333,0.7083333333333334,107.0,97.0,100.0,70.1,44.5,44.9,94.0
2026-07-31 01:00:00,2026-08-03 01:00:00,72,1,31,4,7,25.1,92.0,10.0,945.0,0.6,114.70833333333333,0.7083333333333334,107.0,97.0,100.0,70.1,44.5,44.9,93.0
2026-07-31 02:00:00,2026-08-01 02:00:00,24,2,31,4,7,25.2,90.0,8.4,945.8,0.1,114.95833333333333,0.4583333333333333,109.0,97.0,98.0,65.7,43.4,40.9,90.0
2026-07-31 02:00:00,2026-08-02 02:00:00,48,2,31,4,7,25.2,90.0,8.4,945.8,0.1,114.95833333333333,0.4583333333333333,109.0,97.0,98.0,65.7,43.4,40.9,94.0
2026-07-31 02:00:00,2026-08-03 02:00:00,72,2,31,4,7,25.2,90.0,8.4,945.8,0.1,114.95833333333333,0.4583333333333333,109.0,97.0,98.0,65.7,43.4,40.9,93.0
2026-07-31 03:00:00,2026-08-01 03:00:00,24,3,31,4,7,24.1,93.0,4.7,945.8,1.6,115.20833333333333,0.2916666666666667,111.0,98.0,97.0,57.3,41.9,33.4,91.0
2026-07-31 03:00:00,2026-08-02 03:00:00,48,3,31,4,7,24.1,93.0,4.7,945.8,1.6,115.20833333333333,0.2916666666666667,111.0,98.0,97.0,57.3,41.9,33.4,93.0
2026-07-31 03:00:00,2026-08-03 03:00:00,72,3,31,4,7,24.1,93.0,4.7,945.8,1.6,115.20833333333333,0.2916666666666667,111.0,98.0,97.0,57.3,41.9,33.4,93.0
2026-07-31 04:00:00,2026-08-01 04:00:00,24,4,31,4,7,24.4,94.0,4.8,946.1,0.5,115.44444444444444,0.125,113.0,98.0,96.0,47.1,23.1,22.5,92.0
2026-07-31 04:00:00,2026-08-02 04:00:00,48,4,31,4,7,24.4,94.0,4.8,946.1,0.5,115.44444444444444,0.125,113.0,98.0,96.0,47.1,23.1,22.5,92.0
2026-07-31 04:00:00,2026-08-03 04:00:00,72,4,31,4,7,24.4,94.0,4.8,946.1,0.5,115.44444444444444,0.125,113.0,98.0,96.0,47.1,23.1,22.5,93.0
2026-07-31 05:00:00,2026-08-01 05:00:00,24,5,31,4,7,26.2,94.0,2.7,946.3,0.1,115.65277777777777,-0.08333333333333333,116.0,98.0,95.0,53.9,27.0,32.9,94.0
2026-07-31 05:00:00,2026-08-02 05:00:00,48,5,31,4,7,26.2,94.0,2.7,946.3,0.1,115.65277777777777,-0.08333333333333333,116.0,98.0,95.0,53.9,27.0,32.9,90.0
2026-07-31 05:00:00,2026-08-03 05:00:00,72,5,31,4,7,26.2,94.0,2.7,946.3,0.1,115.65277777777777,-0.08333333333333333,116.0,98.0,95.0,53.9,27.0,32.9,94.0
2026-07-31 06:00:00,2026-08-01 06:00:00,24,6,31,4,7,25.9,95.0,7.5,946.3,0.0,115.84722222222223,-0.2916666666666667,118.0,98.0,94.0,52.7,25.7,32.7,96.0
2026-07-31 06:00:00,2026-08-02 06:00:00,48,6,31,4,7,25.9,95.0,7.5,946.3,0.0,115.84722222222223,-0.2916666666666667,118.0,98.0,94.0,52.7,25.7,32.7,89.0
2026-07-31 06:00:00,2026-08-03 06:00:00,72,6,31,4,7,25.9,95.0,7.5,946.3,0.0,115.84722222222223,-0.2916666666666667,118.0,98.0,94.0,52.7,25.7,32.7,94.0
2026-07-31 07:00:00,2026-08-01 07:00:00,24,7,31,4,7,26.2,92.0,10.2,946.7,0.0,116.01388888888889,-0.5,121.0,97.0,92.0,45.9,26.8,35.3,98.0
2026-07-31 07:00:00,2026-08-02 07:00:00,48,7,31,4,7,26.2,92.0,10.2,946.7,0.0,116.01388888888889,-0.5,121.0,97.0,92.0,45.9,26.8,35.3,87.0
2026-07-31 07:00:00,2026-08-03 07:00:00,72,7,31,4,7,26.2,92.0,10.2,946.7,0.0,116.01388888888889,-0.5,121.0,97.0,92.0,45.9,26.8,35.3,94.0
2026-07-31 08:00:00,2026-08-01 08:00:00,24,8,31,4,7,26.9,87.0,5.8,947.2,0.0,116.16666666666667,-0.75,123.0,97.0,91.0,33.3,27.5,33.5,99.0
2026-07-31 08:00:00,2026-08-02 08:00:00,48,8,31,4,7,26.9,87.0,5.8,947.2,0.0,116.16666666666667,-0.75,123.0,97.0,91.0,33.3,27.5,33.5,87.0
2026-07-31 08:00:00,2026-08-03 08:00:00,72,8,31,4,7,26.9,87.0,5.8,947.2,0.0,116.16666666666667,-0.75,123.0,97.0,91.0,33.3,27.5,33.5,95.0
2026-07-31 09:00:00,2026-08-01 09:00:00,24,9,31,4,7,27.7,81.0,5.9,948.0,0.1,116.30555555555556,-0.9166666666666666,124.0,96.0,90.0,31.8,25.8,28.6,99.0
2026-07-31 09:00:00,2026-08-02 09:00:00,48,9,31,4,7,27.7,81.0,5.9,948.0,0.1,116.30555555555556,-0.9166666666666666,124.0,96.0,90.0,31.8,25.8,28.6,86.0
2026-07-31 09:00:00,2026-08-03 09:00:00,72,9,31,4,7,27.7,81.0,5.9,948.0,0.1,116.30555555555556,-0.9166666666666666,124.0,96.0,90.0,31.8,25.8,28.6,96.0
2026-07-31 10:00:00,2026-08-01 10:00:00,24,10,31,4,7,28.4,79.0,7.1,948.2,0.7,116.44444444444444,-1.0,124.0,96.0,90.0,32.4,24.9,28.1,99.0
2026-07-31 10:00:00,2026-08-02 10:00:00,48,10,31,4,7,28.4,79.0,7.1,948.2,0.7,116.44444444444444,-1.0,124.0,96.0,90.0,32.4,24.9,28.1,86.0
2026-07-31 10:00:00,2026-08-03 10:00:00,72,10,31,4,7,28.4,79.0,7.1,948.2,0.7,116.44444444444444,-1.0,124.0,96.0,90.0,32.4,24.9,28.1,97.0
2026-07-31 11:00:00,2026-08-01 11:00:00,24,11,31,4,7,24.6,94.0,5.9,948.6,0.2,116.56944444444444,-1.0416666666666667,125.0,96.0,91.0,33.5,27.1,29.4,99.0
2026-07-31 11:00:00,2026-08-02 11:00:00,48,11,31,4,7,24.6,94.0,5.9,948.6,0.2,116.56944444444444,-1.0416666666666667,125.0,96.0,91.0,33.5,27.1,29.4,86.0
2026-07-31 11:00:00,2026-08-03 11:00:00,72,11,31,4,7,24.6,94.0,5.9,948.6,0.2,116.56944444444444,-1.0416666666666667,125.0,96.0,91.0,33.5,27.1,29.4,98.0
2026-07-31 12:00:00,2026-08-01 12:00:00,24,12,31,4,7,25.8,89.0,5.8,948.3,0.9,116.66666666666667,-1.125,126.0,95.0,91.0,32.9,29.0,28.7,98.0
2026-07-31 12:00:00,2026-08-02 12:00:00,48,12,31,4,7,25.8,89.0,5.8,948.3,0.9,116.66666666666667,-1.125,126.0,95.0,91.0,32.9,29.0,28.7,87.0
2026-07-31 12:00:00,2026-08-03 12:00:00,72,12,31,4,7,25.8,89.0,5.8,948.3,0.9,116.66666666666667,-1.125,126.0,95.0,91.0,32.9,29.0,28.7,98.0
2026-07-31 13:00:00,2026-08-01 13:00:00,24,13,31,4,7,28.2,78.0,10.4,947.9,0.3,116.75,-1.2083333333333333,126.0,95.0,92.0,34.6,29.5,27.4,97.0
2026-07-31 13:00:00,2026-08-02 13:00:00,48,13,31,4,7,28.2,78.0,10.4,947.9,0.3,116.75,-1.2083333333333333,126.0,95.0,92.0,34.6,29.5,27.4,88.0
2026-07-31 13:00:00,2026-08-03 13:00:00,72,13,31,4,7,28.2,78.0,10.4,947.9,0.3,116.75,-1.2083333333333333,126.0,95.0,92.0,34.6,29.5,27.4,98.0
2026-07-31 14:00:00,2026-08-01 14:00:00,24,14,31,4,7,29.7,71.0,13.9,947.2,0.4,116.83333333333333,-1.1666666666666667,127.0,104.0,98.0,31.2,32.7,27.6,97.0
2026-07-31 14:00:00,2026-08-02 14:00:00,48,14,31,4,7,29.7,71.0,13.9,947.2,0.4,116.83333333333333,-1.1666666666666667,127.0,104.0,98.0,31.2,32.7,27.6,89.0
2026-07-31 14:00:00,2026-08-03 14:00:00,72,14,31,4,7,29.7,71.0,13.9,947.2,0.4,116.83333333333333,-1.1666666666666667,127.0,104.0,98.0,31.2,32.7,27.6,98.0
2026-07-31 15:00:00,2026-08-01 15:00:00,24,15,31,4,7,30.2,68.0,15.6,946.7,0.1,117.02777777777777,-0.625,127.0,119.0,123.0,31.1,32.9,24.3,96.0
2026-07-31 15:00:00,2026-08-02 15:00:00,48,15,31,4,7,30.2,68.0,15.6,946.7,0.1,117.02777777777777,-0.625,127.0,119.0,123.0,31.1,32.9,24.3,90.0
2026-07-31 15:00:00,2026-08-03 15:00:00,72,15,31,4,7,30.2,68.0,15.6,946.7,0.1,117.02777777777777,-0.625,127.0,119.0,123.0,31.1,32.9,24.3,98.0
2026-07-31 16:00:00,2026-08-01 16:00:00,24,16,31,4,7,30.0,68.0,15.1,946.2,0.1,117.08333333333333,0.0,141.0,139.0,144.0,29.3,32.8,23.7,96.0
2026-07-31 16:00:00,2026-08-02 16:00:00,48,16,31,4,7,30.0,68.0,15.1,946.2,0.1,117.08333333333333,0.0,141.0,139.0,144.0,29.3,32.8,23.7,106.0
2026-07-31 16:00:00,2026-08-03 16:00:00,72,16,31,4,7,30.0,68.0,15.1,946.2,0.1,117.08333333333333,0.0,141.0,139.0,144.0,29.3,32.8,23.7,109.0
2026-07-31 17:00:00,2026-08-01 17:00:00,24,17,31,4,7,27.3,83.0,8.4,946.3,0.1,117.02777777777777,-0.041666666666666664,148.0,157.0,157.0,34.3,35.5,29.5,96.0
2026-07-31 17:00:00,2026-08-02 17:00:00,48,17,31,4,7,27.3,83.0,8.4,946.3,0.1,117.02777777777777,-0.041666666666666664,148.0,157.0,157.0,34.3,35.5,29.5,123.0
2026-07-31 17:00:00,2026-08-03 17:00:00,72,17,31,4,7,27.3,83.0,8.4,946.3,0.1,117.02777777777777,-0.041666666666666664,148.0,157.0,157.0,34.3,35.5,29.5,126.0
2026-07-31 18:00:00,2026-08-01 18:00:00,24,18,31,4,7,27.2,83.0,6.8,946.2,0.0,116.93055555555556,0.08333333333333333,150.0,161.0,162.0,36.4,35.0,32.2,97.0
2026-07-31 18:00:00,2026-08-02 18:00:00,48,18,31,4,7,27.2,83.0,6.8,946.2,0.0,116.93055555555556,0.08333333333333333,150.0,161.0,162.0,36.4,35.0,32.2,130.0
2026-07-31 18:00:00,2026-08-03 18:00:00,72,18,31,4,7,27.2,83.0,6.8,946.2,0.0,116.93055555555556,0.08333333333333333,150.0,161.0,162.0,36.4,35.0,32.2,131.0
2026-07-31 19:00:00,2026-08-01 19:00:00,24,19,31,4,7,27.0,85.0,4.3,946.3,0.0,116.72222222222223,-0.125,141.0,157.0,158.0,41.3,38.5,42.5,95.0
2026-07-31 19:00:00,2026-08-02 19:00:00,48,19,31,4,7,27.0,85.0,4.3,946.3,0.0,116.72222222222223,-0.125,141.0,157.0,158.0,41.3,38.5,42.5,128.0
2026-07-31 19:00:00,2026-08-03 19:00:00,72,19,31,4,7,27.0,85.0,4.3,946.3,0.0,116.72222222222223,-0.125,141.0,157.0,158.0,41.3,38.5,42.5,127.0
2026-07-31 20:00:00,2026-08-01 20:00:00,24,20,31,4,7,26.8,88.0,2.2,946.7,0.0,116.375,-0.3333333333333333,126.0,139.0,143.0,45.9,46.0,43.3,95.0
2026-07-31 20:00:00,2026-08-02 20:00:00,48,20,31,4,7,26.8,88.0,2.2,946.7,0.0,116.375,-0.3333333333333333,126.0,139.0,143.0,45.9,46.0,43.3,115.0
2026-07-31 20:00:00,2026-08-03 20:00:00,72,20,31,4,7,26.8,88.0,2.2,946.7,0.0,116.375,-0.3333333333333333,126.0,139.0,143.0,45.9,46.0,43.3,113.0
2026-07-31 21:00:00,2026-08-01 21:00:00,24,21,31,4,7,26.8,88.0,1.4,947.2,0.0,115.90277777777777,-0.7083333333333334,126.0,110.0,118.0,46.4,55.1,42.6,95.0
2026-07-31 21:00:00,2026-08-02 21:00:00,48,21,31,4,7,26.8,88.0,1.4,947.2,0.0,115.90277777777777,-0.7083333333333334,126.0,110.0,118.0,46.4,55.1,42.6,92.0
2026-07-31 21:00:00,2026-08-03 21:00:00,72,21,31,4,7,26.8,88.0,1.4,947.2,0.0,115.90277777777777,-0.7083333333333334,126.0,110.0,118.0,46.4,55.1,42.6,102.0
2026-07-31 22:00:00,2026-08-01 22:00:00,24,22,31,4,7,26.5,89.0,2.1,947.6,0.0,115.51388888888889,-1.5,126.0,99.0,97.0,47.1,64.3,43.5,95.0
2026-07-31 22:00:00,2026-08-02 22:00:00,48,22,31,4,7,26.5,89.0,2.1,947.6,0.0,115.51388888888889,-1.5,126.0,99.0,97.0,47.1,64.3,43.5,92.0
2026-07-31 22:00:00,2026-08-03 22:00:00,72,22,31,4,7,26.5,89.0,2.1,947.6,0.0,115.51388888888889,-1.5,126.0,99.0,97.0,47.1,64.3,43.5,102.0
2026-07-31 23:00:00,2026-08-01 23:00:00,24,23,31,4,7,26.9,89.0,1.8,947.4,0.0,115.41666666666667,-1.5,124.0,101.0,97.0,49.0,72.2,45.3,95.0
2026-07-31 23:00:00,2026-08-02 23:00:00,48,23,31,4,7,26.9,89.0,1.8,947.4,0.0,115.41666666666667,-1.5,124.0,101.0,97.0,49.0,72.2,45.3,92.0
2026-07-31 23:00:00,2026-08-03 23:00:00,72,23,31,4,7,26.9,89.0,1.8,947.4,0.0,115.41666666666667,-1.5,124.0,101.0,97.0,49.0,72.2,45.3,102.0
2026-08-01 00:00:00,2026-08-02 00:00:00,24,0,1,5,8,26.6,87.0,0.8,947.4,0.0,115.30555555555556,-1.4583333333333333,121.0,104.0,97.0,46.2,73.3,45.3,94.0
2026-08-01 00:00:00,2026-08-03 00:00:00,48,0,1,5,8,26.6,87.0,0.8,947.4,0.0,115.30555555555556,-1.4583333333333333,121.0,104.0,97.0,46.2,73.3,45.3,93.0
2026-08-01 00:00:00,2026-08-04 00:00:00,72,0,1,5,8,26.6,87.0,0.8,947.4,0.0,115.30555555555556,-1.4583333333333333,121.0,104.0,97.0,46.2,73.3,45.3,102.0
2026-08-01 01:00:00,2026-08-02 01:00:00,24,1,1,5,8,26.1,89.0,1.6,947.6,0.0,115.19444444444444,-1.3333333333333333,118.0,107.0,97.0,47.0,70.1,44.5,94.0
2026-08-01 01:00:00,2026-08-03 01:00:00,48,1,1,5,8,26.1,89.0,1.6,947.6,0.0,115.19444444444444,-1.3333333333333333,118.0,107.0,97.0,47.0,70.1,44.5,93.0
2026-08-01 01:00:00,2026-08-04 01:00:00,72,1,1,5,8,26.1,89.0,1.6,947.6,0.0,115.19444444444444,-1.3333333333333333,118.0,107.0,97.0,47.0,70.1,44.5,101.0
2026-08-01 02:00:00,2026-08-02 02:00:00,24,2,1,5,8,25.7,91.0,4.1,947.4,0.0,115.09722222222223,-1.1666666666666667,116.0,109.0,97.0,43.3,65.7,43.4,94.0
2026-08-01 02:00:00,2026-08-03 02:00:00,48,2,1,5,8,25.7,91.0,4.1,947.4,0.0,115.09722222222223,-1.1666666666666667,116.0,109.0,97.0,43.3,65.7,43.4,93.0
2026-08-01 02:00:00,2026-08-04 02:00:00,72,2,1,5,8,25.7,91.0,4.1,947.4,0.0,115.09722222222223,-1.1666666666666667,116.0,109.0,97.0,43.3,65.7,43.4,99.0
2026-08-01 03:00:00,2026-08-02 03:00:00,24,3,1,5,8,25.7,91.0,5.9,947.5,0.0,115.0,-1.0833333333333333,114.0,111.0,98.0,34.5,57.3,41.9,93.0
2026-08-01 03:00:00,2026-08-03 03:00:00,48,3,1,5,8,25.7,91.0,5.9,947.5,0.0,115.0,-1.0833333333333333,114.0,111.0,98.0,34.5,57.3,41.9,93.0
2026-08-01 03:00:00,2026-08-04 03:00:00,72,3,1,5,8,25.7,91.0,5.9,947.5,0.0,115.0,-1.0833333333333333,114.0,111.0,98.0,34.5,57.3,41.9,98.0
2026-08-01 04:00:00,2026-08-02 04:00:00,24,4,1,5,8,25.7,90.0,5.3,947.3,0.0,114.90277777777777,-0.9583333333333334,111.0,113.0,98.0,27.9,47.1,23.1,92.0
2026-08-01 04:00:00,2026-08-03 04:00:00,48,4,1,5,8,25.7,90.0,5.3,947.3,0.0,114.90277777777777,-0.9583333333333334,111.0,113.0,98.0,27.9,47.1,23.1,93.0
2026-08-01 04:00:00,2026-08-04 04:00:00,72,4,1,5,8,25.7,90.0,5.3,947.3,0.0,114.90277777777777,-0.9583333333333334,111.0,113.0,98.0,27.9,47.1,23.1,97.0
2026-08-01 05:00:00,2026-08-02 05:00:00,24,5,1,5,8,26.3,83.0,6.0,947.3,0.0,114.81944444444444,-0.7916666666666666,109.0,116.0,98.0,23.4,53.9,27.0,90.0
2026-08-01 05:00:00,2026-08-03 05:00:00,48,5,1,5,8,26.3,83.0,6.0,947.3,0.0,114.81944444444444,-0.7916666666666666,109.0,116.0,98.0,23.4,53.9,27.0,94.0
2026-08-01 05:00:00,2026-08-04 05:00:00,72,5,1,5,8,26.3,83.0,6.0,947.3,0.0,114.81944444444444,-0.7916666666666666,109.0,116.0,98.0,23.4,53.9,27.0,96.0
2026-08-01 06:00:00,2026-08-02 06:00:00,24,6,1,5,8,25.9,86.0,5.6,947.5,0.0,114.76388888888889,-0.625,106.0,118.0,98.0,22.4,52.7,25.7,89.0
2026-08-01 06:00:00,2026-08-03 06:00:00,48,6,1,5,8,25.9,86.0,5.6,947.5,0.0,114.76388888888889,-0.625,106.0,118.0,98.0,22.4,52.7,25.7,94.0
2026-08-01 06:00:00,2026-08-04 06:00:00,72,6,1,5,8,25.9,86.0,5.6,947.5,0.0,114.76388888888889,-0.625,106.0,118.0,98.0,22.4,52.7,25.7,98.0
2026-08-01 07:00:00,2026-08-02 07:00:00,24,7,1,5,8,27.0,83.0,3.8,947.7,0.0,114.73611111111111,-0.4166666666666667,103.0,121.0,97.0,23.7,45.9,26.8,87.0
2026-08-01 07:00:00,2026-08-03 07:00:00,48,7,1,5,8,27.0,83.0,3.8,947.7,0.0,114.73611111111111,-0.4166666666666667,103.0,121.0,97.0,23.7,45.9,26.8,94.0
2026-08-01 07:00:00,2026-08-04 07:00:00,72,7,1,5,8,27.0,83.0,3.8,947.7,0.0,114.73611111111111,-0.4166666666666667,103.0,121.0,97.0,23.7,45.9,26.8,100.0
2026-08-01 08:00:00,2026-08-02 08:00:00,24,8,1,5,8,28.2,77.0,2.6,948.0,0.0,114.75,-0.20833333333333334,101.0,123.0,97.0,21.9,33.3,27.5,87.0
2026-08-01 08:00:00,2026-08-03 08:00:00,48,8,1,5,8,28.2,77.0,2.6,948.0,0.0,114.75,-0.20833333333333334,101.0,123.0,97.0,21.9,33.3,27.5,95.0
2026-08-01 08:00:00,2026-08-04 08:00:00,72,8,1,5,8,28.2,77.0,2.6,948.0,0.0,114.75,-0.20833333333333334,101.0,123.0,97.0,21.9,33.3,27.5,102.0
2026-08-01 09:00:00,2026-08-02 09:00:00,24,9,1,5,8,28.8,73.0,2.0,948.3,0.0,114.77777777777777,-0.08333333333333333,100.0,124.0,96.0,21.8,31.8,25.8,86.0
2026-08-01 09:00:00,2026-08-03 09:00:00,48,9,1,5,8,28.8,73.0,2.0,948.3,0.0,114.77777777777777,-0.08333333333333333,100.0,124.0,96.0,21.8,31.8,25.8,96.0
2026-08-01 09:00:00,2026-08-04 09:00:00,72,9,1,5,8,28.8,73.0,2.0,948.3,0.0,114.77777777777777,-0.08333333333333333,100.0,124.0,96.0,21.8,31.8,25.8,103.0
2026-08-01 10:00:00,2026-08-02 10:00:00,24,10,1,5,8,29.5,70.0,2.9,948.3,0.0,114.81944444444444,-0.041666666666666664,99.0,124.0,96.0,23.7,32.4,24.9,86.0
2026-08-01 10:00:00,2026-08-03 10:00:00,48,10,1,5,8,29.5,70.0,2.9,948.3,0.0,114.81944444444444,-0.041666666666666664,99.0,124.0,96.0,23.7,32.4,24.9,97.0
2026-08-01 10:00:00,2026-08-04 10:00:00,72,10,1,5,8,29.5,70.0,2.9,948.3,0.0,114.81944444444444,-0.041666666666666664,99.0,124.0,96.0,23.7,32.4,24.9,104.0
2026-08-01 11:00:00,2026-08-02 11:00:00,24,11,1,5,8,30.5,67.0,4.5,948.6,0.0,114.86111111111111,0.0,98.0,125.0,96.0,24.4,33.5,27.1,86.0
2026-08-01 11:00:00,2026-08-03 11:00:00,48,11,1,5,8,30.5,67.0,4.5,948.6,0.0,114.86111111111111,0.0,98.0,125.0,96.0,24.4,33.5,27.1,98.0
2026-08-01 11:00:00,2026-08-04 11:00:00,72,11,1,5,8,30.5,67.0,4.5,948.6,0.0,114.86111111111111,0.0,98.0,125.0,96.0,24.4,33.5,27.1,105.0
2026-08-01 12:00:00,2026-08-02 12:00:00,24,12,1,5,8,31.4,63.0,6.3,947.9,0.1,114.90277777777777,0.041666666666666664,97.0,126.0,95.0,23.5,32.9,29.0,87.0
2026-08-01 12:00:00,2026-08-03 12:00:00,48,12,1,5,8,31.4,63.0,6.3,947.9,0.1,114.90277777777777,0.041666666666666664,97.0,126.0,95.0,23.5,32.9,29.0,98.0
2026-08-01 12:00:00,2026-08-04 12:00:00,72,12,1,5,8,31.4,63.0,6.3,947.9,0.1,114.90277777777777,0.041666666666666664,97.0,126.0,95.0,23.5,32.9,29.0,106.0
2026-08-01 13:00:00,2026-08-02 13:00:00,24,13,1,5,8,31.7,63.0,5.8,947.2,0.1,114.94444444444444,0.041666666666666664,98.0,126.0,95.0,22.2,34.6,29.5,88.0
2026-08-01 13:00:00,2026-08-03 13:00:00,48,13,1,5,8,31.7,63.0,5.8,947.2,0.1,114.94444444444444,0.041666666666666664,98.0,126.0,95.0,22.2,34.6,29.5,98.0
2026-08-01 13:00:00,2026-08-04 13:00:00,72,13,1,5,8,31.7,63.0,5.8,947.2,0.1,114.94444444444444,0.041666666666666664,98.0,126.0,95.0,22.2,34.6,29.5,108.0
2026-08-01 14:00:00,2026-08-02 14:00:00,24,14,1,5,8,31.8,62.0,5.6,946.1,0.1,114.97222222222223,-0.041666666666666664,112.0,127.0,104.0,20.4,31.2,32.7,89.0
2026-08-01 14:00:00,2026-08-03 14:00:00,48,14,1,5,8,31.8,62.0,5.6,946.1,0.1,114.97222222222223,-0.041666666666666664,112.0,127.0,104.0,20.4,31.2,32.7,98.0
2026-08-01 14:00:00,2026-08-04 14:00:00,72,14,1,5,8,31.8,62.0,5.6,946.1,0.1,114.97222222222223,-0.041666666666666664,112.0,127.0,104.0,20.4,31.2,32.7,111.0
2026-08-01 15:00:00,2026-08-02 15:00:00,24,15,1,5,8,31.9,61.0,4.8,945.6,0.0,114.875,-0.625,127.0,127.0,119.0,19.7,31.1,32.9,90.0
2026-08-01 15:00:00,2026-08-03 15:00:00,48,15,1,5,8,31.9,61.0,4.8,945.6,0.0,114.875,-0.625,127.0,127.0,119.0,19.7,31.1,32.9,98.0
2026-08-01 15:00:00,2026-08-04 15:00:00,72,15,1,5,8,31.9,61.0,4.8,945.6,0.0,114.875,-0.625,127.0,127.0,119.0,19.7,31.1,32.9,144.0
2026-08-01 16:00:00,2026-08-02 16:00:00,24,16,1,5,8,32.0,60.0,3.7,945.0,0.0,114.55555555555556,-1.2916666666666667,140.0,141.0,139.0,20.3,29.3,32.8,106.0
2026-08-01 16:00:00,2026-08-03 16:00:00,48,16,1,5,8,32.0,60.0,3.7,945.0,0.0,114.55555555555556,-1.2916666666666667,140.0,141.0,139.0,20.3,29.3,32.8,109.0
2026-08-01 16:00:00,2026-08-04 16:00:00,72,16,1,5,8,32.0,60.0,3.7,945.0,0.0,114.55555555555556,-1.2916666666666667,140.0,141.0,139.0,20.3,29.3,32.8,173.0
2026-08-01 17:00:00,2026-08-02 17:00:00,24,17,1,5,8,31.9,62.0,6.6,944.6,0.0,113.95833333333333,-1.8333333333333333,150.0,148.0,157.0,27.8,34.3,35.5,123.0
2026-08-01 17:00:00,2026-08-03 17:00:00,48,17,1,5,8,31.9,62.0,6.6,944.6,0.0,113.95833333333333,-1.8333333333333333,150.0,148.0,157.0,27.8,34.3,35.5,126.0
2026-08-01 17:00:00,2026-08-04 17:00:00,72,17,1,5,8,31.9,62.0,6.6,944.6,0.0,113.95833333333333,-1.8333333333333333,150.0,148.0,157.0,27.8,34.3,35.5,193.0
2026-08-01 18:00:00,2026-08-02 18:00:00,24,18,1,5,8,30.8,72.0,6.2,944.7,0.0,113.11111111111111,-2.25,147.0,150.0,161.0,26.1,36.4,35.0,130.0
2026-08-01 18:00:00,2026-08-03 18:00:00,48,18,1,5,8,30.8,72.0,6.2,944.7,0.0,113.11111111111111,-2.25,147.0,150.0,161.0,26.1,36.4,35.0,131.0
2026-08-01 18:00:00,2026-08-04 18:00:00,72,18,1,5,8,30.8,72.0,6.2,944.7,0.0,113.11111111111111,-2.25,147.0,150.0,161.0,26.1,36.4,35.0,196.0
2026-08-01 19:00:00,2026-08-02 19:00:00,24,19,1,5,8,29.4,78.0,4.6,944.7,0.0,112.22222222222223,-2.0833333333333335,133.0,141.0,157.0,28.8,41.3,38.5,128.0
2026-08-01 19:00:00,2026-08-03 19:00:00,48,19,1,5,8,29.4,78.0,4.6,944.7,0.0,112.22222222222223,-2.0833333333333335,133.0,141.0,157.0,28.8,41.3,38.5,127.0
2026-08-01 19:00:00,2026-08-04 19:00:00,72,19,1,5,8,29.4,78.0,4.6,944.7,0.0,112.22222222222223,-2.0833333333333335,133.0,141.0,157.0,28.8,41.3,38.5,187.0
2026-08-01 20:00:00,2026-08-02 20:00:00,24,20,1,5,8,28.5,84.0,4.0,944.9,0.0,111.36111111111111,-1.5833333333333333,109.0,126.0,139.0,36.0,45.9,46.0,115.0
2026-08-01 20:00:00,2026-08-03 20:00:00,48,20,1,5,8,28.5,84.0,4.0,944.9,0.0,111.36111111111111,-1.5833333333333333,109.0,126.0,139.0,36.0,45.9,46.0,113.0
2026-08-01 20:00:00,2026-08-04 20:00:00,72,20,1,5,8,28.5,84.0,4.0,944.9,0.0,111.36111111111111,-1.5833333333333333,109.0,126.0,139.0,36.0,45.9,46.0,168.0
2026-08-01 21:00:00,2026-08-02 21:00:00,24,21,1,5,8,27.9,86.0,4.0,945.6,0.0,110.75,-0.5833333333333334,90.0,126.0,110.0,40.2,46.4,55.1,92.0
2026-08-01 21:00:00,2026-08-03 21:00:00,48,21,1,5,8,27.9,86.0,4.0,945.6,0.0,110.75,-0.5833333333333334,90.0,126.0,110.0,40.2,46.4,55.1,102.0
2026-08-01 21:00:00,2026-08-04 21:00:00,72,21,1,5,8,27.9,86.0,4.0,945.6,0.0,110.75,-0.5833333333333334,90.0,126.0,110.0,40.2,46.4,55.1,136.0
2026-08-01 22:00:00,2026-08-02 22:00:00,24,22,1,5,8,27.4,89.0,2.9,946.0,0.0,110.54166666666667,0.20833333333333334,90.0,126.0,99.0,43.1,47.1,64.3,92.0
2026-08-01 22:00:00,2026-08-03 22:00:00,48,22,1,5,8,27.4,89.0,2.9,946.0,0.0,110.54166666666667,0.20833333333333334,90.0,126.0,99.0,43.1,47.1,64.3,102.0
2026-08-01 22:00:00,2026-08-04 22:00:00,72,22,1,5,8,27.4,89.0,2.9,946.0,0.0,110.54166666666667,0.20833333333333334,90.0,126.0,99.0,43.1,47.1,64.3,128.0
2026-08-01 23:00:00,2026-08-02 23:00:00,24,23,1,5,8,27.9,87.0,3.6,945.9,0.0,110.48611111111111,0.20833333333333334,89.0,124.0,101.0,48.9,49.0,72.2,92.0
2026-08-01 23:00:00,2026-08-03 23:00:00,48,23,1,5,8,27.9,87.0,3.6,945.9,0.0,110.48611111111111,0.20833333333333334,89.0,124.0,101.0,48.9,49.0,72.2,102.0
2026-08-01 23:00:00,2026-08-04 23:00:00,72,23,1,5,8,27.9,87.0,3.6,945.9,0.0,110.48611111111111,0.20833333333333334,89.0,124.0,101.0,48.9,49.0,72.2,132.0
2026-08-02 00:00:00,2026-08-03 00:00:00,24,0,2,6,8,27.4,88.0,2.3,946.1,0.0,110.40277777777777,0.25,89.0,121.0,104.0,51.8,46.2,73.3,93.0
2026-08-02 00:00:00,2026-08-04 00:00:00,48,0,2,6,8,27.4,88.0,2.3,946.1,0.0,110.40277777777777,0.25,89.0,121.0,104.0,51.8,46.2,73.3,102.0
2026-08-02 00:00:00,2026-08-05 00:00:00,72,0,2,6,8,27.4,88.0,2.3,946.1,0.0,110.40277777777777,0.25,89.0,121.0,104.0,51.8,46.2,73.3,136.0
2026-08-02 01:00:00,2026-08-03 01:00:00,24,1,2,6,8,26.9,89.0,2.9,946.3,0.0,110.26388888888889,0.20833333333333334,90.0,118.0,107.0,50.1,47.0,70.1,93.0
2026-08-02 01:00:00,2026-08-04 01:00:00,48,1,2,6,8,26.9,89.0,2.9,946.3,0.0,110.26388888888889,0.20833333333333334,90.0,118.0,107.0,50.1,47.0,70.1,101.0
2026-08-02 01:00:00,2026-08-05 01:00:00,72,1,2,6,8,26.9,89.0,2.9,946.3,0.0,110.26388888888889,0.20833333333333334,90.0,118.0,107.0,50.1,47.0,70.1,141.0
2026-08-02 02:00:00,2026-08-03 02:00:00,24,2,2,6,8,26.6,90.0,4.5,946.3,0.0,110.08333333333333,0.16666666666666666,90.0,116.0,109.0,51.0,43.3,65.7,93.0
2026-08-02 02:00:00,2026-08-04 02:00:00,48,2,2,6,8,26.6,90.0,4.5,946.3,0.0,110.08333333333333,0.16666666666666666,90.0,116.0,109.0,51.0,43.3,65.7,99.0
2026-08-02 02:00:00,2026-08-05 02:00:00,72,2,2,6,8,26.6,90.0,4.5,946.3,0.0,110.08333333333333,0.16666666666666666,90.0,116.0,109.0,51.0,43.3,65.7,146.0
2026-08-02 03:00:00,2026-08-03 03:00:00,24,3,2,6,8,26.1,89.0,7.7,946.5,0.2,109.875,0.16666666666666666,91.0,114.0,111.0,52.0,34.5,57.3,93.0
2026-08-02 03:00:00,2026-08-04 03:00:00,48,3,2,6,8,26.1,89.0,7.7,946.5,0.2,109.875,0.16666666666666666,91.0,114.0,111.0,52.0,34.5,57.3,98.0
2026-08-02 03:00:00,2026-08-05 03:00:00,72,3,2,6,8,26.1,89.0,7.7,946.5,0.2,109.875,0.16666666666666666,91.0,114.0,111.0,52.0,34.5,57.3,151.0
2026-08-02 04:00:00,2026-08-03 04:00:00,24,4,2,6,8,24.0,96.0,11.8,947.5,3.2,109.625,0.08333333333333333,92.0,111.0,113.0,53.2,27.9,47.1,93.0
2026-08-02 04:00:00,2026-08-04 04:00:00,48,4,2,6,8,24.0,96.0,11.8,947.5,3.2,109.625,0.08333333333333333,92.0,111.0,113.0,53.2,27.9,47.1,97.0
2026-08-02 04:00:00,2026-08-05 04:00:00,72,4,2,6,8,24.0,96.0,11.8,947.5,3.2,109.625,0.08333333333333333,92.0,111.0,113.0,53.2,27.9,47.1,152.0
2026-08-02 05:00:00,2026-08-03 05:00:00,24,5,2,6,8,25.5,93.0,8.3,947.1,1.2,109.33333333333333,0.0,94.0,109.0,116.0,48.2,23.4,53.9,94.0
2026-08-02 05:00:00,2026-08-04 05:00:00,48,5,2,6,8,25.5,93.0,8.3,947.1,1.2,109.33333333333333,0.0,94.0,109.0,116.0,48.2,23.4,53.9,96.0
2026-08-02 05:00:00,2026-08-05 05:00:00,72,5,2,6,8,25.5,93.0,8.3,947.1,1.2,109.33333333333333,0.0,94.0,109.0,116.0,48.2,23.4,53.9,153.0
2026-08-02 06:00:00,2026-08-03 06:00:00,24,6,2,6,8,25.5,93.0,9.3,947.0,0.0,108.97222222222223,-0.16666666666666666,96.0,106.0,118.0,48.8,22.4,52.7,94.0
2026-08-02 06:00:00,2026-08-04 06:00:00,48,6,2,6,8,25.5,93.0,9.3,947.0,0.0,108.97222222222223,-0.16666666666666666,96.0,106.0,118.0,48.8,22.4,52.7,98.0
2026-08-02 06:00:00,2026-08-05 06:00:00,72,6,2,6,8,25.5,93.0,9.3,947.0,0.0,108.97222222222223,-0.16666666666666666,96.0,106.0,118.0,48.8,22.4,52.7,153.0
2026-08-02 07:00:00,2026-08-03 07:00:00,24,7,2,6,8,26.4,90.0,4.9,947.2,0.0,108.56944444444444,-0.2916666666666667,98.0,103.0,121.0,34.5,23.7,45.9,94.0
2026-08-02 07:00:00,2026-08-04 07:00:00,48,7,2,6,8,26.4,90.0,4.9,947.2,0.0,108.56944444444444,-0.2916666666666667,98.0,103.0,121.0,34.5,23.7,45.9,100.0
2026-08-02 07:00:00,2026-08-05 07:00:00,72,7,2,6,8,26.4,90.0,4.9,947.2,0.0,108.56944444444444,-0.2916666666666667,98.0,103.0,121.0,34.5,23.7,45.9,153.0
2026-08-02 08:00:00,2026-08-03 08:00:00,24,8,2,6,8,28.0,82.0,4.3,948.2,0.0,108.09722222222223,-0.4583333333333333,99.0,101.0,123.0,24.4,21.9,33.3,95.0
2026-08-02 08:00:00,2026-08-04 08:00:00,48,8,2,6,8,28.0,82.0,4.3,948.2,0.0,108.09722222222223,-0.4583333333333333,99.0,101.0,123.0,24.4,21.9,33.3,102.0
2026-08-02 08:00:00,2026-08-05 08:00:00,72,8,2,6,8,28.0,82.0,4.3,948.2,0.0,108.09722222222223,-0.4583333333333333,99.0,101.0,123.0,24.4,21.9,33.3,152.0
2026-08-02 09:00:00,2026-08-03 09:00:00,24,9,2,6,8,29.6,73.0,6.4,948.1,0.0,107.59722222222223,-0.5,99.0,100.0,124.0,20.7,21.8,31.8,96.0
2026-08-02 09:00:00,2026-08-04 09:00:00,48,9,2,6,8,29.6,73.0,6.4,948.1,0.0,107.59722222222223,-0.5,99.0,100.0,124.0,20.7,21.8,31.8,103.0
2026-08-02 09:00:00,2026-08-05 09:00:00,72,9,2,6,8,29.6,73.0,6.4,948.1,0.0,107.59722222222223,-0.5,99.0,100.0,124.0,20.7,21.8,31.8,152.0
2026-08-02 10:00:00,2026-08-03 10:00:00,24,10,2,6,8,30.8,68.0,5.2,947.8,0.0,107.06944444444444,-0.5416666666666666,99.0,99.0,124.0,18.2,23.7,32.4,97.0
2026-08-02 10:00:00,2026-08-04 10:00:00,48,10,2,6,8,30.8,68.0,5.2,947.8,0.0,107.06944444444444,-0.5416666666666666,99.0,99.0,124.0,18.2,23.7,32.4,104.0
2026-08-02 10:00:00,2026-08-05 10:00:00,72,10,2,6,8,30.8,68.0,5.2,947.8,0.0,107.06944444444444,-0.5416666666666666,99.0,99.0,124.0,18.2,23.7,32.4,152.0
2026-08-02 11:00:00,2026-08-03 11:00:00,24,11,2,6,8,31.3,64.0,5.8,947.8,0.1,106.54166666666667,-0.5416666666666666,99.0,98.0,125.0,16.4,24.4,33.5,98.0
2026-08-02 11:00:00,2026-08-04 11:00:00,48,11,2,6,8,31.3,64.0,5.8,947.8,0.1,106.54166666666667,-0.5416666666666666,99.0,98.0,125.0,16.4,24.4,33.5,105.0
2026-08-02 11:00:00,2026-08-05 11:00:00,72,11,2,6,8,31.3,64.0,5.8,947.8,0.1,106.54166666666667,-0.5416666666666666,99.0,98.0,125.0,16.4,24.4,33.5,152.0
2026-08-02 12:00:00,2026-08-03 12:00:00,24,12,2,6,8,32.1,63.0,6.3,947.5,0.1,106.0,-0.5416666666666666,98.0,97.0,126.0,15.3,23.5,32.9,98.0
2026-08-02 12:00:00,2026-08-04 12:00:00,48,12,2,6,8,32.1,63.0,6.3,947.5,0.1,106.0,-0.5416666666666666,98.0,97.0,126.0,15.3,23.5,32.9,106.0
2026-08-02 12:00:00,2026-08-05 12:00:00,72,12,2,6,8,32.1,63.0,6.3,947.5,0.1,106.0,-0.5416666666666666,98.0,97.0,126.0,15.3,23.5,32.9,152.0
2026-08-02 13:00:00,2026-08-03 13:00:00,24,13,2,6,8,32.6,63.0,4.6,947.2,0.1,105.45833333333333,-0.4583333333333333,97.0,98.0,126.0,14.6,22.2,34.6,98.0
2026-08-02 13:00:00,2026-08-04 13:00:00,48,13,2,6,8,32.6,63.0,4.6,947.2,0.1,105.45833333333333,-0.4583333333333333,97.0,98.0,126.0,14.6,22.2,34.6,108.0
2026-08-02 13:00:00,2026-08-05 13:00:00,72,13,2,6,8,32.6,63.0,4.6,947.2,0.1,105.45833333333333,-0.4583333333333333,97.0,98.0,126.0,14.6,22.2,34.6,152.0
2026-08-02 14:00:00,2026-08-03 14:00:00,24,14,2,6,8,33.1,61.0,3.9,946.4,0.0,104.93055555555556,-0.375,97.0,112.0,127.0,15.0,20.4,31.2,98.0
2026-08-02 14:00:00,2026-08-04 14:00:00,48,14,2,6,8,33.1,61.0,3.9,946.4,0.0,104.93055555555556,-0.375,97.0,112.0,127.0,15.0,20.4,31.2,111.0
2026-08-02 14:00:00,2026-08-05 14:00:00,72,14,2,6,8,33.1,61.0,3.9,946.4,0.0,104.93055555555556,-0.375,97.0,112.0,127.0,15.0,20.4,31.2,152.0
2026-08-02 15:00:00,2026-08-03 15:00:00,24,15,2,6,8,33.1,61.0,4.4,945.7,0.0,104.40277777777777,-0.3333333333333333,96.0,127.0,127.0,15.6,19.7,31.1,98.0
2026-08-02 15:00:00,2026-08-04 15:00:00,48,15,2,6,8,33.1,61.0,4.4,945.7,0.0,104.40277777777777,-0.3333333333333333,96.0,127.0,127.0,15.6,19.7,31.1,144.0
2026-08-02 15:00:00,2026-08-05 15:00:00,72,15,2,6,8,33.1,61.0,4.4,945.7,0.0,104.40277777777777,-0.3333333333333333,96.0,127.0,127.0,15.6,19.7,31.1,152.0
2026-08-02 16:00:00,2026-08-03 16:00:00,24,16,2,6,8,33.3,60.0,4.8,945.3,0.0,103.88888888888889,-0.25,96.0,140.0,141.0,15.9,20.3,29.3,109.0
2026-08-02 16:00:00,2026-08-04 16:00:00,48,16,2,6,8,33.3,60.0,4.8,945.3,0.0,103.88888888888889,-0.25,96.0,140.0,141.0,15.9,20.3,29.3,173.0
2026-08-02 16:00:00,2026-08-05 16:00:00,72,16,2,6,8,33.3,60.0,4.8,945.3,0.0,103.88888888888889,-0.25,96.0,140.0,141.0,15.9,20.3,29.3,151.0
2026-08-02 17:00:00,2026-08-03 17:00:00,24,17,2,6,8,32.8,58.0,6.3,945.2,0.1,103.40277777777777,0.4166666666666667,96.0,150.0,148.0,21.5,27.8,34.3,126.0
2026-08-02 17:00:00,2026-08-04 17:00:00,48,17,2,6,8,32.8,58.0,6.3,945.2,0.1,103.40277777777777,0.4166666666666667,96.0,150.0,148.0,21.5,27.8,34.3,193.0
2026-08-02 17:00:00,2026-08-05 17:00:00,72,17,2,6,8,32.8,58.0,6.3,945.2,0.1,103.40277777777777,0.4166666666666667,96.0,150.0,148.0,21.5,27.8,34.3,170.0
2026-08-02 18:00:00,2026-08-03 18:00:00,24,18,2,6,8,31.0,72.0,9.9,945.1,0.1,103.05555555555556,1.125,97.0,147.0,150.0,25.7,26.1,36.4,131.0
2026-08-02 18:00:00,2026-08-04 18:00:00,48,18,2,6,8,31.0,72.0,9.9,945.1,0.1,103.05555555555556,1.125,97.0,147.0,150.0,25.7,26.1,36.4,196.0
2026-08-02 18:00:00,2026-08-05 18:00:00,72,18,2,6,8,31.0,72.0,9.9,945.1,0.1,103.05555555555556,1.125,97.0,147.0,150.0,25.7,26.1,36.4,179.0
2026-08-02 19:00:00,2026-08-03 19:00:00,24,19,2,6,8,29.2,81.0,8.4,945.4,0.0,102.77777777777777,1.375,95.0,133.0,141.0,30.4,28.8,41.3,127.0
2026-08-02 19:00:00,2026-08-04 19:00:00,48,19,2,6,8,29.2,81.0,8.4,945.4,0.0,102.77777777777777,1.375,95.0,133.0,141.0,30.4,28.8,41.3,187.0
2026-08-02 19:00:00,2026-08-05 19:00:00,72,19,2,6,8,29.2,81.0,8.4,945.4,0.0,102.77777777777777,1.375,95.0,133.0,141.0,30.4,28.8,41.3,176.0
2026-08-02 20:00:00,2026-08-03 20:00:00,24,20,2,6,8,28.4,86.0,3.9,946.1,0.0,102.59722222222223,1.375,95.0,109.0,126.0,34.2,36.0,45.9,113.0
2026-08-02 20:00:00,2026-08-04 20:00:00,48,20,2,6,8,28.4,86.0,3.9,946.1,0.0,102.59722222222223,1.375,95.0,109.0,126.0,34.2,36.0,45.9,168.0
2026-08-02 20:00:00,2026-08-05 20:00:00,72,20,2,6,8,28.4,86.0,3.9,946.1,0.0,102.59722222222223,1.375,95.0,109.0,126.0,34.2,36.0,45.9,159.0
2026-08-02 21:00:00,2026-08-03 21:00:00,24,21,2,6,8,28.1,89.0,2.2,946.9,0.0,102.44444444444444,0.8333333333333334,95.0,90.0,126.0,37.5,40.2,46.4,102.0
2026-08-02 21:00:00,2026-08-04 21:00:00,48,21,2,6,8,28.1,89.0,2.2,946.9,0.0,102.44444444444444,0.8333333333333334,95.0,90.0,126.0,37.5,40.2,46.4,136.0
2026-08-02 21:00:00,2026-08-05 21:00:00,72,21,2,6,8,28.1,89.0,2.2,946.9,0.0,102.44444444444444,0.8333333333333334,95.0,90.0,126.0,37.5,40.2,46.4,150.0
2026-08-02 22:00:00,2026-08-03 22:00:00,24,22,2,6,8,27.7,90.0,4.5,947.4,0.0,101.97222222222223,-0.125,95.0,90.0,126.0,41.8,43.1,47.1,102.0
2026-08-02 22:00:00,2026-08-04 22:00:00,48,22,2,6,8,27.7,90.0,4.5,947.4,0.0,101.97222222222223,-0.125,95.0,90.0,126.0,41.8,43.1,47.1,128.0
2026-08-02 22:00:00,2026-08-05 22:00:00,72,22,2,6,8,27.7,90.0,4.5,947.4,0.0,101.97222222222223,-0.125,95.0,90.0,126.0,41.8,43.1,47.1,149.0
2026-08-02 23:00:00,2026-08-03 23:00:00,24,23,2,6,8,28.1,86.0,5.7,947.4,0.0,101.5,-0.125,95.0,89.0,124.0,43.7,48.9,49.0,102.0
2026-08-02 23:00:00,2026-08-04 23:00:00,48,23,2,6,8,28.1,86.0,5.7,947.4,0.0,101.5,-0.125,95.0,89.0,124.0,43.7,48.9,49.0,132.0
2026-08-02 23:00:00,2026-08-05 23:00:00,72,23,2,6,8,28.1,86.0,5.7,947.4,0.0,101.5,-0.125,95.0,89.0,124.0,43.7,48.9,49.0,148.0
2026-08-03 00:00:00,2026-08-04 00:00:00,24,0,3,0,8,27.5,88.0,5.2,947.0,0.0,101.05555555555556,-0.125,94.0,89.0,121.0,44.9,51.8,46.2,102.0
2026-08-03 00:00:00,2026-08-05 00:00:00,48,0,3,0,8,27.5,88.0,5.2,947.0,0.0,101.05555555555556,-0.125,94.0,89.0,121.0,44.9,51.8,46.2,136.0
2026-08-03 00:00:00,2026-08-06 00:00:00,72,0,3,0,8,27.5,88.0,5.2,947.0,0.0,101.05555555555556,-0.125,94.0,89.0,121.0,44.9,51.8,46.2,145.0
2026-08-03 01:00:00,2026-08-04 01:00:00,24,1,3,0,8,27.0,91.0,3.9,946.9,0.0,100.66666666666667,-0.041666666666666664,94.0,90.0,118.0,46.7,50.1,47.0,101.0
2026-08-03 01:00:00,2026-08-05 01:00:00,48,1,3,0,8,27.0,91.0,3.9,946.9,0.0,100.66666666666667,-0.041666666666666664,94.0,90.0,118.0,46.7,50.1,47.0,141.0
2026-08-03 01:00:00,2026-08-06 01:00:00,72,1,3,0,8,27.0,91.0,3.9,946.9,0.0,100.66666666666667,-0.041666666666666664,94.0,90.0,118.0,46.7,50.1,47.0,141.0
2026-08-03 02:00:00,2026-08-04 02:00:00,24,2,3,0,8,26.6,93.0,3.6,946.4,0.0,100.31944444444444,-0.041666666666666664,94.0,90.0,116.0,45.6,51.0,43.3,99.0
2026-08-03 02:00:00,2026-08-05 02:00:00,48,2,3,0,8,26.6,93.0,3.6,946.4,0.0,100.31944444444444,-0.041666666666666664,94.0,90.0,116.0,45.6,51.0,43.3,146.0
2026-08-03 02:00:00,2026-08-06 02:00:00,72,2,3,0,8,26.6,93.0,3.6,946.4,0.0,100.31944444444444,-0.041666666666666664,94.0,90.0,116.0,45.6,51.0,43.3,136.0
2026-08-03 03:00:00,2026-08-04 03:00:00,24,3,3,0,8,26.4,94.0,2.9,946.0,0.0,100.0,-0.041666666666666664,93.0,91.0,114.0,39.7,52.0,34.5,98.0
2026-08-03 03:00:00,2026-08-05 03:00:00,48,3,3,0,8,26.4,94.0,2.9,946.0,0.0,100.0,-0.041666666666666664,93.0,91.0,114.0,39.7,52.0,34.5,151.0
2026-08-03 03:00:00,2026-08-06 03:00:00,72,3,3,0,8,26.4,94.0,2.9,946.0,0.0,100.0,-0.041666666666666664,93.0,91.0,114.0,39.7,52.0,34.5,131.0
2026-08-03 04:00:00,2026-08-04 04:00:00,24,4,3,0,8,26.4,93.0,0.8,946.0,0.0,99.70833333333333,0.0,92.0,92.0,111.0,29.7,53.2,27.9,97.0
2026-08-03 04:00:00,2026-08-05 04:00:00,48,4,3,0,8,26.4,93.0,0.8,946.0,0.0,99.70833333333333,0.0,92.0,92.0,111.0,29.7,53.2,27.9,152.0
2026-08-03 04:00:00,2026-08-06 04:00:00,72,4,3,0,8,26.4,93.0,0.8,946.0,0.0,99.70833333333333,0.0,92.0,92.0,111.0,29.7,53.2,27.9,125.0
2026-08-03 05:00:00,2026-08-04 05:00:00,24,5,3,0,8,26.6,95.0,1.8,945.9,0.0,99.45833333333333,0.041666666666666664,90.0,94.0,109.0,29.3,48.2,23.4,96.0
2026-08-03 05:00:00,2026-08-05 05:00:00,48,5,3,0,8,26.6,95.0,1.8,945.9,0.0,99.45833333333333,0.041666666666666664,90.0,94.0,109.0,29.3,48.2,23.4,153.0
2026-08-03 05:00:00,2026-08-06 05:00:00,72,5,3,0,8,26.6,95.0,1.8,945.9,0.0,99.45833333333333,0.041666666666666664,90.0,94.0,109.0,29.3,48.2,23.4,121.0
2026-08-03 06:00:00,2026-08-04 06:00:00,24,6,3,0,8,26.7,95.0,6.1,945.5,0.1,99.25,0.16666666666666666,89.0,96.0,106.0,29.0,48.8,22.4,98.0
2026-08-03 06:00:00,2026-08-05 06:00:00,48,6,3,0,8,26.7,95.0,6.1,945.5,0.1,99.25,0.16666666666666666,89.0,96.0,106.0,29.0,48.8,22.4,153.0
2026-08-03 06:00:00,2026-08-06 06:00:00,72,6,3,0,8,26.7,95.0,6.1,945.5,0.1,99.25,0.16666666666666666,89.0,96.0,106.0,29.0,48.8,22.4,117.0
2026-08-03 07:00:00,2026-08-04 07:00:00,24,7,3,0,8,27.8,90.0,4.0,945.9,0.0,99.08333333333333,0.20833333333333334,87.0,98.0,103.0,28.2,34.5,23.7,100.0
2026-08-03 07:00:00,2026-08-05 07:00:00,48,7,3,0,8,27.8,90.0,4.0,945.9,0.0,99.08333333333333,0.20833333333333334,87.0,98.0,103.0,28.2,34.5,23.7,153.0
2026-08-03 07:00:00,2026-08-06 07:00:00,72,7,3,0,8,27.8,90.0,4.0,945.9,0.0,99.08333333333333,0.20833333333333334,87.0,98.0,103.0,28.2,34.5,23.7,114.0
2026-08-03 08:00:00,2026-08-04 08:00:00,24,8,3,0,8,28.6,84.0,5.1,946.5,0.1,98.95833333333333,0.2916666666666667,87.0,99.0,101.0,20.5,24.4,21.9,102.0
2026-08-03 08:00:00,2026-08-05 08:00:00,48,8,3,0,8,28.6,84.0,5.1,946.5,0.1,98.95833333333333,0.2916666666666667,87.0,99.0,101.0,20.5,24.4,21.9,152.0
2026-08-03 08:00:00,2026-08-06 08:00:00,72,8,3,0,8,28.6,84.0,5.1,946.5,0.1,98.95833333333333,0.2916666666666667,87.0,99.0,101.0,20.5,24.4,21.9,115.0
2026-08-03 09:00:00,2026-08-04 09:00:00,24,9,3,0,8,29.3,80.0,8.3,947.2,0.4,98.875,0.3333333333333333,86.0,99.0,100.0,18.2,20.7,21.8,103.0
2026-08-03 09:00:00,2026-08-05 09:00:00,48,9,3,0,8,29.3,80.0,8.3,947.2,0.4,98.875,0.3333333333333333,86.0,99.0,100.0,18.2,20.7,21.8,152.0
2026-08-03 09:00:00,2026-08-06 09:00:00,72,9,3,0,8,29.3,80.0,8.3,947.2,0.4,98.875,0.3333333333333333,86.0,99.0,100.0,18.2,20.7,21.8,115.0
2026-08-03 10:00:00,2026-08-04 10:00:00,24,10,3,0,8,29.3,76.0,9.9,947.8,0.4,98.81944444444444,0.4166666666666667,86.0,99.0,99.0,20.0,18.2,23.7,104.0
2026-08-03 10:00:00,2026-08-05 10:00:00,48,10,3,0,8,29.3,76.0,9.9,947.8,0.4,98.81944444444444,0.4166666666666667,86.0,99.0,99.0,20.0,18.2,23.7,152.0
2026-08-03 10:00:00,2026-08-06 10:00:00,72,10,3,0,8,29.3,76.0,9.9,947.8,0.4,98.81944444444444,0.4166666666666667,86.0,99.0,99.0,20.0,18.2,23.7,114.0
2026-08-03 11:00:00,2026-08-04 11:00:00,24,11,3,0,8,30.3,74.0,7.6,947.8,0.8,98.79166666666667,0.4583333333333333,86.0,99.0,98.0,22.6,16.4,24.4,105.0
2026-08-03 11:00:00,2026-08-05 11:00:00,48,11,3,0,8,30.3,74.0,7.6,947.8,0.8,98.79166666666667,0.4583333333333333,86.0,99.0,98.0,22.6,16.4,24.4,152.0
2026-08-03 11:00:00,2026-08-06 11:00:00,72,11,3,0,8,30.3,74.0,7.6,947.8,0.8,98.79166666666667,0.4583333333333333,86.0,99.0,98.0,22.6,16.4,24.4,113.0
2026-08-03 12:00:00,2026-08-04 12:00:00,24,12,3,0,8,31.3,71.0,4.7,947.9,0.2,98.79166666666667,0.5,87.0,98.0,97.0,24.9,15.3,23.5,106.0
2026-08-03 12:00:00,2026-08-05 12:00:00,48,12,3,0,8,31.3,71.0,4.7,947.9,0.2,98.79166666666667,0.5,87.0,98.0,97.0,24.9,15.3,23.5,152.0
2026-08-03 12:00:00,2026-08-06 12:00:00,72,12,3,0,8,31.3,71.0,4.7,947.9,0.2,98.79166666666667,0.5,87.0,98.0,97.0,24.9,15.3,23.5,113.0
2026-08-03 13:00:00,2026-08-04 13:00:00,24,13,3,0,8,28.3,84.0,12.2,947.7,2.9,98.80555555555556,0.4583333333333333,88.0,97.0,98.0,26.5,14.6,22.2,108.0
2026-08-03 13:00:00,2026-08-05 13:00:00,48,13,3,0,8,28.3,84.0,12.2,947.7,2.9,98.80555555555556,0.4583333333333333,88.0,97.0,98.0,26.5,14.6,22.2,152.0
2026-08-03 13:00:00,2026-08-06 13:00:00,72,13,3,0,8,28.3,84.0,12.2,947.7,2.9,98.80555555555556,0.4583333333333333,88.0,97.0,98.0,26.5,14.6,22.2,112.0
2026-08-03 14:00:00,2026-08-04 14:00:00,24,14,3,0,8,28.4,84.0,7.6,946.9,1.2,98.80555555555556,0.4166666666666667,89.0,97.0,112.0,28.0,15.0,20.4,111.0
2026-08-03 14:00:00,2026-08-05 14:00:00,48,14,3,0,8,28.4,84.0,7.6,946.9,1.2,98.80555555555556,0.4166666666666667,89.0,97.0,112.0,28.0,15.0,20.4,152.0
2026-08-03 14:00:00,2026-08-06 14:00:00,72,14,3,0,8,28.4,84.0,7.6,946.9,1.2,98.80555555555556,0.4166666666666667,89.0,97.0,112.0,28.0,15.0,20.4,111.0
2026-08-03 15:00:00,2026-08-04 15:00:00,24,15,3,0,8,30.4,76.0,6.5,946.6,0.1,98.61111111111111,0.375,90.0,96.0,127.0,28.9,15.6,19.7,144.0
2026-08-03 15:00:00,2026-08-05 15:00:00,48,15,3,0,8,30.4,76.0,6.5,946.6,0.1,98.61111111111111,0.375,90.0,96.0,127.0,28.9,15.6,19.7,152.0
2026-08-03 15:00:00,2026-08-06 15:00:00,72,15,3,0,8,30.4,76.0,6.5,946.6,0.1,98.61111111111111,0.375,90.0,96.0,127.0,28.9,15.6,19.7,138.0
2026-08-03 16:00:00,2026-08-04 16:00:00,24,16,3,0,8,30.8,72.0,6.8,946.3,1.3,98.20833333333333,0.3333333333333333,106.0,96.0,140.0,29.9,15.9,20.3,173.0
2026-08-03 16:00:00,2026-08-05 16:00:00,48,16,3,0,8,30.8,72.0,6.8,946.3,1.3,98.20833333333333,0.3333333333333333,106.0,96.0,140.0,29.9,15.9,20.3,151.0
2026-08-03 16:00:00,2026-08-06 16:00:00,72,16,3,0,8,30.8,72.0,6.8,946.3,1.3,98.20833333333333,0.3333333333333333,106.0,96.0,140.0,29.9,15.9,20.3,165.0
2026-08-03 17:00:00,2026-08-04 17:00:00,24,17,3,0,8,29.2,79.0,5.2,946.1,0.1,97.77777777777777,0.125,123.0,96.0,150.0,19.3,21.5,27.8,193.0
2026-08-03 17:00:00,2026-08-05 17:00:00,48,17,3,0,8,29.2,79.0,5.2,946.1,0.1,97.77777777777777,0.125,123.0,96.0,150.0,19.3,21.5,27.8,170.0
2026-08-03 17:00:00,2026-08-06 17:00:00,72,17,3,0,8,29.2,79.0,5.2,946.1,0.1,97.77777777777777,0.125,123.0,96.0,150.0,19.3,21.5,27.8,186.0
2026-08-03 18:00:00,2026-08-04 18:00:00,24,18,3,0,8,29.0,79.0,4.6,946.1,0.1,97.44444444444444,0.125,130.0,97.0,147.0,25.0,25.7,26.1,196.0
2026-08-03 18:00:00,2026-08-05 18:00:00,48,18,3,0,8,29.0,79.0,4.6,946.1,0.1,97.44444444444444,0.125,130.0,97.0,147.0,25.0,25.7,26.1,179.0
2026-08-03 18:00:00,2026-08-06 18:00:00,72,18,3,0,8,29.0,79.0,4.6,946.1,0.1,97.44444444444444,0.125,130.0,97.0,147.0,25.0,25.7,26.1,195.0
2026-08-03 19:00:00,2026-08-04 19:00:00,24,19,3,0,8,28.4,85.0,3.2,946.2,0.0,97.22222222222223,0.041666666666666664,128.0,95.0,133.0,32.4,30.4,28.8,187.0
2026-08-03 19:00:00,2026-08-05 19:00:00,48,19,3,0,8,28.4,85.0,3.2,946.2,0.0,97.22222222222223,0.041666666666666664,128.0,95.0,133.0,32.4,30.4,28.8,176.0
2026-08-03 19:00:00,2026-08-06 19:00:00,72,19,3,0,8,28.4,85.0,3.2,946.2,0.0,97.22222222222223,0.041666666666666664,128.0,95.0,133.0,32.4,30.4,28.8,192.0
2026-08-03 20:00:00,2026-08-04 20:00:00,24,20,3,0,8,27.8,86.0,3.9,946.8,0.0,97.13888888888889,-0.041666666666666664,115.0,95.0,109.0,38.5,34.2,36.0,168.0
2026-08-03 20:00:00,2026-08-05 20:00:00,48,20,3,0,8,27.8,86.0,3.9,946.8,0.0,97.13888888888889,-0.041666666666666664,115.0,95.0,109.0,38.5,34.2,36.0,159.0
2026-08-03 20:00:00,2026-08-06 20:00:00,72,20,3,0,8,27.8,86.0,3.9,946.8,0.0,97.13888888888889,-0.041666666666666664,115.0,95.0,109.0,38.5,34.2,36.0,174.0
2026-08-03 21:00:00,2026-08-04 21:00:00,24,21,3,0,8,27.1,88.0,5.8,947.5,0.0,97.19444444444444,-0.08333333333333333,92.0,95.0,90.0,41.4,37.5,40.2,136.0
2026-08-03 21:00:00,2026-08-05 21:00:00,48,21,3,0,8,27.1,88.0,5.8,947.5,0.0,97.19444444444444,-0.08333333333333333,92.0,95.0,90.0,41.4,37.5,40.2,150.0
2026-08-03 21:00:00,2026-08-06 21:00:00,72,21,3,0,8,27.1,88.0,5.8,947.5,0.0,97.19444444444444,-0.08333333333333333,92.0,95.0,90.0,41.4,37.5,40.2,145.0
2026-08-03 22:00:00,2026-08-04 22:00:00,24,22,3,0,8,26.5,90.0,4.7,947.6,0.0,97.36111111111111,0.4166666666666667,92.0,95.0,90.0,43.5,41.8,43.1,128.0
2026-08-03 22:00:00,2026-08-05 22:00:00,48,22,3,0,8,26.5,90.0,4.7,947.6,0.0,97.36111111111111,0.4166666666666667,92.0,95.0,90.0,43.5,41.8,43.1,149.0
2026-08-03 22:00:00,2026-08-06 22:00:00,72,22,3,0,8,26.5,90.0,4.7,947.6,0.0,97.36111111111111,0.4166666666666667,92.0,95.0,90.0,43.5,41.8,43.1,108.0
2026-08-03 23:00:00,2026-08-04 23:00:00,24,23,3,0,8,26.5,91.0,5.5,947.8,0.0,97.52777777777777,0.4166666666666667,92.0,95.0,89.0,48.0,43.7,48.9,132.0
2026-08-03 23:00:00,2026-08-05 23:00:00,48,23,3,0,8,26.5,91.0,5.5,947.8,0.0,97.52777777777777,0.4166666666666667,92.0,95.0,89.0,48.0,43.7,48.9,148.0
2026-08-03 23:00:00,2026-08-06 23:00:00,72,23,3,0,8,26.5,91.0,5.5,947.8,0.0,97.52777777777777,0.4166666666666667,92.0,95.0,89.0,48.0,43.7,48.9,107.0
2026-08-04 00:00:00,2026-08-05 00:00:00,24,0,4,1,8,26.0,94.0,3.5,947.6,0.0,97.70833333333333,0.4166666666666667,93.0,94.0,89.0,48.9,44.9,51.8,136.0
2026-08-04 00:00:00,2026-08-06 00:00:00,48,0,4,1,8,26.0,94.0,3.5,947.6,0.0,97.70833333333333,0.4166666666666667,93.0,94.0,89.0,48.9,44.9,51.8,145.0
2026-08-04 00:00:00,2026-08-07 00:00:00,72,0,4,1,8,26.0,94.0,3.5,947.6,0.0,97.70833333333333,0.4166666666666667,93.0,94.0,89.0,48.9,44.9,51.8,106.0
2026-08-04 01:00:00,2026-08-05 01:00:00,24,1,4,1,8,25.8,95.0,4.9,947.3,0.0,97.88888888888889,0.375,93.0,94.0,90.0,45.3,46.7,50.1,141.0
2026-08-04 01:00:00,2026-08-06 01:00:00,48,1,4,1,8,25.8,95.0,4.9,947.3,0.0,97.88888888888889,0.375,93.0,94.0,90.0,45.3,46.7,50.1,141.0
2026-08-04 01:00:00,2026-08-07 01:00:00,72,1,4,1,8,25.8,95.0,4.9,947.3,0.0,97.88888888888889,0.375,93.0,94.0,90.0,45.3,46.7,50.1,106.0
2026-08-04 02:00:00,2026-08-05 02:00:00,24,2,4,1,8,25.5,96.0,4.1,947.2,0.0,98.04166666666667,0.3333333333333333,93.0,94.0,90.0,42.5,45.6,51.0,146.0
2026-08-04 02:00:00,2026-08-06 02:00:00,48,2,4,1,8,25.5,96.0,4.1,947.2,0.0,98.04166666666667,0.3333333333333333,93.0,94.0,90.0,42.5,45.6,51.0,136.0
2026-08-04 02:00:00,2026-08-07 02:00:00,72,2,4,1,8,25.5,96.0,4.1,947.2,0.0,98.04166666666667,0.3333333333333333,93.0,94.0,90.0,42.5,45.6,51.0,107.0
2026-08-04 03:00:00,2026-08-05 03:00:00,24,3,4,1,8,25.4,96.0,4.4,947.5,0.0,98.16666666666667,0.25,93.0,93.0,91.0,41.2,39.7,52.0,151.0
2026-08-04 03:00:00,2026-08-06 03:00:00,48,3,4,1,8,25.4,96.0,4.4,947.5,0.0,98.16666666666667,0.25,93.0,93.0,91.0,41.2,39.7,52.0,131.0
2026-08-04 03:00:00,2026-08-07 03:00:00,72,3,4,1,8,25.4,96.0,4.4,947.5,0.0,98.16666666666667,0.25,93.0,93.0,91.0,41.2,39.7,52.0,107.0
2026-08-04 04:00:00,2026-08-05 04:00:00,24,4,4,1,8,24.5,99.0,2.1,947.9,4.9,98.26388888888889,0.20833333333333334,93.0,92.0,92.0,39.9,29.7,53.2,152.0
2026-08-04 04:00:00,2026-08-06 04:00:00,48,4,4,1,8,24.5,99.0,2.1,947.9,4.9,98.26388888888889,0.20833333333333334,93.0,92.0,92.0,39.9,29.7,53.2,125.0
2026-08-04 04:00:00,2026-08-07 04:00:00,72,4,4,1,8,24.5,99.0,2.1,947.9,4.9,98.26388888888889,0.20833333333333334,93.0,92.0,92.0,39.9,29.7,53.2,107.0
2026-08-04 05:00:00,2026-08-05 05:00:00,24,5,4,1,8,24.8,97.0,5.1,947.6,2.0,98.33333333333333,0.16666666666666666,94.0,90.0,94.0,32.6,29.3,48.2,153.0
2026-08-04 05:00:00,2026-08-06 05:00:00,48,5,4,1,8,24.8,97.0,5.1,947.6,2.0,98.33333333333333,0.16666666666666666,94.0,90.0,94.0,32.6,29.3,48.2,121.0
2026-08-04 05:00:00,2026-08-07 05:00:00,72,5,4,1,8,24.8,97.0,5.1,947.6,2.0,98.33333333333333,0.16666666666666666,94.0,90.0,94.0,32.6,29.3,48.2,108.0
2026-08-04 06:00:00,2026-08-05 06:00:00,24,6,4,1,8,24.6,96.0,2.9,947.9,0.9,98.36111111111111,0.08333333333333333,94.0,89.0,96.0,34.2,29.0,48.8,153.0
2026-08-04 06:00:00,2026-08-06 06:00:00,48,6,4,1,8,24.6,96.0,2.9,947.9,0.9,98.36111111111111,0.08333333333333333,94.0,89.0,96.0,34.2,29.0,48.8,117.0
2026-08-04 06:00:00,2026-08-07 06:00:00,72,6,4,1,8,24.6,96.0,2.9,947.9,0.9,98.36111111111111,0.08333333333333333,94.0,89.0,96.0,34.2,29.0,48.8,108.0
2026-08-04 07:00:00,2026-08-05 07:00:00,24,7,4,1,8,25.1,94.0,1.8,948.1,0.6,98.38888888888889,0.16666666666666666,94.0,87.0,98.0,38.2,28.2,34.5,153.0
2026-08-04 07:00:00,2026-08-06 07:00:00,48,7,4,1,8,25.1,94.0,1.8,948.1,0.6,98.38888888888889,0.16666666666666666,94.0,87.0,98.0,38.2,28.2,34.5,114.0
2026-08-04 07:00:00,2026-08-07 07:00:00,72,7,4,1,8,25.1,94.0,1.8,948.1,0.6,98.38888888888889,0.16666666666666666,94.0,87.0,98.0,38.2,28.2,34.5,107.0
2026-08-04 08:00:00,2026-08-05 08:00:00,24,8,4,1,8,26.5,89.0,3.6,948.4,0.1,98.41666666666667,0.25,95.0,87.0,99.0,32.9,20.5,24.4,152.0
2026-08-04 08:00:00,2026-08-06 08:00:00,48,8,4,1,8,26.5,89.0,3.6,948.4,0.1,98.41666666666667,0.25,95.0,87.0,99.0,32.9,20.5,24.4,115.0
2026-08-04 08:00:00,2026-08-07 08:00:00,72,8,4,1,8,26.5,89.0,3.6,948.4,0.1,98.41666666666667,0.25,95.0,87.0,99.0,32.9,20.5,24.4,107.0
2026-08-04 09:00:00,2026-08-05 09:00:00,24,9,4,1,8,28.4,78.0,1.5,948.9,0.0,98.45833333333333,0.2916666666666667,96.0,86.0,99.0,27.9,18.2,20.7,152.0
2026-08-04 09:00:00,2026-08-06 09:00:00,48,9,4,1,8,28.4,78.0,1.5,948.9,0.0,98.45833333333333,0.2916666666666667,96.0,86.0,99.0,27.9,18.2,20.7,115.0
2026-08-04 09:00:00,2026-08-07 09:00:00,72,9,4,1,8,28.4,78.0,1.5,948.9,0.0,98.45833333333333,0.2916666666666667,96.0,86.0,99.0,27.9,18.2,20.7,105.0
2026-08-04 10:00:00,2026-08-05 10:00:00,24,10,4,1,8,30.0,72.0,1.1,948.9,0.0,98.51388888888889,0.2916666666666667,97.0,86.0,99.0,28.2,20.0,18.2,152.0
2026-08-04 10:00:00,2026-08-06 10:00:00,48,10,4,1,8,30.0,72.0,1.1,948.9,0.0,98.51388888888889,0.2916666666666667,97.0,86.0,99.0,28.2,20.0,18.2,114.0
2026-08-04 10:00:00,2026-08-07 10:00:00,72,10,4,1,8,30.0,72.0,1.1,948.9,0.0,98.51388888888889,0.2916666666666667,97.0,86.0,99.0,28.2,20.0,18.2,104.0
2026-08-04 11:00:00,2026-08-05 11:00:00,24,11,4,1,8,30.9,68.0,4.3,949.5,0.2,98.58333333333333,0.2916666666666667,98.0,86.0,99.0,28.3,22.6,16.4,152.0
2026-08-04 11:00:00,2026-08-06 11:00:00,48,11,4,1,8,30.9,68.0,4.3,949.5,0.2,98.58333333333333,0.2916666666666667,98.0,86.0,99.0,28.3,22.6,16.4,113.0
2026-08-04 11:00:00,2026-08-07 11:00:00,72,11,4,1,8,30.9,68.0,4.3,949.5,0.2,98.58333333333333,0.2916666666666667,98.0,86.0,99.0,28.3,22.6,16.4,103.0
2026-08-04 12:00:00,2026-08-05 12:00:00,24,12,4,1,8,31.6,65.0,5.3,949.1,0.1,98.66666666666667,0.2916666666666667,98.0,87.0,98.0,26.1,24.9,15.3,152.0
2026-08-04 12:00:00,2026-08-06 12:00:00,48,12,4,1,8,31.6,65.0,5.3,949.1,0.1,98.66666666666667,0.2916666666666667,98.0,87.0,98.0,26.1,24.9,15.3,113.0
2026-08-04 12:00:00,2026-08-07 12:00:00,72,12,4,1,8,31.6,65.0,5.3,949.1,0.1,98.66666666666667,0.2916666666666667,98.0,87.0,98.0,26.1,24.9,15.3,102.0
2026-08-04 13:00:00,2026-08-05 13:00:00,24,13,4,1,8,32.6,63.0,3.0,948.7,0.1,98.77777777777777,0.3333333333333333,98.0,88.0,97.0,27.2,26.5,14.6,152.0
2026-08-04 13:00:00,2026-08-06 13:00:00,48,13,4,1,8,32.6,63.0,3.0,948.7,0.1,98.77777777777777,0.3333333333333333,98.0,88.0,97.0,27.2,26.5,14.6,112.0
2026-08-04 13:00:00,2026-08-07 13:00:00,72,13,4,1,8,32.6,63.0,3.0,948.7,0.1,98.77777777777777,0.3333333333333333,98.0,88.0,97.0,27.2,26.5,14.6,106.0
2026-08-04 14:00:00,2026-08-05 14:00:00,24,14,4,1,8,32.7,64.0,1.9,947.6,0.0,98.93055555555556,0.4166666666666667,98.0,89.0,97.0,28.3,28.0,15.0,152.0
2026-08-04 14:00:00,2026-08-06 14:00:00,48,14,4,1,8,32.7,64.0,1.9,947.6,0.0,98.93055555555556,0.4166666666666667,98.0,89.0,97.0,28.3,28.0,15.0,111.0
2026-08-04 14:00:00,2026-08-07 14:00:00,72,14,4,1,8,32.7,64.0,1.9,947.6,0.0,98.93055555555556,0.4166666666666667,98.0,89.0,97.0,28.3,28.0,15.0,131.0
2026-08-04 15:00:00,2026-08-05 15:00:00,24,15,4,1,8,32.7,64.0,2.6,947.0,0.1,99.125,0.5416666666666666,98.0,90.0,96.0,28.5,28.9,15.6,152.0
2026-08-04 15:00:00,2026-08-06 15:00:00,48,15,4,1,8,32.7,64.0,2.6,947.0,0.1,99.125,0.5416666666666666,98.0,90.0,96.0,28.5,28.9,15.6,138.0
2026-08-04 15:00:00,2026-08-07 15:00:00,72,15,4,1,8,32.7,64.0,2.6,947.0,0.1,99.125,0.5416666666666666,98.0,90.0,96.0,28.5,28.9,15.6,155.0
2026-08-04 16:00:00,2026-08-05 16:00:00,24,16,4,1,8,32.2,67.0,3.2,946.3,0.1,99.79166666666667,1.9166666666666667,109.0,106.0,96.0,32.6,29.9,15.9,151.0
2026-08-04 16:00:00,2026-08-06 16:00:00,48,16,4,1,8,32.2,67.0,3.2,946.3,0.1,99.79166666666667,1.9166666666666667,109.0,106.0,96.0,32.6,29.9,15.9,165.0
2026-08-04 16:00:00,2026-08-07 16:00:00,72,16,4,1,8,32.2,67.0,3.2,946.3,0.1,99.79166666666667,1.9166666666666667,109.0,106.0,96.0,32.6,29.9,15.9,175.0
2026-08-04 17:00:00,2026-08-05 17:00:00,24,17,4,1,8,32.1,63.0,6.5,945.6,0.1,100.86111111111111,2.6666666666666665,126.0,123.0,96.0,35.9,19.3,21.5,170.0
2026-08-04 17:00:00,2026-08-06 17:00:00,48,17,4,1,8,32.1,63.0,6.5,945.6,0.1,100.86111111111111,2.6666666666666665,126.0,123.0,96.0,35.9,19.3,21.5,186.0
2026-08-04 17:00:00,2026-08-07 17:00:00,72,17,4,1,8,32.1,63.0,6.5,945.6,0.1,100.86111111111111,2.6666666666666665,126.0,123.0,96.0,35.9,19.3,21.5,192.0
2026-08-04 18:00:00,2026-08-05 18:00:00,24,18,4,1,8,31.3,71.0,4.5,945.5,0.1,102.20833333333333,2.7916666666666665,131.0,130.0,97.0,36.6,25.0,25.7,179.0
2026-08-04 18:00:00,2026-08-06 18:00:00,48,18,4,1,8,31.3,71.0,4.5,945.5,0.1,102.20833333333333,2.7916666666666665,131.0,130.0,97.0,36.6,25.0,25.7,195.0
2026-08-04 18:00:00,2026-08-07 18:00:00,72,18,4,1,8,31.3,71.0,4.5,945.5,0.1,102.20833333333333,2.7916666666666665,131.0,130.0,97.0,36.6,25.0,25.7,196.0
2026-08-04 19:00:00,2026-08-05 19:00:00,24,19,4,1,8,30.2,79.0,1.7,945.7,0.1,103.58333333333333,2.7083333333333335,127.0,128.0,95.0,41.1,32.4,30.4,176.0
2026-08-04 19:00:00,2026-08-06 19:00:00,48,19,4,1,8,30.2,79.0,1.7,945.7,0.1,103.58333333333333,2.7083333333333335,127.0,128.0,95.0,41.1,32.4,30.4,192.0
2026-08-04 19:00:00,2026-08-07 19:00:00,72,19,4,1,8,30.2,79.0,1.7,945.7,0.1,103.58333333333333,2.7083333333333335,127.0,128.0,95.0,41.1,32.4,30.4,189.0
2026-08-04 20:00:00,2026-08-05 20:00:00,24,20,4,1,8,29.2,86.0,3.4,946.2,0.1,104.86111111111111,2.5,113.0,115.0,95.0,39.8,38.5,34.2,159.0
2026-08-04 20:00:00,2026-08-06 20:00:00,48,20,4,1,8,29.2,86.0,3.4,946.2,0.1,104.86111111111111,2.5,113.0,115.0,95.0,39.8,38.5,34.2,174.0
2026-08-04 20:00:00,2026-08-07 20:00:00,72,20,4,1,8,29.2,86.0,3.4,946.2,0.1,104.86111111111111,2.5,113.0,115.0,95.0,39.8,38.5,34.2,170.0
2026-08-04 21:00:00,2026-08-05 21:00:00,24,21,4,1,8,28.6,88.0,6.0,946.8,0.0,105.875,2.2916666666666665,102.0,92.0,95.0,41.0,41.4,37.5,150.0
2026-08-04 21:00:00,2026-08-06 21:00:00,48,21,4,1,8,28.6,88.0,6.0,946.8,0.0,105.875,2.2916666666666665,102.0,92.0,95.0,41.0,41.4,37.5,145.0
2026-08-04 21:00:00,2026-08-07 21:00:00,72,21,4,1,8,28.6,88.0,6.0,946.8,0.0,105.875,2.2916666666666665,102.0,92.0,95.0,41.0,41.4,37.5,141.0
2026-08-04 22:00:00,2026-08-05 22:00:00,24,22,4,1,8,28.0,89.0,4.4,947.1,0.0,106.44444444444444,1.4166666666666667,102.0,92.0,95.0,43.4,43.5,41.8,149.0
2026-08-04 22:00:00,2026-08-06 22:00:00,48,22,4,1,8,28.0,89.0,4.4,947.1,0.0,106.44444444444444,1.4166666666666667,102.0,92.0,95.0,43.4,43.5,41.8,108.0
2026-08-04 22:00:00,2026-08-07 22:00:00,72,22,4,1,8,28.0,89.0,4.4,947.1,0.0,106.44444444444444,1.4166666666666667,102.0,92.0,95.0,43.4,43.5,41.8,101.0
2026-08-04 23:00:00,2026-08-05 23:00:00,24,23,4,1,8,28.5,91.0,2.2,946.1,0.0,106.90277777777777,1.0833333333333333,102.0,92.0,95.0,46.2,48.0,43.7,148.0
2026-08-04 23:00:00,2026-08-06 23:00:00,48,23,4,1,8,28.5,91.0,2.2,946.1,0.0,106.90277777777777,1.0833333333333333,102.0,92.0,95.0,46.2,48.0,43.7,107.0
2026-08-04 23:00:00,2026-08-07 23:00:00,72,23,4,1,8,28.5,91.0,2.2,946.1,0.0,106.90277777777777,1.0833333333333333,102.0,92.0,95.0,46.2,48.0,43.7,85.0
2026-08-05 00:00:00,2026-08-06 00:00:00,24,0,5,2,8,28.2,91.0,0.2,946.0,0.4,107.41666666666667,1.25,102.0,93.0,94.0,40.2,48.9,44.9,145.0
2026-08-05 00:00:00,2026-08-07 00:00:00,48,0,5,2,8,28.2,91.0,0.2,946.0,0.4,107.41666666666667,1.25,102.0,93.0,94.0,40.2,48.9,44.9,106.0
2026-08-05 00:00:00,2026-08-08 00:00:00,72,0,5,2,8,28.2,91.0,0.2,946.0,0.4,107.41666666666667,1.25,102.0,93.0,94.0,40.2,48.9,44.9,84.0
2026-08-05 01:00:00,2026-08-06 01:00:00,24,1,5,2,8,27.5,95.0,2.9,945.6,0.3,108.0,1.4166666666666667,101.0,93.0,94.0,31.4,45.3,46.7,141.0
2026-08-05 01:00:00,2026-08-07 01:00:00,48,1,5,2,8,27.5,95.0,2.9,945.6,0.3,108.0,1.4166666666666667,101.0,93.0,94.0,31.4,45.3,46.7,106.0
2026-08-05 01:00:00,2026-08-08 01:00:00,72,1,5,2,8,27.5,95.0,2.9,945.6,0.3,108.0,1.4166666666666667,101.0,93.0,94.0,31.4,45.3,46.7,83.0
2026-08-05 02:00:00,2026-08-06 02:00:00,24,2,5,2,8,25.7,98.0,5.2,945.5,0.6,108.65277777777777,1.6666666666666667,99.0,93.0,94.0,27.6,42.5,45.6,136.0
2026-08-05 02:00:00,2026-08-07 02:00:00,48,2,5,2,8,25.7,98.0,5.2,945.5,0.6,108.65277777777777,1.6666666666666667,99.0,93.0,94.0,27.6,42.5,45.6,107.0
2026-08-05 02:00:00,2026-08-08 02:00:00,72,2,5,2,8,25.7,98.0,5.2,945.5,0.6,108.65277777777777,1.6666666666666667,99.0,93.0,94.0,27.6,42.5,45.6,83.0
2026-08-05 03:00:00,2026-08-06 03:00:00,24,3,5,2,8,25.9,96.0,4.4,945.7,0.3,109.375,1.9583333333333333,98.0,93.0,93.0,27.1,41.2,39.7,131.0
2026-08-05 03:00:00,2026-08-07 03:00:00,48,3,5,2,8,25.9,96.0,4.4,945.7,0.3,109.375,1.9583333333333333,98.0,93.0,93.0,27.1,41.2,39.7,107.0
2026-08-05 03:00:00,2026-08-08 03:00:00,72,3,5,2,8,25.9,96.0,4.4,945.7,0.3,109.375,1.9583333333333333,98.0,93.0,93.0,27.1,41.2,39.7,84.0
2026-08-05 04:00:00,2026-08-06 04:00:00,24,4,5,2,8,25.7,95.0,0.8,945.3,0.1,110.18055555555556,2.2083333333333335,97.0,93.0,92.0,29.2,39.9,29.7,125.0
2026-08-05 04:00:00,2026-08-07 04:00:00,48,4,5,2,8,25.7,95.0,0.8,945.3,0.1,110.18055555555556,2.2083333333333335,97.0,93.0,92.0,29.2,39.9,29.7,107.0
2026-08-05 04:00:00,2026-08-08 04:00:00,72,4,5,2,8,25.7,95.0,0.8,945.3,0.1,110.18055555555556,2.2083333333333335,97.0,93.0,92.0,29.2,39.9,29.7,85.0
2026-08-05 05:00:00,2026-08-06 05:00:00,24,5,5,2,8,25.6,96.0,5.5,944.9,0.0,111.01388888888889,2.2916666666666665,96.0,94.0,90.0,56.5,32.6,29.3,121.0
2026-08-05 05:00:00,2026-08-07 05:00:00,48,5,5,2,8,25.6,96.0,5.5,944.9,0.0,111.01388888888889,2.2916666666666665,96.0,94.0,90.0,56.5,32.6,29.3,108.0
2026-08-05 05:00:00,2026-08-08 05:00:00,72,5,5,2,8,25.6,96.0,5.5,944.9,0.0,111.01388888888889,2.2916666666666665,96.0,94.0,90.0,56.5,32.6,29.3,86.0
2026-08-05 06:00:00,2026-08-06 06:00:00,24,6,5,2,8,25.5,96.0,3.8,945.0,0.0,111.88888888888889,2.375,98.0,94.0,89.0,56.1,34.2,29.0,117.0
2026-08-05 06:00:00,2026-08-07 06:00:00,48,6,5,2,8,25.5,96.0,3.8,945.0,0.0,111.88888888888889,2.375,98.0,94.0,89.0,56.1,34.2,29.0,108.0
2026-08-05 06:00:00,2026-08-08 06:00:00,72,6,5,2,8,25.5,96.0,3.8,945.0,0.0,111.88888888888889,2.375,98.0,94.0,89.0,56.1,34.2,29.0,88.0
2026-08-05 07:00:00,2026-08-06 07:00:00,24,7,5,2,8,26.2,93.0,4.3,945.3,0.0,112.77777777777777,2.2916666666666665,100.0,94.0,87.0,56.2,38.2,28.2,114.0
2026-08-05 07:00:00,2026-08-07 07:00:00,48,7,5,2,8,26.2,93.0,4.3,945.3,0.0,112.77777777777777,2.2916666666666665,100.0,94.0,87.0,56.2,38.2,28.2,107.0
2026-08-05 07:00:00,2026-08-08 07:00:00,72,7,5,2,8,26.2,93.0,4.3,945.3,0.0,112.77777777777777,2.2916666666666665,100.0,94.0,87.0,56.2,38.2,28.2,90.0
2026-08-05 08:00:00,2026-08-06 08:00:00,24,8,5,2,8,27.6,84.0,4.8,945.3,0.0,113.69444444444444,2.2083333333333335,102.0,95.0,87.0,43.3,32.9,20.5,115.0
2026-08-05 08:00:00,2026-08-07 08:00:00,48,8,5,2,8,27.6,84.0,4.8,945.3,0.0,113.69444444444444,2.2083333333333335,102.0,95.0,87.0,43.3,32.9,20.5,107.0
2026-08-05 08:00:00,2026-08-08 08:00:00,72,8,5,2,8,27.6,84.0,4.8,945.3,0.0,113.69444444444444,2.2083333333333335,102.0,95.0,87.0,43.3,32.9,20.5,90.0
2026-08-05 09:00:00,2026-08-06 09:00:00,24,9,5,2,8,29.2,75.0,5.1,945.9,0.0,114.59722222222223,2.0833333333333335,103.0,96.0,86.0,36.1,27.9,18.2,115.0
2026-08-05 09:00:00,2026-08-07 09:00:00,48,9,5,2,8,29.2,75.0,5.1,945.9,0.0,114.59722222222223,2.0833333333333335,103.0,96.0,86.0,36.1,27.9,18.2,105.0
2026-08-05 09:00:00,2026-08-08 09:00:00,72,9,5,2,8,29.2,75.0,5.1,945.9,0.0,114.59722222222223,2.0833333333333335,103.0,96.0,86.0,36.1,27.9,18.2,90.0
2026-08-05 10:00:00,2026-08-06 10:00:00,24,10,5,2,8,30.3,71.0,6.5,945.8,0.0,115.51388888888889,2.0416666666666665,104.0,97.0,86.0,37.6,28.2,20.0,114.0
2026-08-05 10:00:00,2026-08-07 10:00:00,48,10,5,2,8,30.3,71.0,6.5,945.8,0.0,115.51388888888889,2.0416666666666665,104.0,97.0,86.0,37.6,28.2,20.0,104.0
2026-08-05 10:00:00,2026-08-08 10:00:00,72,10,5,2,8,30.3,71.0,6.5,945.8,0.0,115.51388888888889,2.0416666666666665,104.0,97.0,86.0,37.6,28.2,20.0,90.0
2026-08-05 11:00:00,2026-08-06 11:00:00,24,11,5,2,8,31.8,64.0,7.9,945.9,0.0,116.43055555555556,2.0,105.0,98.0,86.0,42.6,28.3,22.6,113.0
2026-08-05 11:00:00,2026-08-07 11:00:00,48,11,5,2,8,31.8,64.0,7.9,945.9,0.0,116.43055555555556,2.0,105.0,98.0,86.0,42.6,28.3,22.6,103.0
2026-08-05 11:00:00,2026-08-08 11:00:00,72,11,5,2,8,31.8,64.0,7.9,945.9,0.0,116.43055555555556,2.0,105.0,98.0,86.0,42.6,28.3,22.6,90.0
2026-08-05 12:00:00,2026-08-06 12:00:00,24,12,5,2,8,31.9,64.0,8.6,945.5,0.0,117.34722222222223,1.9583333333333333,106.0,98.0,87.0,47.4,26.1,24.9,113.0
2026-08-05 12:00:00,2026-08-07 12:00:00,48,12,5,2,8,31.9,64.0,8.6,945.5,0.0,117.34722222222223,1.9583333333333333,106.0,98.0,87.0,47.4,26.1,24.9,102.0
2026-08-05 12:00:00,2026-08-08 12:00:00,72,12,5,2,8,31.9,64.0,8.6,945.5,0.0,117.34722222222223,1.9583333333333333,106.0,98.0,87.0,47.4,26.1,24.9,90.0
2026-08-05 13:00:00,2026-08-06 13:00:00,24,13,5,2,8,32.1,64.0,7.3,944.9,0.0,118.25,1.9166666666666667,108.0,98.0,88.0,50.9,27.2,26.5,112.0
2026-08-05 13:00:00,2026-08-07 13:00:00,48,13,5,2,8,32.1,64.0,7.3,944.9,0.0,118.25,1.9166666666666667,108.0,98.0,88.0,50.9,27.2,26.5,106.0
2026-08-05 13:00:00,2026-08-08 13:00:00,72,13,5,2,8,32.1,64.0,7.3,944.9,0.0,118.25,1.9166666666666667,108.0,98.0,88.0,50.9,27.2,26.5,106.0
2026-08-05 14:00:00,2026-08-06 14:00:00,24,14,5,2,8,32.4,64.0,6.9,944.3,0.0,119.13888888888889,1.8333333333333333,111.0,98.0,89.0,53.2,28.3,28.0,111.0
2026-08-05 14:00:00,2026-08-07 14:00:00,48,14,5,2,8,32.4,64.0,6.9,944.3,0.0,119.13888888888889,1.8333333333333333,111.0,98.0,89.0,53.2,28.3,28.0,131.0
2026-08-05 14:00:00,2026-08-08 14:00:00,72,14,5,2,8,32.4,64.0,6.9,944.3,0.0,119.13888888888889,1.8333333333333333,111.0,98.0,89.0,53.2,28.3,28.0,147.0
2026-08-05 15:00:00,2026-08-06 15:00:00,24,15,5,2,8,32.5,63.0,5.5,943.4,0.0,120.01388888888889,1.7083333333333333,144.0,98.0,90.0,54.5,28.5,28.9,138.0
2026-08-05 15:00:00,2026-08-07 15:00:00,48,15,5,2,8,32.5,63.0,5.5,943.4,0.0,120.01388888888889,1.7083333333333333,144.0,98.0,90.0,54.5,28.5,28.9,155.0
2026-08-05 15:00:00,2026-08-08 15:00:00,72,15,5,2,8,32.5,63.0,5.5,943.4,0.0,120.01388888888889,1.7083333333333333,144.0,98.0,90.0,54.5,28.5,28.9,171.0
2026-08-05 16:00:00,2026-08-06 16:00:00,24,16,5,2,8,32.6,62.0,5.0,942.9,0.1,120.875,0.3333333333333333,173.0,109.0,106.0,55.1,32.6,29.9,165.0
2026-08-05 16:00:00,2026-08-07 16:00:00,48,16,5,2,8,32.6,62.0,5.0,942.9,0.1,120.875,0.3333333333333333,173.0,109.0,106.0,55.1,32.6,29.9,175.0
2026-08-05 16:00:00,2026-08-08 16:00:00,72,16,5,2,8,32.6,62.0,5.0,942.9,0.1,120.875,0.3333333333333333,173.0,109.0,106.0,55.1,32.6,29.9,185.0
2026-08-05 17:00:00,2026-08-06 17:00:00,24,17,5,2,8,33.1,59.0,7.2,942.6,0.0,121.5,-0.9166666666666666,193.0,126.0,123.0,48.2,35.9,19.3,186.0
2026-08-05 17:00:00,2026-08-07 17:00:00,48,17,5,2,8,33.1,59.0,7.2,942.6,0.0,121.5,-0.9166666666666666,193.0,126.0,123.0,48.2,35.9,19.3,192.0
2026-08-05 17:00:00,2026-08-08 17:00:00,72,17,5,2,8,33.1,59.0,7.2,942.6,0.0,121.5,-0.9166666666666666,193.0,126.0,123.0,48.2,35.9,19.3,190.0
2026-08-05 18:00:00,2026-08-06 18:00:00,24,18,5,2,8,30.6,72.0,13.3,942.6,0.0,122.15277777777777,-0.9583333333333334,196.0,131.0,130.0,51.0,36.6,25.0,195.0
2026-08-05 18:00:00,2026-08-07 18:00:00,48,18,5,2,8,30.6,72.0,13.3,942.6,0.0,122.15277777777777,-0.9583333333333334,196.0,131.0,130.0,51.0,36.6,25.0,196.0
2026-08-05 18:00:00,2026-08-08 18:00:00,72,18,5,2,8,30.6,72.0,13.3,942.6,0.0,122.15277777777777,-0.9583333333333334,196.0,131.0,130.0,51.0,36.6,25.0,185.0
2026-08-05 19:00:00,2026-08-06 19:00:00,24,19,5,2,8,29.1,80.0,9.3,942.6,0.0,122.83333333333333,-0.7083333333333334,187.0,127.0,128.0,53.2,41.1,32.4,192.0
2026-08-05 19:00:00,2026-08-07 19:00:00,48,19,5,2,8,29.1,80.0,9.3,942.6,0.0,122.83333333333333,-0.7083333333333334,187.0,127.0,128.0,53.2,41.1,32.4,189.0
2026-08-05 19:00:00,2026-08-08 19:00:00,72,19,5,2,8,29.1,80.0,9.3,942.6,0.0,122.83333333333333,-0.7083333333333334,187.0,127.0,128.0,53.2,41.1,32.4,170.0
2026-08-05 20:00:00,2026-08-06 20:00:00,24,20,5,2,8,28.5,82.0,8.4,943.5,0.0,123.5,-0.4583333333333333,168.0,113.0,115.0,62.6,39.8,38.5,174.0
2026-08-05 20:00:00,2026-08-07 20:00:00,48,20,5,2,8,28.5,82.0,8.4,943.5,0.0,123.5,-0.4583333333333333,168.0,113.0,115.0,62.6,39.8,38.5,170.0
2026-08-05 20:00:00,2026-08-08 20:00:00,72,20,5,2,8,28.5,82.0,8.4,943.5,0.0,123.5,-0.4583333333333333,168.0,113.0,115.0,62.6,39.8,38.5,141.0
2026-08-05 21:00:00,2026-08-06 21:00:00,24,21,5,2,8,28.0,84.0,6.1,944.3,0.0,124.11111111111111,-0.375,136.0,102.0,92.0,72.2,41.0,41.4,145.0
2026-08-05 21:00:00,2026-08-07 21:00:00,48,21,5,2,8,28.0,84.0,6.1,944.3,0.0,124.11111111111111,-0.375,136.0,102.0,92.0,72.2,41.0,41.4,141.0
2026-08-05 21:00:00,2026-08-08 21:00:00,72,21,5,2,8,28.0,84.0,6.1,944.3,0.0,124.11111111111111,-0.375,136.0,102.0,92.0,72.2,41.0,41.4,98.0
2026-08-05 22:00:00,2026-08-06 22:00:00,24,22,5,2,8,27.5,86.0,6.5,944.6,0.0,124.91666666666667,0.5833333333333334,128.0,102.0,92.0,80.6,43.4,43.5,108.0
2026-08-05 22:00:00,2026-08-07 22:00:00,48,22,5,2,8,27.5,86.0,6.5,944.6,0.0,124.91666666666667,0.5833333333333334,128.0,102.0,92.0,80.6,43.4,43.5,101.0
2026-08-05 22:00:00,2026-08-08 22:00:00,72,22,5,2,8,27.5,86.0,6.5,944.6,0.0,124.91666666666667,0.5833333333333334,128.0,102.0,92.0,80.6,43.4,43.5,89.0
2026-08-05 23:00:00,2026-08-06 23:00:00,24,23,5,2,8,28.2,85.0,8.9,944.1,0.0,125.70833333333333,0.875,132.0,102.0,92.0,84.1,46.2,48.0,107.0
2026-08-05 23:00:00,2026-08-07 23:00:00,48,23,5,2,8,28.2,85.0,8.9,944.1,0.0,125.70833333333333,0.875,132.0,102.0,92.0,84.1,46.2,48.0,85.0
2026-08-05 23:00:00,2026-08-08 23:00:00,72,23,5,2,8,28.2,85.0,8.9,944.1,0.0,125.70833333333333,0.875,132.0,102.0,92.0,84.1,46.2,48.0,91.0
2026-08-06 00:00:00,2026-08-07 00:00:00,24,0,6,3,8,27.2,87.0,11.8,944.3,0.0,126.48611111111111,0.6666666666666666,136.0,102.0,93.0,87.8,40.2,48.9,106.0
2026-08-06 00:00:00,2026-08-08 00:00:00,48,0,6,3,8,27.2,87.0,11.8,944.3,0.0,126.48611111111111,0.6666666666666666,136.0,102.0,93.0,87.8,40.2,48.9,84.0
2026-08-06 00:00:00,2026-08-09 00:00:00,72,0,6,3,8,27.2,87.0,11.8,944.3,0.0,126.48611111111111,0.6666666666666666,136.0,102.0,93.0,87.8,40.2,48.9,93.0
2026-08-06 01:00:00,2026-08-07 01:00:00,24,1,6,3,8,26.0,88.0,12.7,944.2,0.0,127.20833333333333,0.375,141.0,101.0,93.0,83.8,31.4,45.3,106.0
2026-08-06 01:00:00,2026-08-08 01:00:00,48,1,6,3,8,26.0,88.0,12.7,944.2,0.0,127.20833333333333,0.375,141.0,101.0,93.0,83.8,31.4,45.3,83.0
2026-08-06 01:00:00,2026-08-09 01:00:00,72,1,6,3,8,26.0,88.0,12.7,944.2,0.0,127.20833333333333,0.375,141.0,101.0,93.0,83.8,31.4,45.3,94.0
2026-08-06 02:00:00,2026-08-07 02:00:00,24,2,6,3,8,24.4,91.0,12.8,944.2,0.7,127.875,0.0,146.0,99.0,93.0,81.7,27.6,42.5,107.0
2026-08-06 02:00:00,2026-08-08 02:00:00,48,2,6,3,8,24.4,91.0,12.8,944.2,0.7,127.875,0.0,146.0,99.0,93.0,81.7,27.6,42.5,83.0
2026-08-06 02:00:00,2026-08-09 02:00:00,72,2,6,3,8,24.4,91.0,12.8,944.2,0.7,127.875,0.0,146.0,99.0,93.0,81.7,27.6,42.5,96.0
2026-08-06 03:00:00,2026-08-07 03:00:00,24,3,6,3,8,23.1,94.0,13.5,944.4,1.4,128.47222222222223,-0.4166666666666667,151.0,98.0,93.0,77.5,27.1,41.2,107.0
2026-08-06 03:00:00,2026-08-08 03:00:00,48,3,6,3,8,23.1,94.0,13.5,944.4,1.4,128.47222222222223,-0.4166666666666667,151.0,98.0,93.0,77.5,27.1,41.2,84.0
2026-08-06 03:00:00,2026-08-09 03:00:00,72,3,6,3,8,23.1,94.0,13.5,944.4,1.4,128.47222222222223,-0.4166666666666667,151.0,98.0,93.0,77.5,27.1,41.2,98.0
2026-08-06 04:00:00,2026-08-07 04:00:00,24,4,6,3,8,22.9,96.0,2.7,943.7,1.3,129.0,-0.8333333333333334,152.0,97.0,93.0,60.8,29.2,39.9,107.0
2026-08-06 04:00:00,2026-08-08 04:00:00,48,4,6,3,8,22.9,96.0,2.7,943.7,1.3,129.0,-0.8333333333333334,152.0,97.0,93.0,60.8,29.2,39.9,85.0
2026-08-06 04:00:00,2026-08-09 04:00:00,72,4,6,3,8,22.9,96.0,2.7,943.7,1.3,129.0,-0.8333333333333334,152.0,97.0,93.0,60.8,29.2,39.9,99.0
2026-08-06 05:00:00,2026-08-07 05:00:00,24,5,6,3,8,24.5,95.0,5.1,943.6,0.2,129.44444444444446,-1.125,153.0,96.0,94.0,51.5,56.5,32.6,108.0
2026-08-06 05:00:00,2026-08-08 05:00:00,48,5,6,3,8,24.5,95.0,5.1,943.6,0.2,129.44444444444446,-1.125,153.0,96.0,94.0,51.5,56.5,32.6,86.0
2026-08-06 05:00:00,2026-08-09 05:00:00,72,5,6,3,8,24.5,95.0,5.1,943.6,0.2,129.44444444444446,-1.125,153.0,96.0,94.0,51.5,56.5,32.6,100.0
2026-08-06 06:00:00,2026-08-07 06:00:00,24,6,6,3,8,24.3,95.0,3.4,944.1,0.4,129.81944444444446,-1.3333333333333333,153.0,98.0,94.0,53.0,56.1,34.2,108.0
2026-08-06 06:00:00,2026-08-08 06:00:00,48,6,6,3,8,24.3,95.0,3.4,944.1,0.4,129.81944444444446,-1.3333333333333333,153.0,98.0,94.0,53.0,56.1,34.2,88.0
2026-08-06 06:00:00,2026-08-09 06:00:00,72,6,6,3,8,24.3,95.0,3.4,944.1,0.4,129.81944444444446,-1.3333333333333333,153.0,98.0,94.0,53.0,56.1,34.2,103.0
2026-08-06 07:00:00,2026-08-07 07:00:00,24,7,6,3,8,25.3,92.0,4.0,944.1,0.0,130.13888888888889,-1.5,153.0,100.0,94.0,28.5,56.2,38.2,107.0
2026-08-06 07:00:00,2026-08-08 07:00:00,48,7,6,3,8,25.3,92.0,4.0,944.1,0.0,130.13888888888889,-1.5,153.0,100.0,94.0,28.5,56.2,38.2,90.0
2026-08-06 07:00:00,2026-08-09 07:00:00,72,7,6,3,8,25.3,92.0,4.0,944.1,0.0,130.13888888888889,-1.5,153.0,100.0,94.0,28.5,56.2,38.2,105.0
2026-08-06 08:00:00,2026-08-07 08:00:00,24,8,6,3,8,26.9,86.0,2.1,944.8,0.0,130.41666666666666,-1.625,152.0,102.0,95.0,34.9,43.3,32.9,107.0
2026-08-06 08:00:00,2026-08-08 08:00:00,48,8,6,3,8,26.9,86.0,2.1,944.8,0.0,130.41666666666666,-1.625,152.0,102.0,95.0,34.9,43.3,32.9,90.0
2026-08-06 08:00:00,2026-08-09 08:00:00,72,8,6,3,8,26.9,86.0,2.1,944.8,0.0,130.41666666666666,-1.625,152.0,102.0,95.0,34.9,43.3,32.9,108.0
2026-08-06 09:00:00,2026-08-07 09:00:00,24,9,6,3,8,29.0,76.0,0.7,945.4,0.0,130.69444444444446,-1.5416666666666667,152.0,103.0,96.0,37.5,36.1,27.9,105.0
2026-08-06 09:00:00,2026-08-08 09:00:00,48,9,6,3,8,29.0,76.0,0.7,945.4,0.0,130.69444444444446,-1.5416666666666667,152.0,103.0,96.0,37.5,36.1,27.9,90.0
2026-08-06 09:00:00,2026-08-09 09:00:00,72,9,6,3,8,29.0,76.0,0.7,945.4,0.0,130.69444444444446,-1.5416666666666667,152.0,103.0,96.0,37.5,36.1,27.9,109.0
2026-08-06 10:00:00,2026-08-07 10:00:00,24,10,6,3,8,30.7,68.0,2.4,945.7,0.0,130.95833333333334,-1.5416666666666667,152.0,104.0,97.0,40.7,37.6,28.2,104.0
2026-08-06 10:00:00,2026-08-08 10:00:00,48,10,6,3,8,30.7,68.0,2.4,945.7,0.0,130.95833333333334,-1.5416666666666667,152.0,104.0,97.0,40.7,37.6,28.2,90.0
2026-08-06 10:00:00,2026-08-09 10:00:00,72,10,6,3,8,30.7,68.0,2.4,945.7,0.0,130.95833333333334,-1.5416666666666667,152.0,104.0,97.0,40.7,37.6,28.2,110.0
2026-08-06 11:00:00,2026-08-07 11:00:00,24,11,6,3,8,32.2,59.0,5.2,946.1,0.0,131.19444444444446,-1.5833333333333333,152.0,105.0,98.0,43.2,42.6,28.3,103.0
2026-08-06 11:00:00,2026-08-08 11:00:00,48,11,6,3,8,32.2,59.0,5.2,946.1,0.0,131.19444444444446,-1.5833333333333333,152.0,105.0,98.0,43.2,42.6,28.3,90.0
2026-08-06 11:00:00,2026-08-09 11:00:00,72,11,6,3,8,32.2,59.0,5.2,946.1,0.0,131.19444444444446,-1.5833333333333333,152.0,105.0,98.0,43.2,42.6,28.3,110.0
2026-08-06 12:00:00,2026-08-07 12:00:00,24,12,6,3,8,32.7,56.0,5.8,946.0,0.2,131.40277777777777,-1.625,152.0,106.0,98.0,46.3,47.4,26.1,102.0
2026-08-06 12:00:00,2026-08-08 12:00:00,48,12,6,3,8,32.7,56.0,5.8,946.0,0.2,131.40277777777777,-1.625,152.0,106.0,98.0,46.3,47.4,26.1,90.0
2026-08-06 12:00:00,2026-08-09 12:00:00,72,12,6,3,8,32.7,56.0,5.8,946.0,0.2,131.40277777777777,-1.625,152.0,106.0,98.0,46.3,47.4,26.1,109.0
2026-08-06 13:00:00,2026-08-07 13:00:00,24,13,6,3,8,32.6,57.0,7.2,945.7,0.2,131.61111111111111,-1.625,152.0,108.0,98.0,48.4,50.9,27.2,106.0
2026-08-06 13:00:00,2026-08-08 13:00:00,48,13,6,3,8,32.6,57.0,7.2,945.7,0.2,131.61111111111111,-1.625,152.0,108.0,98.0,48.4,50.9,27.2,106.0
2026-08-06 13:00:00,2026-08-09 13:00:00,72,13,6,3,8,32.6,57.0,7.2,945.7,0.2,131.61111111111111,-1.625,152.0,108.0,98.0,48.4,50.9,27.2,109.0
2026-08-06 14:00:00,2026-08-07 14:00:00,24,14,6,3,8,32.6,61.0,7.9,945.1,0.2,131.80555555555554,-1.6666666666666667,152.0,111.0,98.0,49.9,53.2,28.3,131.0
2026-08-06 14:00:00,2026-08-08 14:00:00,48,14,6,3,8,32.6,61.0,7.9,945.1,0.2,131.80555555555554,-1.6666666666666667,152.0,111.0,98.0,49.9,53.2,28.3,147.0
2026-08-06 14:00:00,2026-08-09 14:00:00,72,14,6,3,8,32.6,61.0,7.9,945.1,0.2,131.80555555555554,-1.6666666666666667,152.0,111.0,98.0,49.9,53.2,28.3,109.0
2026-08-06 15:00:00,2026-08-07 15:00:00,24,15,6,3,8,30.7,69.0,10.4,945.1,0.9,131.98611111111111,-1.7083333333333333,152.0,144.0,98.0,48.9,54.5,28.5,155.0
2026-08-06 15:00:00,2026-08-08 15:00:00,48,15,6,3,8,30.7,69.0,10.4,945.1,0.9,131.98611111111111,-1.7083333333333333,152.0,144.0,98.0,48.9,54.5,28.5,171.0
2026-08-06 15:00:00,2026-08-09 15:00:00,72,15,6,3,8,30.7,69.0,10.4,945.1,0.9,131.98611111111111,-1.7083333333333333,152.0,144.0,98.0,48.9,54.5,28.5,112.0
2026-08-06 16:00:00,2026-08-07 16:00:00,24,16,6,3,8,30.7,68.0,7.4,944.7,0.1,132.54166666666666,-0.5833333333333334,151.0,173.0,109.0,47.6,55.1,32.6,175.0
2026-08-06 16:00:00,2026-08-08 16:00:00,48,16,6,3,8,30.7,68.0,7.4,944.7,0.1,132.54166666666666,-0.5833333333333334,151.0,173.0,109.0,47.6,55.1,32.6,185.0
2026-08-06 16:00:00,2026-08-09 16:00:00,72,16,6,3,8,30.7,68.0,7.4,944.7,0.1,132.54166666666666,-0.5833333333333334,151.0,173.0,109.0,47.6,55.1,32.6,141.0
2026-08-06 17:00:00,2026-08-07 17:00:00,24,17,6,3,8,32.4,59.0,7.2,944.3,0.0,133.31944444444446,0.5833333333333334,170.0,193.0,126.0,32.9,48.2,35.9,192.0
2026-08-06 17:00:00,2026-08-08 17:00:00,48,17,6,3,8,32.4,59.0,7.2,944.3,0.0,133.31944444444446,0.5833333333333334,170.0,193.0,126.0,32.9,48.2,35.9,190.0
2026-08-06 17:00:00,2026-08-09 17:00:00,72,17,6,3,8,32.4,59.0,7.2,944.3,0.0,133.31944444444446,0.5833333333333334,170.0,193.0,126.0,32.9,48.2,35.9,159.0
2026-08-06 18:00:00,2026-08-07 18:00:00,24,18,6,3,8,31.1,69.0,6.9,944.6,0.0,134.15277777777777,0.6666666666666666,179.0,196.0,131.0,40.0,51.0,36.6,196.0
2026-08-06 18:00:00,2026-08-08 18:00:00,48,18,6,3,8,31.1,69.0,6.9,944.6,0.0,134.15277777777777,0.6666666666666666,179.0,196.0,131.0,40.0,51.0,36.6,185.0
2026-08-06 18:00:00,2026-08-09 18:00:00,72,18,6,3,8,31.1,69.0,6.9,944.6,0.0,134.15277777777777,0.6666666666666666,179.0,196.0,131.0,40.0,51.0,36.6,165.0
2026-08-06 19:00:00,2026-08-07 19:00:00,24,19,6,3,8,29.2,75.0,7.6,944.7,0.0,135.04166666666666,0.6666666666666666,176.0,187.0,127.0,50.8,53.2,41.1,189.0
2026-08-06 19:00:00,2026-08-08 19:00:00,48,19,6,3,8,29.2,75.0,7.6,944.7,0.0,135.04166666666666,0.6666666666666666,176.0,187.0,127.0,50.8,53.2,41.1,170.0
2026-08-06 19:00:00,2026-08-09 19:00:00,72,19,6,3,8,29.2,75.0,7.6,944.7,0.0,135.04166666666666,0.6666666666666666,176.0,187.0,127.0,50.8,53.2,41.1,159.0
2026-08-06 20:00:00,2026-08-07 20:00:00,24,20,6,3,8,28.3,78.0,6.9,945.3,0.0,135.94444444444446,0.6666666666666666,159.0,168.0,113.0,57.5,62.6,39.8,170.0
2026-08-06 20:00:00,2026-08-08 20:00:00,48,20,6,3,8,28.3,78.0,6.9,945.3,0.0,135.94444444444446,0.6666666666666666,159.0,168.0,113.0,57.5,62.6,39.8,141.0
2026-08-06 20:00:00,2026-08-09 20:00:00,72,20,6,3,8,28.3,78.0,6.9,945.3,0.0,135.94444444444446,0.6666666666666666,159.0,168.0,113.0,57.5,62.6,39.8,139.0
2026-08-06 21:00:00,2026-08-07 21:00:00,24,21,6,3,8,27.8,80.0,7.6,946.2,0.0,136.79166666666666,0.625,150.0,136.0,102.0,59.0,72.2,41.0,141.0
2026-08-06 21:00:00,2026-08-08 21:00:00,48,21,6,3,8,27.8,80.0,7.6,946.2,0.0,136.79166666666666,0.625,150.0,136.0,102.0,59.0,72.2,41.0,98.0
2026-08-06 21:00:00,2026-08-09 21:00:00,72,21,6,3,8,27.8,80.0,7.6,946.2,0.0,136.79166666666666,0.625,150.0,136.0,102.0,59.0,72.2,41.0,113.0
2026-08-06 22:00:00,2026-08-07 22:00:00,24,22,6,3,8,27.4,81.0,6.2,946.6,0.0,137.38888888888889,-0.20833333333333334,149.0,128.0,102.0,62.4,80.6,43.4,101.0
2026-08-06 22:00:00,2026-08-08 22:00:00,48,22,6,3,8,27.4,81.0,6.2,946.6,0.0,137.38888888888889,-0.20833333333333334,149.0,128.0,102.0,62.4,80.6,43.4,89.0
2026-08-06 22:00:00,2026-08-09 22:00:00,72,22,6,3,8,27.4,81.0,6.2,946.6,0.0,137.38888888888889,-0.20833333333333334,149.0,128.0,102.0,62.4,80.6,43.4,112.0
2026-08-06 23:00:00,2026-08-07 23:00:00,24,23,6,3,8,27.1,86.0,7.6,946.3,0.0,137.47222222222223,-1.7083333333333333,148.0,132.0,102.0,61.0,84.1,46.2,85.0
2026-08-06 23:00:00,2026-08-08 23:00:00,48,23,6,3,8,27.1,86.0,7.6,946.3,0.0,137.47222222222223,-1.7083333333333333,148.0,132.0,102.0,61.0,84.1,46.2,91.0
2026-08-06 23:00:00,2026-08-09 23:00:00,72,23,6,3,8,27.1,86.0,7.6,946.3,0.0,137.47222222222223,-1.7083333333333333,148.0,132.0,102.0,61.0,84.1,46.2,111.0
2026-08-07 00:00:00,2026-08-08 00:00:00,24,0,7,4,8,24.0,95.0,9.2,946.6,1.4,137.54166666666666,-1.7083333333333333,145.0,136.0,102.0,47.0,87.8,40.2,84.0
2026-08-07 00:00:00,2026-08-09 00:00:00,48,0,7,4,8,24.0,95.0,9.2,946.6,1.4,137.54166666666666,-1.7083333333333333,145.0,136.0,102.0,47.0,87.8,40.2,93.0
2026-08-07 00:00:00,2026-08-10 00:00:00,72,0,7,4,8,24.0,95.0,9.2,946.6,1.4,137.54166666666666,-1.7083333333333333,145.0,136.0,102.0,47.0,87.8,40.2,110.0
2026-08-07 01:00:00,2026-08-08 01:00:00,24,1,7,4,8,23.9,94.0,7.2,947.2,0.3,137.59722222222223,-1.625,141.0,141.0,101.0,37.3,83.8,31.4,83.0
2026-08-07 01:00:00,2026-08-09 01:00:00,48,1,7,4,8,23.9,94.0,7.2,947.2,0.3,137.59722222222223,-1.625,141.0,141.0,101.0,37.3,83.8,31.4,94.0
2026-08-07 01:00:00,2026-08-10 01:00:00,72,1,7,4,8,23.9,94.0,7.2,947.2,0.3,137.59722222222223,-1.625,141.0,141.0,101.0,37.3,83.8,31.4,108.0
2026-08-07 02:00:00,2026-08-08 02:00:00,24,2,7,4,8,23.8,94.0,10.5,947.0,0.1,137.66666666666666,-1.4583333333333333,136.0,146.0,99.0,28.3,81.7,27.6,83.0
2026-08-07 02:00:00,2026-08-09 02:00:00,48,2,7,4,8,23.8,94.0,10.5,947.0,0.1,137.66666666666666,-1.4583333333333333,136.0,146.0,99.0,28.3,81.7,27.6,96.0
2026-08-07 02:00:00,2026-08-10 02:00:00,72,2,7,4,8,23.8,94.0,10.5,947.0,0.1,137.66666666666666,-1.4583333333333333,136.0,146.0,99.0,28.3,81.7,27.6,107.0
2026-08-07 03:00:00,2026-08-08 03:00:00,24,3,7,4,8,23.6,95.0,7.5,947.3,0.0,137.77777777777777,-1.2083333333333333,131.0,151.0,98.0,27.1,77.5,27.1,84.0
2026-08-07 03:00:00,2026-08-09 03:00:00,48,3,7,4,8,23.6,95.0,7.5,947.3,0.0,137.77777777777777,-1.2083333333333333,131.0,151.0,98.0,27.1,77.5,27.1,98.0
2026-08-07 03:00:00,2026-08-10 03:00:00,72,3,7,4,8,23.6,95.0,7.5,947.3,0.0,137.77777777777777,-1.2083333333333333,131.0,151.0,98.0,27.1,77.5,27.1,107.0
2026-08-07 04:00:00,2026-08-08 04:00:00,24,4,7,4,8,23.7,94.0,6.4,946.9,0.0,137.90277777777777,-1.0,125.0,152.0,97.0,15.5,60.8,29.2,85.0
2026-08-07 04:00:00,2026-08-09 04:00:00,48,4,7,4,8,23.7,94.0,6.4,946.9,0.0,137.90277777777777,-1.0,125.0,152.0,97.0,15.5,60.8,29.2,99.0
2026-08-07 04:00:00,2026-08-10 04:00:00,72,4,7,4,8,23.7,94.0,6.4,946.9,0.0,137.90277777777777,-1.0,125.0,152.0,97.0,15.5,60.8,29.2,107.0
2026-08-07 05:00:00,2026-08-08 05:00:00,24,5,7,4,8,24.3,95.0,5.0,946.7,0.0,138.04166666666666,-0.75,121.0,153.0,96.0,16.4,51.5,56.5,86.0
2026-08-07 05:00:00,2026-08-09 05:00:00,48,5,7,4,8,24.3,95.0,5.0,946.7,0.0,138.04166666666666,-0.75,121.0,153.0,96.0,16.4,51.5,56.5,100.0
2026-08-07 05:00:00,2026-08-10 05:00:00,72,5,7,4,8,24.3,95.0,5.0,946.7,0.0,138.04166666666666,-0.75,121.0,153.0,96.0,16.4,51.5,56.5,106.0
2026-08-07 06:00:00,2026-08-08 06:00:00,24,6,7,4,8,24.0,95.0,10.7,946.8,0.1,138.20833333333334,-0.5416666666666666,117.0,153.0,98.0,26.7,53.0,56.1,88.0
2026-08-07 06:00:00,2026-08-09 06:00:00,48,6,7,4,8,24.0,95.0,10.7,946.8,0.1,138.20833333333334,-0.5416666666666666,117.0,153.0,98.0,26.7,53.0,56.1,103.0
2026-08-07 06:00:00,2026-08-10 06:00:00,72,6,7,4,8,24.0,95.0,10.7,946.8,0.1,138.20833333333334,-0.5416666666666666,117.0,153.0,98.0,26.7,53.0,56.1,104.0
2026-08-07 07:00:00,2026-08-08 07:00:00,24,7,7,4,8,24.7,89.0,8.1,947.0,0.0,138.34722222222223,-0.375,114.0,153.0,100.0,32.2,28.5,56.2,90.0
2026-08-07 07:00:00,2026-08-09 07:00:00,48,7,7,4,8,24.7,89.0,8.1,947.0,0.0,138.34722222222223,-0.375,114.0,153.0,100.0,32.2,28.5,56.2,105.0
2026-08-07 07:00:00,2026-08-10 07:00:00,72,7,7,4,8,24.7,89.0,8.1,947.0,0.0,138.34722222222223,-0.375,114.0,153.0,100.0,32.2,28.5,56.2,102.0
2026-08-07 08:00:00,2026-08-08 08:00:00,24,8,7,4,8,25.6,87.0,3.4,947.2,0.0,138.44444444444446,-0.2916666666666667,115.0,152.0,102.0,35.0,34.9,43.3,90.0
2026-08-07 08:00:00,2026-08-09 08:00:00,48,8,7,4,8,25.6,87.0,3.4,947.2,0.0,138.44444444444446,-0.2916666666666667,115.0,152.0,102.0,35.0,34.9,43.3,108.0
2026-08-07 08:00:00,2026-08-10 08:00:00,72,8,7,4,8,25.6,87.0,3.4,947.2,0.0,138.44444444444446,-0.2916666666666667,115.0,152.0,102.0,35.0,34.9,43.3,101.0
2026-08-07 09:00:00,2026-08-08 09:00:00,24,9,7,4,8,27.0,82.0,3.8,947.5,0.0,138.51388888888889,-0.3333333333333333,115.0,152.0,103.0,33.3,37.5,36.1,90.0
2026-08-07 09:00:00,2026-08-09 09:00:00,48,9,7,4,8,27.0,82.0,3.8,947.5,0.0,138.51388888888889,-0.3333333333333333,115.0,152.0,103.0,33.3,37.5,36.1,109.0
2026-08-07 09:00:00,2026-08-10 09:00:00,72,9,7,4,8,27.0,82.0,3.8,947.5,0.0,138.51388888888889,-0.3333333333333333,115.0,152.0,103.0,33.3,37.5,36.1,100.0
2026-08-07 10:00:00,2026-08-08 10:00:00,24,10,7,4,8,28.9,74.0,5.6,947.5,0.0,138.54166666666666,-0.4166666666666667,114.0,152.0,104.0,33.3,40.7,37.6,90.0
2026-08-07 10:00:00,2026-08-09 10:00:00,48,10,7,4,8,28.9,74.0,5.6,947.5,0.0,138.54166666666666,-0.4166666666666667,114.0,152.0,104.0,33.3,40.7,37.6,110.0
2026-08-07 10:00:00,2026-08-10 10:00:00,72,10,7,4,8,28.9,74.0,5.6,947.5,0.0,138.54166666666666,-0.4166666666666667,114.0,152.0,104.0,33.3,40.7,37.6,101.0
2026-08-07 11:00:00,2026-08-08 11:00:00,24,11,7,4,8,30.3,67.0,6.3,948.3,0.0,138.54166666666666,-0.4166666666666667,113.0,152.0,105.0,35.7,43.2,42.6,90.0
2026-08-07 11:00:00,2026-08-09 11:00:00,48,11,7,4,8,30.3,67.0,6.3,948.3,0.0,138.54166666666666,-0.4166666666666667,113.0,152.0,105.0,35.7,43.2,42.6,110.0
2026-08-07 11:00:00,2026-08-10 11:00:00,72,11,7,4,8,30.3,67.0,6.3,948.3,0.0,138.54166666666666,-0.4166666666666667,113.0,152.0,105.0,35.7,43.2,42.6,101.0
2026-08-07 12:00:00,2026-08-08 12:00:00,24,12,7,4,8,31.3,62.0,6.6,947.9,0.0,138.51388888888889,-0.4166666666666667,113.0,152.0,106.0,38.6,46.3,47.4,90.0
2026-08-07 12:00:00,2026-08-09 12:00:00,48,12,7,4,8,31.3,62.0,6.6,947.9,0.0,138.51388888888889,-0.4166666666666667,113.0,152.0,106.0,38.6,46.3,47.4,109.0
2026-08-07 12:00:00,2026-08-10 12:00:00,72,12,7,4,8,31.3,62.0,6.6,947.9,0.0,138.51388888888889,-0.4166666666666667,113.0,152.0,106.0,38.6,46.3,47.4,102.0
2026-08-07 13:00:00,2026-08-08 13:00:00,24,13,7,4,8,31.9,60.0,2.1,947.4,0.0,138.45833333333334,-0.4583333333333333,112.0,152.0,108.0,39.8,48.4,50.9,106.0
2026-08-07 13:00:00,2026-08-09 13:00:00,48,13,7,4,8,31.9,60.0,2.1,947.4,0.0,138.45833333333334,-0.4583333333333333,112.0,152.0,108.0,39.8,48.4,50.9,109.0
2026-08-07 13:00:00,2026-08-10 13:00:00,72,13,7,4,8,31.9,60.0,2.1,947.4,0.0,138.45833333333334,-0.4583333333333333,112.0,152.0,108.0,39.8,48.4,50.9,102.0
2026-08-07 14:00:00,2026-08-08 14:00:00,24,14,7,4,8,32.4,58.0,3.2,946.7,0.0,138.43055555555554,-0.25,111.0,152.0,111.0,40.6,49.9,53.2,147.0
2026-08-07 14:00:00,2026-08-09 14:00:00,48,14,7,4,8,32.4,58.0,3.2,946.7,0.0,138.43055555555554,-0.25,111.0,152.0,111.0,40.6,49.9,53.2,109.0
2026-08-07 14:00:00,2026-08-10 14:00:00,72,14,7,4,8,32.4,58.0,3.2,946.7,0.0,138.43055555555554,-0.25,111.0,152.0,111.0,40.6,49.9,53.2,103.0
2026-08-07 15:00:00,2026-08-08 15:00:00,24,15,7,4,8,32.7,56.0,5.2,946.2,0.0,138.70833333333334,0.8333333333333334,138.0,152.0,144.0,41.6,48.9,54.5,171.0
2026-08-07 15:00:00,2026-08-09 15:00:00,48,15,7,4,8,32.7,56.0,5.2,946.2,0.0,138.70833333333334,0.8333333333333334,138.0,152.0,144.0,41.6,48.9,54.5,112.0
2026-08-07 15:00:00,2026-08-10 15:00:00,72,15,7,4,8,32.7,56.0,5.2,946.2,0.0,138.70833333333334,0.8333333333333334,138.0,152.0,144.0,41.6,48.9,54.5,132.0
2026-08-07 16:00:00,2026-08-08 16:00:00,24,16,7,4,8,32.5,56.0,6.5,945.7,0.0,138.86111111111111,0.7083333333333334,165.0,151.0,173.0,40.9,47.6,55.1,185.0
2026-08-07 16:00:00,2026-08-09 16:00:00,48,16,7,4,8,32.5,56.0,6.5,945.7,0.0,138.86111111111111,0.7083333333333334,165.0,151.0,173.0,40.9,47.6,55.1,141.0
2026-08-07 16:00:00,2026-08-10 16:00:00,72,16,7,4,8,32.5,56.0,6.5,945.7,0.0,138.86111111111111,0.7083333333333334,165.0,151.0,173.0,40.9,47.6,55.1,154.0
2026-08-07 17:00:00,2026-08-08 17:00:00,24,17,7,4,8,31.3,61.0,7.3,945.5,0.0,138.88888888888889,0.4166666666666667,186.0,170.0,193.0,36.4,32.9,48.2,190.0
2026-08-07 17:00:00,2026-08-09 17:00:00,48,17,7,4,8,31.3,61.0,7.3,945.5,0.0,138.88888888888889,0.4166666666666667,186.0,170.0,193.0,36.4,32.9,48.2,159.0
2026-08-07 17:00:00,2026-08-10 17:00:00,72,17,7,4,8,31.3,61.0,7.3,945.5,0.0,138.88888888888889,0.4166666666666667,186.0,170.0,193.0,36.4,32.9,48.2,168.0
2026-08-07 18:00:00,2026-08-08 18:00:00,24,18,7,4,8,30.3,69.0,7.1,945.7,0.0,138.875,0.25,195.0,179.0,196.0,37.1,40.0,51.0,185.0
2026-08-07 18:00:00,2026-08-09 18:00:00,48,18,7,4,8,30.3,69.0,7.1,945.7,0.0,138.875,0.25,195.0,179.0,196.0,37.1,40.0,51.0,165.0
2026-08-07 18:00:00,2026-08-10 18:00:00,72,18,7,4,8,30.3,69.0,7.1,945.7,0.0,138.875,0.25,195.0,179.0,196.0,37.1,40.0,51.0,173.0
2026-08-07 19:00:00,2026-08-08 19:00:00,24,19,7,4,8,28.7,72.0,10.9,946.1,0.0,138.875,0.041666666666666664,192.0,176.0,187.0,46.1,50.8,53.2,170.0
2026-08-07 19:00:00,2026-08-09 19:00:00,48,19,7,4,8,28.7,72.0,10.9,946.1,0.0,138.875,0.041666666666666664,192.0,176.0,187.0,46.1,50.8,53.2,159.0
2026-08-07 19:00:00,2026-08-10 19:00:00,72,19,7,4,8,28.7,72.0,10.9,946.1,0.0,138.875,0.041666666666666664,192.0,176.0,187.0,46.1,50.8,53.2,169.0
2026-08-07 20:00:00,2026-08-08 20:00:00,24,20,7,4,8,27.6,74.0,7.2,946.3,0.0,138.90277777777777,-0.125,174.0,159.0,168.0,55.4,57.5,62.6,141.0
2026-08-07 20:00:00,2026-08-09 20:00:00,48,20,7,4,8,27.6,74.0,7.2,946.3,0.0,138.90277777777777,-0.125,174.0,159.0,168.0,55.4,57.5,62.6,139.0
2026-08-07 20:00:00,2026-08-10 20:00:00,72,20,7,4,8,27.6,74.0,7.2,946.3,0.0,138.90277777777777,-0.125,174.0,159.0,168.0,55.4,57.5,62.6,156.0
2026-08-07 21:00:00,2026-08-08 21:00:00,24,21,7,4,8,26.9,78.0,4.8,946.9,0.0,138.93055555555554,-0.16666666666666666,145.0,150.0,136.0,57.6,59.0,72.2,98.0
2026-08-07 21:00:00,2026-08-09 21:00:00,48,21,7,4,8,26.9,78.0,4.8,946.9,0.0,138.93055555555554,-0.16666666666666666,145.0,150.0,136.0,57.6,59.0,72.2,113.0
2026-08-07 21:00:00,2026-08-10 21:00:00,72,21,7,4,8,26.9,78.0,4.8,946.9,0.0,138.93055555555554,-0.16666666666666666,145.0,150.0,136.0,57.6,59.0,72.2,130.0
2026-08-07 22:00:00,2026-08-08 22:00:00,24,22,7,4,8,26.4,83.0,2.9,947.3,0.0,139.0,-0.16666666666666666,108.0,149.0,128.0,55.3,62.4,80.6,89.0
2026-08-07 22:00:00,2026-08-09 22:00:00,48,22,7,4,8,26.4,83.0,2.9,947.3,0.0,139.0,-0.16666666666666666,108.0,149.0,128.0,55.3,62.4,80.6,112.0
2026-08-07 22:00:00,2026-08-10 22:00:00,72,22,7,4,8,26.4,83.0,2.9,947.3,0.0,139.0,-0.16666666666666666,108.0,149.0,128.0,55.3,62.4,80.6,102.0
2026-08-07 23:00:00,2026-08-08 23:00:00,24,23,7,4,8,26.9,84.0,2.3,947.0,0.0,138.625,-0.2916666666666667,107.0,148.0,132.0,48.5,61.0,84.1,91.0
2026-08-07 23:00:00,2026-08-09 23:00:00,48,23,7,4,8,26.9,84.0,2.3,947.0,0.0,138.625,-0.2916666666666667,107.0,148.0,132.0,48.5,61.0,84.1,111.0
2026-08-07 23:00:00,2026-08-10 23:00:00,72,23,7,4,8,26.9,84.0,2.3,947.0,0.0,138.625,-0.2916666666666667,107.0,148.0,132.0,48.5,61.0,84.1,102.0
2026-08-08 00:00:00,2026-08-09 00:00:00,24,0,8,5,8,26.2,87.0,2.1,946.9,0.0,137.97222222222223,-0.9166666666666666,106.0,145.0,136.0,48.1,47.0,87.8,93.0
2026-08-08 00:00:00,2026-08-10 00:00:00,48,0,8,5,8,26.2,87.0,2.1,946.9,0.0,137.97222222222223,-0.9166666666666666,106.0,145.0,136.0,48.1,47.0,87.8,110.0
2026-08-08 00:00:00,2026-08-11 00:00:00,72,0,8,5,8,26.2,87.0,2.1,946.9,0.0,137.97222222222223,-0.9166666666666666,106.0,145.0,136.0,48.1,47.0,87.8,101.0
2026-08-08 01:00:00,2026-08-09 01:00:00,24,1,8,5,8,25.9,89.0,0.2,946.9,0.0,137.25,-0.9166666666666666,106.0,141.0,141.0,47.6,37.3,83.8,94.0
2026-08-08 01:00:00,2026-08-10 01:00:00,48,1,8,5,8,25.9,89.0,0.2,946.9,0.0,137.25,-0.9166666666666666,106.0,141.0,141.0,47.6,37.3,83.8,108.0
2026-08-08 01:00:00,2026-08-11 01:00:00,72,1,8,5,8,25.9,89.0,0.2,946.9,0.0,137.25,-0.9166666666666666,106.0,141.0,141.0,47.6,37.3,83.8,100.0
2026-08-08 02:00:00,2026-08-09 02:00:00,24,2,8,5,8,25.6,91.0,0.6,946.6,0.0,136.44444444444446,-0.9583333333333334,107.0,136.0,146.0,28.6,28.3,81.7,96.0
2026-08-08 02:00:00,2026-08-10 02:00:00,48,2,8,5,8,25.6,91.0,0.6,946.6,0.0,136.44444444444446,-0.9583333333333334,107.0,136.0,146.0,28.6,28.3,81.7,107.0
2026-08-08 02:00:00,2026-08-11 02:00:00,72,2,8,5,8,25.6,91.0,0.6,946.6,0.0,136.44444444444446,-0.9583333333333334,107.0,136.0,146.0,28.6,28.3,81.7,98.0
2026-08-08 03:00:00,2026-08-09 03:00:00,24,3,8,5,8,25.4,92.0,2.5,946.9,0.0,135.56944444444446,-1.0,107.0,131.0,151.0,31.2,27.1,77.5,98.0
2026-08-08 03:00:00,2026-08-10 03:00:00,48,3,8,5,8,25.4,92.0,2.5,946.9,0.0,135.56944444444446,-1.0,107.0,131.0,151.0,31.2,27.1,77.5,107.0
2026-08-08 03:00:00,2026-08-11 03:00:00,72,3,8,5,8,25.4,92.0,2.5,946.9,0.0,135.56944444444446,-1.0,107.0,131.0,151.0,31.2,27.1,77.5,97.0
2026-08-08 04:00:00,2026-08-09 04:00:00,24,4,8,5,8,25.5,92.0,3.6,946.9,0.0,134.63888888888889,-0.9583333333333334,107.0,125.0,152.0,18.5,15.5,60.8,99.0
2026-08-08 04:00:00,2026-08-10 04:00:00,48,4,8,5,8,25.5,92.0,3.6,946.9,0.0,134.63888888888889,-0.9583333333333334,107.0,125.0,152.0,18.5,15.5,60.8,107.0
2026-08-08 04:00:00,2026-08-11 04:00:00,72,4,8,5,8,25.5,92.0,3.6,946.9,0.0,134.63888888888889,-0.9583333333333334,107.0,125.0,152.0,18.5,15.5,60.8,95.0
2026-08-08 05:00:00,2026-08-09 05:00:00,24,5,8,5,8,23.5,85.0,14.8,947.1,0.0,133.70833333333334,-0.9166666666666666,108.0,121.0,153.0,20.1,16.4,51.5,100.0
2026-08-08 05:00:00,2026-08-10 05:00:00,48,5,8,5,8,23.5,85.0,14.8,947.1,0.0,133.70833333333334,-0.9166666666666666,108.0,121.0,153.0,20.1,16.4,51.5,106.0
2026-08-08 05:00:00,2026-08-11 05:00:00,72,5,8,5,8,23.5,85.0,14.8,947.1,0.0,133.70833333333334,-0.9166666666666666,108.0,121.0,153.0,20.1,16.4,51.5,94.0
2026-08-08 06:00:00,2026-08-09 06:00:00,24,6,8,5,8,23.8,86.0,7.0,947.1,0.2,132.77777777777777,-0.9166666666666666,108.0,117.0,153.0,21.9,26.7,53.0,103.0
2026-08-08 06:00:00,2026-08-10 06:00:00,48,6,8,5,8,23.8,86.0,7.0,947.1,0.2,132.77777777777777,-0.9166666666666666,108.0,117.0,153.0,21.9,26.7,53.0,104.0
2026-08-08 06:00:00,2026-08-11 06:00:00,72,6,8,5,8,23.8,86.0,7.0,947.1,0.2,132.77777777777777,-0.9166666666666666,108.0,117.0,153.0,21.9,26.7,53.0,93.0
2026-08-08 07:00:00,2026-08-09 07:00:00,24,7,8,5,8,24.9,86.0,4.5,947.3,0.0,131.875,-0.8333333333333334,107.0,114.0,153.0,24.1,32.2,28.5,105.0
2026-08-08 07:00:00,2026-08-10 07:00:00,48,7,8,5,8,24.9,86.0,4.5,947.3,0.0,131.875,-0.8333333333333334,107.0,114.0,153.0,24.1,32.2,28.5,102.0
2026-08-08 07:00:00,2026-08-11 07:00:00,72,7,8,5,8,24.9,86.0,4.5,947.3,0.0,131.875,-0.8333333333333334,107.0,114.0,153.0,24.1,32.2,28.5,91.0
2026-08-08 08:00:00,2026-08-09 08:00:00,24,8,8,5,8,26.7,79.0,3.9,947.9,0.0,131.0,-0.7083333333333334,107.0,115.0,152.0,22.4,35.0,34.9,108.0
2026-08-08 08:00:00,2026-08-10 08:00:00,48,8,8,5,8,26.7,79.0,3.9,947.9,0.0,131.0,-0.7083333333333334,107.0,115.0,152.0,22.4,35.0,34.9,101.0
2026-08-08 08:00:00,2026-08-11 08:00:00,72,8,8,5,8,26.7,79.0,3.9,947.9,0.0,131.0,-0.7083333333333334,107.0,115.0,152.0,22.4,35.0,34.9,91.0
2026-08-08 09:00:00,2026-08-09 09:00:00,24,9,8,5,8,28.5,73.0,4.0,948.2,0.0,130.13888888888889,-0.7083333333333334,105.0,115.0,152.0,21.0,33.3,37.5,109.0
2026-08-08 09:00:00,2026-08-10 09:00:00,48,9,8,5,8,28.5,73.0,4.0,948.2,0.0,130.13888888888889,-0.7083333333333334,105.0,115.0,152.0,21.0,33.3,37.5,100.0
2026-08-08 09:00:00,2026-08-11 09:00:00,72,9,8,5,8,28.5,73.0,4.0,948.2,0.0,130.13888888888889,-0.7083333333333334,105.0,115.0,152.0,21.0,33.3,37.5,90.0
2026-08-08 10:00:00,2026-08-09 10:00:00,24,10,8,5,8,30.3,66.0,4.4,948.6,0.0,129.27777777777777,-0.625,104.0,114.0,152.0,21.5,33.3,40.7,110.0
2026-08-08 10:00:00,2026-08-10 10:00:00,48,10,8,5,8,30.3,66.0,4.4,948.6,0.0,129.27777777777777,-0.625,104.0,114.0,152.0,21.5,33.3,40.7,101.0
2026-08-08 10:00:00,2026-08-11 10:00:00,72,10,8,5,8,30.3,66.0,4.4,948.6,0.0,129.27777777777777,-0.625,104.0,114.0,152.0,21.5,33.3,40.7,90.0
2026-08-08 11:00:00,2026-08-09 11:00:00,24,11,8,5,8,31.8,58.0,3.7,949.4,0.0,128.41666666666666,-0.5833333333333334,103.0,113.0,152.0,23.9,35.7,43.2,110.0
2026-08-08 11:00:00,2026-08-10 11:00:00,48,11,8,5,8,31.8,58.0,3.7,949.4,0.0,128.41666666666666,-0.5833333333333334,103.0,113.0,152.0,23.9,35.7,43.2,101.0
2026-08-08 11:00:00,2026-08-11 11:00:00,72,11,8,5,8,31.8,58.0,3.7,949.4,0.0,128.41666666666666,-0.5833333333333334,103.0,113.0,152.0,23.9,35.7,43.2,90.0
2026-08-08 12:00:00,2026-08-09 12:00:00,24,12,8,5,8,31.7,58.0,9.7,949.6,0.1,127.55555555555556,-0.5416666666666666,102.0,113.0,152.0,25.2,38.6,46.3,109.0
2026-08-08 12:00:00,2026-08-10 12:00:00,48,12,8,5,8,31.7,58.0,9.7,949.6,0.1,127.55555555555556,-0.5416666666666666,102.0,113.0,152.0,25.2,38.6,46.3,102.0
2026-08-08 12:00:00,2026-08-11 12:00:00,72,12,8,5,8,31.7,58.0,9.7,949.6,0.1,127.55555555555556,-0.5416666666666666,102.0,113.0,152.0,25.2,38.6,46.3,90.0
2026-08-08 13:00:00,2026-08-09 13:00:00,24,13,8,5,8,32.0,56.0,10.5,949.3,0.0,126.69444444444444,-0.5,106.0,112.0,152.0,26.5,39.8,48.4,109.0
2026-08-08 13:00:00,2026-08-10 13:00:00,48,13,8,5,8,32.0,56.0,10.5,949.3,0.0,126.69444444444444,-0.5,106.0,112.0,152.0,26.5,39.8,48.4,102.0
2026-08-08 13:00:00,2026-08-11 13:00:00,72,13,8,5,8,32.0,56.0,10.5,949.3,0.0,126.69444444444444,-0.5,106.0,112.0,152.0,26.5,39.8,48.4,94.0
2026-08-08 14:00:00,2026-08-09 14:00:00,24,14,8,5,8,30.9,64.0,14.5,948.9,0.8,126.05555555555556,0.0,131.0,111.0,152.0,27.1,40.6,49.9,109.0
2026-08-08 14:00:00,2026-08-10 14:00:00,48,14,8,5,8,30.9,64.0,14.5,948.9,0.8,126.05555555555556,0.0,131.0,111.0,152.0,27.1,40.6,49.9,103.0
2026-08-08 14:00:00,2026-08-11 14:00:00,72,14,8,5,8,30.9,64.0,14.5,948.9,0.8,126.05555555555556,0.0,131.0,111.0,152.0,27.1,40.6,49.9,121.0
2026-08-08 15:00:00,2026-08-09 15:00:00,24,15,8,5,8,31.0,65.0,11.4,948.3,0.1,125.98611111111111,0.6666666666666666,155.0,138.0,152.0,28.4,41.6,48.9,112.0
2026-08-08 15:00:00,2026-08-10 15:00:00,48,15,8,5,8,31.0,65.0,11.4,948.3,0.1,125.98611111111111,0.6666666666666666,155.0,138.0,152.0,28.4,41.6,48.9,132.0
2026-08-08 15:00:00,2026-08-11 15:00:00,72,15,8,5,8,31.0,65.0,11.4,948.3,0.1,125.98611111111111,0.6666666666666666,155.0,138.0,152.0,28.4,41.6,48.9,148.0
2026-08-08 16:00:00,2026-08-09 16:00:00,24,16,8,5,8,31.1,65.0,9.3,947.9,0.0,126.25,0.6666666666666666,175.0,165.0,151.0,26.7,40.9,47.6,141.0
2026-08-08 16:00:00,2026-08-10 16:00:00,48,16,8,5,8,31.1,65.0,9.3,947.9,0.0,126.25,0.6666666666666666,175.0,165.0,151.0,26.7,40.9,47.6,154.0
2026-08-08 16:00:00,2026-08-11 16:00:00,72,16,8,5,8,31.1,65.0,9.3,947.9,0.0,126.25,0.6666666666666666,175.0,165.0,151.0,26.7,40.9,47.6,167.0
2026-08-08 17:00:00,2026-08-09 17:00:00,24,17,8,5,8,30.7,66.0,11.6,947.7,0.0,126.72222222222223,0.4166666666666667,192.0,186.0,170.0,14.9,36.4,32.9,159.0
2026-08-08 17:00:00,2026-08-10 17:00:00,48,17,8,5,8,30.7,66.0,11.6,947.7,0.0,126.72222222222223,0.4166666666666667,192.0,186.0,170.0,14.9,36.4,32.9,168.0
2026-08-08 17:00:00,2026-08-11 17:00:00,72,17,8,5,8,30.7,66.0,11.6,947.7,0.0,126.72222222222223,0.4166666666666667,192.0,186.0,170.0,14.9,36.4,32.9,183.0
2026-08-08 18:00:00,2026-08-09 18:00:00,24,18,8,5,8,29.8,70.0,9.0,947.8,0.0,127.0,-0.08333333333333333,196.0,195.0,179.0,17.6,37.1,40.0,165.0
2026-08-08 18:00:00,2026-08-10 18:00:00,48,18,8,5,8,29.8,70.0,9.0,947.8,0.0,127.0,-0.08333333333333333,196.0,195.0,179.0,17.6,37.1,40.0,173.0
2026-08-08 18:00:00,2026-08-11 18:00:00,72,18,8,5,8,29.8,70.0,9.0,947.8,0.0,127.0,-0.08333333333333333,196.0,195.0,179.0,17.6,37.1,40.0,190.0
2026-08-08 19:00:00,2026-08-09 19:00:00,24,19,8,5,8,28.7,77.0,5.9,948.3,0.0,127.08333333333333,-0.4583333333333333,189.0,192.0,176.0,26.7,46.1,50.8,159.0
2026-08-08 19:00:00,2026-08-10 19:00:00,48,19,8,5,8,28.7,77.0,5.9,948.3,0.0,127.08333333333333,-0.4583333333333333,189.0,192.0,176.0,26.7,46.1,50.8,169.0
2026-08-08 19:00:00,2026-08-11 19:00:00,72,19,8,5,8,28.7,77.0,5.9,948.3,0.0,127.08333333333333,-0.4583333333333333,189.0,192.0,176.0,26.7,46.1,50.8,188.0
2026-08-08 20:00:00,2026-08-09 20:00:00,24,20,8,5,8,27.8,83.0,3.2,948.5,0.0,127.0,-0.7916666666666666,170.0,174.0,159.0,27.8,55.4,57.5,139.0
2026-08-08 20:00:00,2026-08-10 20:00:00,48,20,8,5,8,27.8,83.0,3.2,948.5,0.0,127.0,-0.7916666666666666,170.0,174.0,159.0,27.8,55.4,57.5,156.0
2026-08-08 20:00:00,2026-08-11 20:00:00,72,20,8,5,8,27.8,83.0,3.2,948.5,0.0,127.0,-0.7916666666666666,170.0,174.0,159.0,27.8,55.4,57.5,174.0
2026-08-08 21:00:00,2026-08-09 21:00:00,24,21,8,5,8,27.3,86.0,2.3,948.8,0.0,126.75,-1.2083333333333333,141.0,145.0,150.0,29.0,57.6,59.0,113.0
2026-08-08 21:00:00,2026-08-10 21:00:00,48,21,8,5,8,27.3,86.0,2.3,948.8,0.0,126.75,-1.2083333333333333,141.0,145.0,150.0,29.0,57.6,59.0,130.0
2026-08-08 21:00:00,2026-08-11 21:00:00,72,21,8,5,8,27.3,86.0,2.3,948.8,0.0,126.75,-1.2083333333333333,141.0,145.0,150.0,29.0,57.6,59.0,154.0
2026-08-08 22:00:00,2026-08-09 22:00:00,24,22,8,5,8,26.7,89.0,3.1,948.9,0.0,126.02777777777777,-1.7916666666666667,101.0,108.0,149.0,32.6,55.3,62.4,112.0
2026-08-08 22:00:00,2026-08-10 22:00:00,48,22,8,5,8,26.7,89.0,3.1,948.9,0.0,126.02777777777777,-1.7916666666666667,101.0,108.0,149.0,32.6,55.3,62.4,102.0
2026-08-08 22:00:00,2026-08-11 22:00:00,72,22,8,5,8,26.7,89.0,3.1,948.9,0.0,126.02777777777777,-1.7916666666666667,101.0,108.0,149.0,32.6,55.3,62.4,125.0
2026-08-08 23:00:00,2026-08-09 23:00:00,24,23,8,5,8,27.4,86.0,3.2,948.8,0.0,125.19444444444444,-0.5,85.0,107.0,148.0,36.8,48.5,61.0,111.0
2026-08-08 23:00:00,2026-08-10 23:00:00,48,23,8,5,8,27.4,86.0,3.2,948.8,0.0,125.19444444444444,-0.5,85.0,107.0,148.0,36.8,48.5,61.0,102.0
2026-08-08 23:00:00,2026-08-11 23:00:00,72,23,8,5,8,27.4,86.0,3.2,948.8,0.0,125.19444444444444,-0.5,85.0,107.0,148.0,36.8,48.5,61.0,114.0
2026-08-09 00:00:00,2026-08-10 00:00:00,24,0,9,6,8,26.8,89.0,2.2,948.9,0.0,124.40277777777777,0.25,84.0,106.0,145.0,39.7,48.1,47.0,110.0
2026-08-09 00:00:00,2026-08-11 00:00:00,48,0,9,6,8,26.8,89.0,2.2,948.9,0.0,124.40277777777777,0.25,84.0,106.0,145.0,39.7,48.1,47.0,101.0
2026-08-09 00:00:00,2026-08-12 00:00:00,72,0,9,6,8,26.8,89.0,2.2,948.9,0.0,124.40277777777777,0.25,84.0,106.0,145.0,39.7,48.1,47.0,116.0
2026-08-09 01:00:00,2026-08-10 01:00:00,24,1,9,6,8,26.6,90.0,3.2,948.9,0.0,123.68055555555556,0.375,83.0,106.0,141.0,41.4,47.6,37.3,108.0
2026-08-09 01:00:00,2026-08-11 01:00:00,48,1,9,6,8,26.6,90.0,3.2,948.9,0.0,123.68055555555556,0.375,83.0,106.0,141.0,41.4,47.6,37.3,100.0
2026-08-09 01:00:00,2026-08-12 01:00:00,72,1,9,6,8,26.6,90.0,3.2,948.9,0.0,123.68055555555556,0.375,83.0,106.0,141.0,41.4,47.6,37.3,119.0
2026-08-09 02:00:00,2026-08-10 02:00:00,24,2,9,6,8,26.4,91.0,0.6,949.0,0.0,123.02777777777777,0.4583333333333333,83.0,107.0,136.0,41.9,28.6,28.3,107.0
2026-08-09 02:00:00,2026-08-11 02:00:00,48,2,9,6,8,26.4,91.0,0.6,949.0,0.0,123.02777777777777,0.4583333333333333,83.0,107.0,136.0,41.9,28.6,28.3,98.0
2026-08-09 02:00:00,2026-08-12 02:00:00,72,2,9,6,8,26.4,91.0,0.6,949.0,0.0,123.02777777777777,0.4583333333333333,83.0,107.0,136.0,41.9,28.6,28.3,122.0
2026-08-09 03:00:00,2026-08-10 03:00:00,24,3,9,6,8,26.3,91.0,1.5,949.1,0.0,122.47222222222223,0.5416666666666666,84.0,107.0,131.0,41.9,31.2,27.1,107.0
2026-08-09 03:00:00,2026-08-11 03:00:00,48,3,9,6,8,26.3,91.0,1.5,949.1,0.0,122.47222222222223,0.5416666666666666,84.0,107.0,131.0,41.9,31.2,27.1,97.0
2026-08-09 03:00:00,2026-08-12 03:00:00,72,3,9,6,8,26.3,91.0,1.5,949.1,0.0,122.47222222222223,0.5416666666666666,84.0,107.0,131.0,41.9,31.2,27.1,124.0
2026-08-09 04:00:00,2026-08-10 04:00:00,24,4,9,6,8,26.2,91.0,0.6,949.3,0.0,122.01388888888889,0.5833333333333334,85.0,107.0,125.0,40.6,18.5,15.5,107.0
2026-08-09 04:00:00,2026-08-11 04:00:00,48,4,9,6,8,26.2,91.0,0.6,949.3,0.0,122.01388888888889,0.5833333333333334,85.0,107.0,125.0,40.6,18.5,15.5,95.0
2026-08-09 04:00:00,2026-08-12 04:00:00,72,4,9,6,8,26.2,91.0,0.6,949.3,0.0,122.01388888888889,0.5833333333333334,85.0,107.0,125.0,40.6,18.5,15.5,126.0
2026-08-09 05:00:00,2026-08-10 05:00:00,24,5,9,6,8,26.0,91.0,7.5,949.1,0.0,121.65277777777777,0.5833333333333334,86.0,108.0,121.0,43.1,20.1,16.4,106.0
2026-08-09 05:00:00,2026-08-11 05:00:00,48,5,9,6,8,26.0,91.0,7.5,949.1,0.0,121.65277777777777,0.5833333333333334,86.0,108.0,121.0,43.1,20.1,16.4,94.0
2026-08-09 05:00:00,2026-08-12 05:00:00,72,5,9,6,8,26.0,91.0,7.5,949.1,0.0,121.65277777777777,0.5833333333333334,86.0,108.0,121.0,43.1,20.1,16.4,128.0
2026-08-09 06:00:00,2026-08-10 06:00:00,24,6,9,6,8,26.1,90.0,3.7,949.1,0.1,121.36111111111111,0.5833333333333334,88.0,108.0,117.0,41.1,21.9,26.7,104.0
2026-08-09 06:00:00,2026-08-11 06:00:00,48,6,9,6,8,26.1,90.0,3.7,949.1,0.1,121.36111111111111,0.5833333333333334,88.0,108.0,117.0,41.1,21.9,26.7,93.0
2026-08-09 06:00:00,2026-08-12 06:00:00,72,6,9,6,8,26.1,90.0,3.7,949.1,0.1,121.36111111111111,0.5833333333333334,88.0,108.0,117.0,41.1,21.9,26.7,130.0
2026-08-09 07:00:00,2026-08-10 07:00:00,24,7,9,6,8,26.8,86.0,4.1,949.4,0.1,121.16666666666667,0.625,90.0,107.0,114.0,28.8,24.1,32.2,102.0
2026-08-09 07:00:00,2026-08-11 07:00:00,48,7,9,6,8,26.8,86.0,4.1,949.4,0.1,121.16666666666667,0.625,90.0,107.0,114.0,28.8,24.1,32.2,91.0
2026-08-09 07:00:00,2026-08-12 07:00:00,72,7,9,6,8,26.8,86.0,4.1,949.4,0.1,121.16666666666667,0.625,90.0,107.0,114.0,28.8,24.1,32.2,129.0
2026-08-09 08:00:00,2026-08-10 08:00:00,24,8,9,6,8,28.0,80.0,3.0,949.9,0.0,121.04166666666667,0.625,90.0,107.0,115.0,20.7,22.4,35.0,101.0
2026-08-09 08:00:00,2026-08-11 08:00:00,48,8,9,6,8,28.0,80.0,3.0,949.9,0.0,121.04166666666667,0.625,90.0,107.0,115.0,20.7,22.4,35.0,91.0
2026-08-09 08:00:00,2026-08-12 08:00:00,72,8,9,6,8,28.0,80.0,3.0,949.9,0.0,121.04166666666667,0.625,90.0,107.0,115.0,20.7,22.4,35.0,130.0
2026-08-09 09:00:00,2026-08-10 09:00:00,24,9,9,6,8,29.4,73.0,1.3,950.2,0.0,120.94444444444444,0.75,90.0,105.0,115.0,20.1,21.0,33.3,100.0
2026-08-09 09:00:00,2026-08-11 09:00:00,48,9,9,6,8,29.4,73.0,1.3,950.2,0.0,120.94444444444444,0.75,90.0,105.0,115.0,20.1,21.0,33.3,90.0
2026-08-09 09:00:00,2026-08-12 09:00:00,72,9,9,6,8,29.4,73.0,1.3,950.2,0.0,120.94444444444444,0.75,90.0,105.0,115.0,20.1,21.0,33.3,130.0
2026-08-09 10:00:00,2026-08-10 10:00:00,24,10,9,6,8,30.5,70.0,1.3,950.4,0.0,120.86111111111111,0.7916666666666666,90.0,104.0,114.0,21.8,21.5,33.3,101.0
2026-08-09 10:00:00,2026-08-11 10:00:00,48,10,9,6,8,30.5,70.0,1.3,950.4,0.0,120.86111111111111,0.7916666666666666,90.0,104.0,114.0,21.8,21.5,33.3,90.0
2026-08-09 10:00:00,2026-08-12 10:00:00,72,10,9,6,8,30.5,70.0,1.3,950.4,0.0,120.86111111111111,0.7916666666666666,90.0,104.0,114.0,21.8,21.5,33.3,131.0
2026-08-09 11:00:00,2026-08-10 11:00:00,24,11,9,6,8,31.6,66.0,2.7,950.3,0.0,120.80555555555556,0.8333333333333334,90.0,103.0,113.0,24.2,23.9,35.7,101.0
2026-08-09 11:00:00,2026-08-11 11:00:00,48,11,9,6,8,31.6,66.0,2.7,950.3,0.0,120.80555555555556,0.8333333333333334,90.0,103.0,113.0,24.2,23.9,35.7,90.0
2026-08-09 11:00:00,2026-08-12 11:00:00,72,11,9,6,8,31.6,66.0,2.7,950.3,0.0,120.80555555555556,0.8333333333333334,90.0,103.0,113.0,24.2,23.9,35.7,131.0
2026-08-09 12:00:00,2026-08-10 12:00:00,24,12,9,6,8,32.3,62.0,3.6,950.0,0.1,120.76388888888889,0.8333333333333334,90.0,102.0,113.0,24.2,25.2,38.6,102.0
2026-08-09 12:00:00,2026-08-11 12:00:00,48,12,9,6,8,32.3,62.0,3.6,950.0,0.1,120.76388888888889,0.8333333333333334,90.0,102.0,113.0,24.2,25.2,38.6,90.0
2026-08-09 12:00:00,2026-08-12 12:00:00,72,12,9,6,8,32.3,62.0,3.6,950.0,0.1,120.76388888888889,0.8333333333333334,90.0,102.0,113.0,24.2,25.2,38.6,131.0
2026-08-09 13:00:00,2026-08-10 13:00:00,24,13,9,6,8,33.2,58.0,0.2,949.6,0.1,120.70833333333333,0.7916666666666666,106.0,106.0,112.0,23.5,26.5,39.8,102.0
2026-08-09 13:00:00,2026-08-11 13:00:00,48,13,9,6,8,33.2,58.0,0.2,949.6,0.1,120.70833333333333,0.7916666666666666,106.0,106.0,112.0,23.5,26.5,39.8,94.0
2026-08-09 13:00:00,2026-08-12 13:00:00,72,13,9,6,8,33.2,58.0,0.2,949.6,0.1,120.70833333333333,0.7916666666666666,106.0,106.0,112.0,23.5,26.5,39.8,130.0
2026-08-09 14:00:00,2026-08-10 14:00:00,24,14,9,6,8,33.0,58.0,3.4,949.0,0.0,120.66666666666667,0.125,147.0,131.0,111.0,23.3,27.1,40.6,103.0
2026-08-09 14:00:00,2026-08-11 14:00:00,48,14,9,6,8,33.0,58.0,3.4,949.0,0.0,120.66666666666667,0.125,147.0,131.0,111.0,23.3,27.1,40.6,121.0
2026-08-09 14:00:00,2026-08-12 14:00:00,72,14,9,6,8,33.0,58.0,3.4,949.0,0.0,120.66666666666667,0.125,147.0,131.0,111.0,23.3,27.1,40.6,132.0
2026-08-09 15:00:00,2026-08-10 15:00:00,24,15,9,6,8,33.4,55.0,3.7,948.4,0.0,120.63888888888889,-1.5833333333333333,171.0,155.0,138.0,21.6,28.4,41.6,132.0
2026-08-09 15:00:00,2026-08-11 15:00:00,48,15,9,6,8,33.4,55.0,3.7,948.4,0.0,120.63888888888889,-1.5833333333333333,171.0,155.0,138.0,21.6,28.4,41.6,148.0
2026-08-09 15:00:00,2026-08-12 15:00:00,72,15,9,6,8,33.4,55.0,3.7,948.4,0.0,120.63888888888889,-1.5833333333333333,171.0,155.0,138.0,21.6,28.4,41.6,155.0
2026-08-09 16:00:00,2026-08-10 16:00:00,24,16,9,6,8,33.2,56.0,3.7,947.6,0.0,120.27777777777777,-2.4583333333333335,185.0,175.0,165.0,20.6,26.7,40.9,154.0
2026-08-09 16:00:00,2026-08-11 16:00:00,48,16,9,6,8,33.2,56.0,3.7,947.6,0.0,120.27777777777777,-2.4583333333333335,185.0,175.0,165.0,20.6,26.7,40.9,167.0
2026-08-09 16:00:00,2026-08-12 16:00:00,72,16,9,6,8,33.2,56.0,3.7,947.6,0.0,120.27777777777777,-2.4583333333333335,185.0,175.0,165.0,20.6,26.7,40.9,174.0
2026-08-09 17:00:00,2026-08-10 17:00:00,24,17,9,6,8,33.2,53.0,4.4,947.2,0.0,119.94444444444444,-1.8333333333333333,190.0,192.0,186.0,13.3,14.9,36.4,168.0
2026-08-09 17:00:00,2026-08-11 17:00:00,48,17,9,6,8,33.2,53.0,4.4,947.2,0.0,119.94444444444444,-1.8333333333333333,190.0,192.0,186.0,13.3,14.9,36.4,183.0
2026-08-09 17:00:00,2026-08-12 17:00:00,72,17,9,6,8,33.2,53.0,4.4,947.2,0.0,119.94444444444444,-1.8333333333333333,190.0,192.0,186.0,13.3,14.9,36.4,192.0
2026-08-09 18:00:00,2026-08-10 18:00:00,24,18,9,6,8,32.0,64.0,4.6,946.8,0.0,119.56944444444444,-1.2916666666666667,185.0,196.0,195.0,14.3,17.6,37.1,173.0
2026-08-09 18:00:00,2026-08-11 18:00:00,48,18,9,6,8,32.0,64.0,4.6,946.8,0.0,119.56944444444444,-1.2916666666666667,185.0,196.0,195.0,14.3,17.6,37.1,190.0
2026-08-09 18:00:00,2026-08-12 18:00:00,72,18,9,6,8,32.0,64.0,4.6,946.8,0.0,119.56944444444444,-1.2916666666666667,185.0,196.0,195.0,14.3,17.6,37.1,200.0
2026-08-09 19:00:00,2026-08-10 19:00:00,24,19,9,6,8,30.3,75.0,2.4,946.6,0.0,119.15277777777777,-0.8333333333333334,170.0,189.0,192.0,20.3,26.7,46.1,169.0
2026-08-09 19:00:00,2026-08-11 19:00:00,48,19,9,6,8,30.3,75.0,2.4,946.6,0.0,119.15277777777777,-0.8333333333333334,170.0,189.0,192.0,20.3,26.7,46.1,188.0
2026-08-09 19:00:00,2026-08-12 19:00:00,72,19,9,6,8,30.3,75.0,2.4,946.6,0.0,119.15277777777777,-0.8333333333333334,170.0,189.0,192.0,20.3,26.7,46.1,195.0
2026-08-09 20:00:00,2026-08-10 20:00:00,24,20,9,6,8,29.2,79.0,3.8,946.8,0.0,118.69444444444444,-0.4583333333333333,141.0,170.0,174.0,33.6,27.8,55.4,156.0
2026-08-09 20:00:00,2026-08-11 20:00:00,48,20,9,6,8,29.2,79.0,3.8,946.8,0.0,118.69444444444444,-0.4583333333333333,141.0,170.0,174.0,33.6,27.8,55.4,174.0
2026-08-09 20:00:00,2026-08-12 20:00:00,72,20,9,6,8,29.2,79.0,3.8,946.8,0.0,118.69444444444444,-0.4583333333333333,141.0,170.0,174.0,33.6,27.8,55.4,175.0
2026-08-09 21:00:00,2026-08-10 21:00:00,24,21,9,6,8,28.5,82.0,4.9,947.3,0.0,118.20833333333333,-0.08333333333333333,98.0,141.0,145.0,46.1,29.0,57.6,130.0
2026-08-09 21:00:00,2026-08-11 21:00:00,48,21,9,6,8,28.5,82.0,4.9,947.3,0.0,118.20833333333333,-0.08333333333333333,98.0,141.0,145.0,46.1,29.0,57.6,154.0
2026-08-09 21:00:00,2026-08-12 21:00:00,72,21,9,6,8,28.5,82.0,4.9,947.3,0.0,118.20833333333333,-0.08333333333333333,98.0,141.0,145.0,46.1,29.0,57.6,142.0
2026-08-09 22:00:00,2026-08-10 22:00:00,24,22,9,6,8,27.8,86.0,3.2,947.3,0.0,117.76388888888889,0.625,89.0,101.0,108.0,54.0,32.6,55.3,102.0
2026-08-09 22:00:00,2026-08-11 22:00:00,48,22,9,6,8,27.8,86.0,3.2,947.3,0.0,117.76388888888889,0.625,89.0,101.0,108.0,54.0,32.6,55.3,125.0
2026-08-09 22:00:00,2026-08-12 22:00:00,72,22,9,6,8,27.8,86.0,3.2,947.3,0.0,117.76388888888889,0.625,89.0,101.0,108.0,54.0,32.6,55.3,124.0
2026-08-09 23:00:00,2026-08-10 23:00:00,24,23,9,6,8,28.3,83.0,3.9,947.0,0.0,117.81944444444444,0.9583333333333334,91.0,85.0,107.0,58.0,36.8,48.5,102.0
2026-08-09 23:00:00,2026-08-11 23:00:00,48,23,9,6,8,28.3,83.0,3.9,947.0,0.0,117.81944444444444,0.9583333333333334,91.0,85.0,107.0,58.0,36.8,48.5,114.0
2026-08-09 23:00:00,2026-08-12 23:00:00,72,23,9,6,8,28.3,83.0,3.9,947.0,0.0,117.81944444444444,0.9583333333333334,91.0,85.0,107.0,58.0,36.8,48.5,126.0
2026-08-10 00:00:00,2026-08-11 00:00:00,24,0,10,0,8,27.5,87.0,4.0,947.3,0.0,117.875,0.8333333333333334,93.0,84.0,106.0,62.9,39.7,48.1,101.0
2026-08-10 00:00:00,2026-08-12 00:00:00,48,0,10,0,8,27.5,87.0,4.0,947.3,0.0,117.875,0.8333333333333334,93.0,84.0,106.0,62.9,39.7,48.1,116.0
2026-08-10 00:00:00,2026-08-13 00:00:00,72,0,10,0,8,27.5,87.0,4.0,947.3,0.0,117.875,0.8333333333333334,93.0,84.0,106.0,62.9,39.7,48.1,128.0
2026-08-10 01:00:00,2026-08-11 01:00:00,24,1,10,0,8,27.2,89.0,3.6,947.1,0.0,117.93055555555556,0.7083333333333334,94.0,83.0,106.0,65.2,41.4,47.6,100.0
2026-08-10 01:00:00,2026-08-12 01:00:00,48,1,10,0,8,27.2,89.0,3.6,947.1,0.0,117.93055555555556,0.7083333333333334,94.0,83.0,106.0,65.2,41.4,47.6,119.0
2026-08-10 01:00:00,2026-08-13 01:00:00,72,1,10,0,8,27.2,89.0,3.6,947.1,0.0,117.93055555555556,0.7083333333333334,94.0,83.0,106.0,65.2,41.4,47.6,130.0
2026-08-10 02:00:00,2026-08-11 02:00:00,24,2,10,0,8,26.9,89.0,5.3,947.1,0.0,117.95833333333333,0.5833333333333334,96.0,83.0,107.0,60.5,41.9,28.6,98.0
2026-08-10 02:00:00,2026-08-12 02:00:00,48,2,10,0,8,26.9,89.0,5.3,947.1,0.0,117.95833333333333,0.5833333333333334,96.0,83.0,107.0,60.5,41.9,28.6,122.0
2026-08-10 02:00:00,2026-08-13 02:00:00,72,2,10,0,8,26.9,89.0,5.3,947.1,0.0,117.95833333333333,0.5833333333333334,96.0,83.0,107.0,60.5,41.9,28.6,131.0
2026-08-10 03:00:00,2026-08-11 03:00:00,24,3,10,0,8,26.7,90.0,5.4,947.1,0.0,117.95833333333333,0.4583333333333333,98.0,84.0,107.0,57.7,41.9,31.2,97.0
2026-08-10 03:00:00,2026-08-12 03:00:00,48,3,10,0,8,26.7,90.0,5.4,947.1,0.0,117.95833333333333,0.4583333333333333,98.0,84.0,107.0,57.7,41.9,31.2,124.0
2026-08-10 03:00:00,2026-08-13 03:00:00,72,3,10,0,8,26.7,90.0,5.4,947.1,0.0,117.95833333333333,0.4583333333333333,98.0,84.0,107.0,57.7,41.9,31.2,132.0
2026-08-10 04:00:00,2026-08-11 04:00:00,24,4,10,0,8,26.5,90.0,6.5,947.3,0.0,117.95833333333333,0.375,99.0,85.0,107.0,55.8,40.6,18.5,95.0
2026-08-10 04:00:00,2026-08-12 04:00:00,48,4,10,0,8,26.5,90.0,6.5,947.3,0.0,117.95833333333333,0.375,99.0,85.0,107.0,55.8,40.6,18.5,126.0
2026-08-10 04:00:00,2026-08-13 04:00:00,72,4,10,0,8,26.5,90.0,6.5,947.3,0.0,117.95833333333333,0.375,99.0,85.0,107.0,55.8,40.6,18.5,134.0
2026-08-10 05:00:00,2026-08-11 05:00:00,24,5,10,0,8,25.9,87.0,9.2,947.4,0.0,117.95833333333333,0.3333333333333333,100.0,86.0,108.0,69.6,43.1,20.1,94.0
2026-08-10 05:00:00,2026-08-12 05:00:00,48,5,10,0,8,25.9,87.0,9.2,947.4,0.0,117.95833333333333,0.3333333333333333,100.0,86.0,108.0,69.6,43.1,20.1,128.0
2026-08-10 05:00:00,2026-08-13 05:00:00,72,5,10,0,8,25.9,87.0,9.2,947.4,0.0,117.95833333333333,0.3333333333333333,100.0,86.0,108.0,69.6,43.1,20.1,135.0
2026-08-10 06:00:00,2026-08-11 06:00:00,24,6,10,0,8,25.6,88.0,7.5,947.7,0.0,117.93055555555556,0.25,103.0,88.0,108.0,60.1,41.1,21.9,93.0
2026-08-10 06:00:00,2026-08-12 06:00:00,48,6,10,0,8,25.6,88.0,7.5,947.7,0.0,117.93055555555556,0.25,103.0,88.0,108.0,60.1,41.1,21.9,130.0
2026-08-10 06:00:00,2026-08-13 06:00:00,72,6,10,0,8,25.6,88.0,7.5,947.7,0.0,117.93055555555556,0.25,103.0,88.0,108.0,60.1,41.1,21.9,136.0
2026-08-10 07:00:00,2026-08-11 07:00:00,24,7,10,0,8,26.3,85.0,6.4,947.7,0.0,117.875,0.041666666666666664,105.0,90.0,107.0,52.9,28.8,24.1,91.0
2026-08-10 07:00:00,2026-08-12 07:00:00,48,7,10,0,8,26.3,85.0,6.4,947.7,0.0,117.875,0.041666666666666664,105.0,90.0,107.0,52.9,28.8,24.1,129.0
2026-08-10 07:00:00,2026-08-13 07:00:00,72,7,10,0,8,26.3,85.0,6.4,947.7,0.0,117.875,0.041666666666666664,105.0,90.0,107.0,52.9,28.8,24.1,141.0
2026-08-10 08:00:00,2026-08-11 08:00:00,24,8,10,0,8,27.8,79.0,3.9,947.8,0.0,117.80555555555556,-0.125,108.0,90.0,107.0,36.6,20.7,22.4,91.0
2026-08-10 08:00:00,2026-08-12 08:00:00,48,8,10,0,8,27.8,79.0,3.9,947.8,0.0,117.80555555555556,-0.125,108.0,90.0,107.0,36.6,20.7,22.4,130.0
2026-08-10 08:00:00,2026-08-13 08:00:00,72,8,10,0,8,27.8,79.0,3.9,947.8,0.0,117.80555555555556,-0.125,108.0,90.0,107.0,36.6,20.7,22.4,144.0
2026-08-10 09:00:00,2026-08-11 09:00:00,24,9,10,0,8,29.5,72.0,2.8,947.8,0.0,117.72222222222223,-0.2916666666666667,109.0,90.0,105.0,24.1,20.1,21.0,90.0
2026-08-10 09:00:00,2026-08-12 09:00:00,48,9,10,0,8,29.5,72.0,2.8,947.8,0.0,117.72222222222223,-0.2916666666666667,109.0,90.0,105.0,24.1,20.1,21.0,130.0
2026-08-10 09:00:00,2026-08-13 09:00:00,72,9,10,0,8,29.5,72.0,2.8,947.8,0.0,117.72222222222223,-0.2916666666666667,109.0,90.0,105.0,24.1,20.1,21.0,145.0
2026-08-10 10:00:00,2026-08-11 10:00:00,24,10,10,0,8,31.1,66.0,3.1,947.7,0.0,117.65277777777777,-0.375,110.0,90.0,104.0,22.1,21.8,21.5,90.0
2026-08-10 10:00:00,2026-08-12 10:00:00,48,10,10,0,8,31.1,66.0,3.1,947.7,0.0,117.65277777777777,-0.375,110.0,90.0,104.0,22.1,21.8,21.5,131.0
2026-08-10 10:00:00,2026-08-13 10:00:00,72,10,10,0,8,31.1,66.0,3.1,947.7,0.0,117.65277777777777,-0.375,110.0,90.0,104.0,22.1,21.8,21.5,146.0
2026-08-10 11:00:00,2026-08-11 11:00:00,24,11,10,0,8,32.3,61.0,5.2,947.7,0.0,117.61111111111111,-0.375,110.0,90.0,103.0,22.5,24.2,23.9,90.0
2026-08-10 11:00:00,2026-08-12 11:00:00,48,11,10,0,8,32.3,61.0,5.2,947.7,0.0,117.61111111111111,-0.375,110.0,90.0,103.0,22.5,24.2,23.9,131.0
2026-08-10 11:00:00,2026-08-13 11:00:00,72,11,10,0,8,32.3,61.0,5.2,947.7,0.0,117.61111111111111,-0.375,110.0,90.0,103.0,22.5,24.2,23.9,147.0
2026-08-10 12:00:00,2026-08-11 12:00:00,24,12,10,0,8,33.3,57.0,5.9,947.5,0.0,117.58333333333333,-0.375,109.0,90.0,102.0,23.4,24.2,25.2,90.0
2026-08-10 12:00:00,2026-08-12 12:00:00,48,12,10,0,8,33.3,57.0,5.9,947.5,0.0,117.58333333333333,-0.375,109.0,90.0,102.0,23.4,24.2,25.2,131.0
2026-08-10 12:00:00,2026-08-13 12:00:00,72,12,10,0,8,33.3,57.0,5.9,947.5,0.0,117.58333333333333,-0.375,109.0,90.0,102.0,23.4,24.2,25.2,148.0
2026-08-10 13:00:00,2026-08-11 13:00:00,24,13,10,0,8,34.0,54.0,6.4,946.8,0.1,117.58333333333333,-0.2916666666666667,109.0,106.0,106.0,24.4,23.5,26.5,94.0
2026-08-10 13:00:00,2026-08-12 13:00:00,48,13,10,0,8,34.0,54.0,6.4,946.8,0.1,117.58333333333333,-0.2916666666666667,109.0,106.0,106.0,24.4,23.5,26.5,130.0
2026-08-10 13:00:00,2026-08-13 13:00:00,72,13,10,0,8,34.0,54.0,6.4,946.8,0.1,117.58333333333333,-0.2916666666666667,109.0,106.0,106.0,24.4,23.5,26.5,148.0
2026-08-10 14:00:00,2026-08-11 14:00:00,24,14,10,0,8,34.4,53.0,6.6,945.9,0.0,117.52777777777777,-0.2916666666666667,109.0,147.0,131.0,25.1,23.3,27.1,121.0
2026-08-10 14:00:00,2026-08-12 14:00:00,48,14,10,0,8,34.4,53.0,6.6,945.9,0.0,117.52777777777777,-0.2916666666666667,109.0,147.0,131.0,25.1,23.3,27.1,132.0
2026-08-10 14:00:00,2026-08-13 14:00:00,72,14,10,0,8,34.4,53.0,6.6,945.9,0.0,117.52777777777777,-0.2916666666666667,109.0,147.0,131.0,25.1,23.3,27.1,155.0
2026-08-10 15:00:00,2026-08-11 15:00:00,24,15,10,0,8,34.6,52.0,6.4,945.4,0.0,117.13888888888889,-0.25,112.0,171.0,155.0,26.0,21.6,28.4,148.0
2026-08-10 15:00:00,2026-08-12 15:00:00,48,15,10,0,8,34.6,52.0,6.4,945.4,0.0,117.13888888888889,-0.25,112.0,171.0,155.0,26.0,21.6,28.4,155.0
2026-08-10 15:00:00,2026-08-13 15:00:00,72,15,10,0,8,34.6,52.0,6.4,945.4,0.0,117.13888888888889,-0.25,112.0,171.0,155.0,26.0,21.6,28.4,181.0
2026-08-10 16:00:00,2026-08-11 16:00:00,24,16,10,0,8,34.4,54.0,6.1,944.8,0.0,116.81944444444444,0.8333333333333334,141.0,185.0,175.0,25.7,20.6,26.7,167.0
2026-08-10 16:00:00,2026-08-12 16:00:00,48,16,10,0,8,34.4,54.0,6.1,944.8,0.0,116.81944444444444,0.8333333333333334,141.0,185.0,175.0,25.7,20.6,26.7,174.0
2026-08-10 16:00:00,2026-08-13 16:00:00,72,16,10,0,8,34.4,54.0,6.1,944.8,0.0,116.81944444444444,0.8333333333333334,141.0,185.0,175.0,25.7,20.6,26.7,200.0
2026-08-10 17:00:00,2026-08-11 17:00:00,24,17,10,0,8,34.2,53.0,8.0,944.6,0.0,116.52777777777777,0.5416666666666666,159.0,190.0,192.0,14.8,13.3,14.9,183.0
2026-08-10 17:00:00,2026-08-12 17:00:00,48,17,10,0,8,34.2,53.0,8.0,944.6,0.0,116.52777777777777,0.5416666666666666,159.0,190.0,192.0,14.8,13.3,14.9,192.0
2026-08-10 17:00:00,2026-08-13 17:00:00,72,17,10,0,8,34.2,53.0,8.0,944.6,0.0,116.52777777777777,0.5416666666666666,159.0,190.0,192.0,14.8,13.3,14.9,206.0
2026-08-10 18:00:00,2026-08-11 18:00:00,24,18,10,0,8,33.2,61.0,4.9,944.6,0.0,116.19444444444444,0.375,165.0,185.0,196.0,19.3,14.3,17.6,190.0
2026-08-10 18:00:00,2026-08-12 18:00:00,48,18,10,0,8,33.2,61.0,4.9,944.6,0.0,116.19444444444444,0.375,165.0,185.0,196.0,19.3,14.3,17.6,200.0
2026-08-10 18:00:00,2026-08-13 18:00:00,72,18,10,0,8,33.2,61.0,4.9,944.6,0.0,116.19444444444444,0.375,165.0,185.0,196.0,19.3,14.3,17.6,208.0
2026-08-10 19:00:00,2026-08-11 19:00:00,24,19,10,0,8,31.4,73.0,4.0,944.6,0.0,115.875,0.3333333333333333,159.0,170.0,189.0,28.8,20.3,26.7,188.0
2026-08-10 19:00:00,2026-08-12 19:00:00,48,19,10,0,8,31.4,73.0,4.0,944.6,0.0,115.875,0.3333333333333333,159.0,170.0,189.0,28.8,20.3,26.7,195.0
2026-08-10 19:00:00,2026-08-13 19:00:00,72,19,10,0,8,31.4,73.0,4.0,944.6,0.0,115.875,0.3333333333333333,159.0,170.0,189.0,28.8,20.3,26.7,204.0
2026-08-10 20:00:00,2026-08-11 20:00:00,24,20,10,0,8,30.4,72.0,12.1,945.6,0.0,115.59722222222223,0.4166666666666667,139.0,141.0,170.0,37.4,33.6,27.8,174.0
2026-08-10 20:00:00,2026-08-12 20:00:00,48,20,10,0,8,30.4,72.0,12.1,945.6,0.0,115.59722222222223,0.4166666666666667,139.0,141.0,170.0,37.4,33.6,27.8,175.0
2026-08-10 20:00:00,2026-08-13 20:00:00,72,20,10,0,8,30.4,72.0,12.1,945.6,0.0,115.59722222222223,0.4166666666666667,139.0,141.0,170.0,37.4,33.6,27.8,188.0
2026-08-10 21:00:00,2026-08-11 21:00:00,24,21,10,0,8,29.5,71.0,8.5,946.3,0.0,115.40277777777777,0.7083333333333334,113.0,98.0,141.0,39.8,46.1,29.0,154.0
2026-08-10 21:00:00,2026-08-12 21:00:00,48,21,10,0,8,29.5,71.0,8.5,946.3,0.0,115.40277777777777,0.7083333333333334,113.0,98.0,141.0,39.8,46.1,29.0,142.0
2026-08-10 21:00:00,2026-08-13 21:00:00,72,21,10,0,8,29.5,71.0,8.5,946.3,0.0,115.40277777777777,0.7083333333333334,113.0,98.0,141.0,39.8,46.1,29.0,157.0
2026-08-10 22:00:00,2026-08-11 22:00:00,24,22,10,0,8,28.9,76.0,6.1,946.8,0.0,115.25,0.7083333333333334,112.0,89.0,101.0,43.1,54.0,32.6,125.0
2026-08-10 22:00:00,2026-08-12 22:00:00,48,22,10,0,8,28.9,76.0,6.1,946.8,0.0,115.25,0.7083333333333334,112.0,89.0,101.0,43.1,54.0,32.6,124.0
2026-08-10 22:00:00,2026-08-13 22:00:00,72,22,10,0,8,28.9,76.0,6.1,946.8,0.0,115.25,0.7083333333333334,112.0,89.0,101.0,43.1,54.0,32.6,151.0
2026-08-10 23:00:00,2026-08-11 23:00:00,24,23,10,0,8,29.4,78.0,6.3,946.1,0.0,115.26388888888889,-0.4166666666666667,111.0,91.0,85.0,46.8,58.0,36.8,114.0
2026-08-10 23:00:00,2026-08-12 23:00:00,48,23,10,0,8,29.4,78.0,6.3,946.1,0.0,115.26388888888889,-0.4166666666666667,111.0,91.0,85.0,46.8,58.0,36.8,126.0
2026-08-10 23:00:00,2026-08-13 23:00:00,72,23,10,0,8,29.4,78.0,6.3,946.1,0.0,115.26388888888889,-0.4166666666666667,111.0,91.0,85.0,46.8,58.0,36.8,151.0
2026-08-11 00:00:00,2026-08-12 00:00:00,24,0,11,1,8,28.6,82.0,5.0,946.1,0.0,115.5,-0.375,110.0,93.0,84.0,50.8,62.9,39.7,116.0
2026-08-11 00:00:00,2026-08-13 00:00:00,48,0,11,1,8,28.6,82.0,5.0,946.1,0.0,115.5,-0.375,110.0,93.0,84.0,50.8,62.9,39.7,128.0
2026-08-11 00:00:00,2026-08-14 00:00:00,72,0,11,1,8,28.6,82.0,5.0,946.1,0.0,115.5,-0.375,110.0,93.0,84.0,50.8,62.9,39.7,150.0
2026-08-11 01:00:00,2026-08-12 01:00:00,24,1,11,1,8,28.3,84.0,6.9,945.7,0.0,115.73611111111111,-0.375,108.0,94.0,83.0,55.5,65.2,41.4,119.0
2026-08-11 01:00:00,2026-08-13 01:00:00,48,1,11,1,8,28.3,84.0,6.9,945.7,0.0,115.73611111111111,-0.375,108.0,94.0,83.0,55.5,65.2,41.4,130.0
2026-08-11 01:00:00,2026-08-14 01:00:00,72,1,11,1,8,28.3,84.0,6.9,945.7,0.0,115.73611111111111,-0.375,108.0,94.0,83.0,55.5,65.2,41.4,149.0
2026-08-11 02:00:00,2026-08-12 02:00:00,24,2,11,1,8,27.9,85.0,4.7,945.6,0.1,115.97222222222223,-0.3333333333333333,107.0,96.0,83.0,56.0,60.5,41.9,122.0
2026-08-11 02:00:00,2026-08-13 02:00:00,48,2,11,1,8,27.9,85.0,4.7,945.6,0.1,115.97222222222223,-0.3333333333333333,107.0,96.0,83.0,56.0,60.5,41.9,131.0
2026-08-11 02:00:00,2026-08-14 02:00:00,72,2,11,1,8,27.9,85.0,4.7,945.6,0.1,115.97222222222223,-0.3333333333333333,107.0,96.0,83.0,56.0,60.5,41.9,147.0
2026-08-11 03:00:00,2026-08-12 03:00:00,24,3,11,1,8,24.6,94.0,7.1,946.1,1.9,116.18055555555556,-0.375,107.0,98.0,84.0,54.0,57.7,41.9,124.0
2026-08-11 03:00:00,2026-08-13 03:00:00,48,3,11,1,8,24.6,94.0,7.1,946.1,1.9,116.18055555555556,-0.375,107.0,98.0,84.0,54.0,57.7,41.9,132.0
2026-08-11 03:00:00,2026-08-14 03:00:00,72,3,11,1,8,24.6,94.0,7.1,946.1,1.9,116.18055555555556,-0.375,107.0,98.0,84.0,54.0,57.7,41.9,145.0
2026-08-11 04:00:00,2026-08-12 04:00:00,24,4,11,1,8,25.1,94.0,8.0,945.8,0.6,116.36111111111111,-0.4166666666666667,107.0,99.0,85.0,51.5,55.8,40.6,126.0
2026-08-11 04:00:00,2026-08-13 04:00:00,48,4,11,1,8,25.1,94.0,8.0,945.8,0.6,116.36111111111111,-0.4166666666666667,107.0,99.0,85.0,51.5,55.8,40.6,134.0
2026-08-11 04:00:00,2026-08-14 04:00:00,72,4,11,1,8,25.1,94.0,8.0,945.8,0.6,116.36111111111111,-0.4166666666666667,107.0,99.0,85.0,51.5,55.8,40.6,144.0
2026-08-11 05:00:00,2026-08-12 05:00:00,24,5,11,1,8,26.0,84.0,9.5,946.0,0.0,116.5,-0.5,106.0,100.0,86.0,46.8,69.6,43.1,128.0
2026-08-11 05:00:00,2026-08-13 05:00:00,48,5,11,1,8,26.0,84.0,9.5,946.0,0.0,116.5,-0.5,106.0,100.0,86.0,46.8,69.6,43.1,135.0
2026-08-11 05:00:00,2026-08-14 05:00:00,72,5,11,1,8,26.0,84.0,9.5,946.0,0.0,116.5,-0.5,106.0,100.0,86.0,46.8,69.6,43.1,143.0
2026-08-11 06:00:00,2026-08-12 06:00:00,24,6,11,1,8,26.2,84.0,5.8,946.2,0.0,116.61111111111111,-0.5,104.0,103.0,88.0,47.0,60.1,41.1,130.0
2026-08-11 06:00:00,2026-08-13 06:00:00,48,6,11,1,8,26.2,84.0,5.8,946.2,0.0,116.61111111111111,-0.5,104.0,103.0,88.0,47.0,60.1,41.1,136.0
2026-08-11 06:00:00,2026-08-14 06:00:00,72,6,11,1,8,26.2,84.0,5.8,946.2,0.0,116.61111111111111,-0.5,104.0,103.0,88.0,47.0,60.1,41.1,140.0
2026-08-11 07:00:00,2026-08-12 07:00:00,24,7,11,1,8,27.5,81.0,4.1,946.8,0.1,116.68055555555556,-0.4583333333333333,102.0,105.0,90.0,37.7,52.9,28.8,129.0
2026-08-11 07:00:00,2026-08-13 07:00:00,48,7,11,1,8,27.5,81.0,4.1,946.8,0.1,116.68055555555556,-0.4583333333333333,102.0,105.0,90.0,37.7,52.9,28.8,141.0
2026-08-11 07:00:00,2026-08-14 07:00:00,72,7,11,1,8,27.5,81.0,4.1,946.8,0.1,116.68055555555556,-0.4583333333333333,102.0,105.0,90.0,37.7,52.9,28.8,138.0
2026-08-11 08:00:00,2026-08-12 08:00:00,24,8,11,1,8,28.7,79.0,8.1,947.5,0.0,116.69444444444444,-0.4583333333333333,101.0,108.0,90.0,31.2,36.6,20.7,130.0
2026-08-11 08:00:00,2026-08-13 08:00:00,48,8,11,1,8,28.7,79.0,8.1,947.5,0.0,116.69444444444444,-0.4583333333333333,101.0,108.0,90.0,31.2,36.6,20.7,144.0
2026-08-11 08:00:00,2026-08-14 08:00:00,72,8,11,1,8,28.7,79.0,8.1,947.5,0.0,116.69444444444444,-0.4583333333333333,101.0,108.0,90.0,31.2,36.6,20.7,135.0
2026-08-11 09:00:00,2026-08-12 09:00:00,24,9,11,1,8,29.8,75.0,8.4,947.6,0.0,116.70833333333333,-0.4166666666666667,100.0,109.0,90.0,28.1,24.1,20.1,130.0
2026-08-11 09:00:00,2026-08-13 09:00:00,48,9,11,1,8,29.8,75.0,8.4,947.6,0.0,116.70833333333333,-0.4166666666666667,100.0,109.0,90.0,28.1,24.1,20.1,145.0
2026-08-11 09:00:00,2026-08-14 09:00:00,72,9,11,1,8,29.8,75.0,8.4,947.6,0.0,116.70833333333333,-0.4166666666666667,100.0,109.0,90.0,28.1,24.1,20.1,133.0
2026-08-11 10:00:00,2026-08-12 10:00:00,24,10,11,1,8,31.5,71.0,3.4,948.1,0.0,116.70833333333333,-0.4166666666666667,101.0,110.0,90.0,27.9,22.1,21.8,131.0
2026-08-11 10:00:00,2026-08-13 10:00:00,48,10,11,1,8,31.5,71.0,3.4,948.1,0.0,116.70833333333333,-0.4166666666666667,101.0,110.0,90.0,27.9,22.1,21.8,146.0
2026-08-11 10:00:00,2026-08-14 10:00:00,72,10,11,1,8,31.5,71.0,3.4,948.1,0.0,116.70833333333333,-0.4166666666666667,101.0,110.0,90.0,27.9,22.1,21.8,131.0
2026-08-11 11:00:00,2026-08-12 11:00:00,24,11,11,1,8,32.2,67.0,5.6,948.2,0.1,116.70833333333333,-0.4583333333333333,101.0,110.0,90.0,28.6,22.5,24.2,131.0
2026-08-11 11:00:00,2026-08-13 11:00:00,48,11,11,1,8,32.2,67.0,5.6,948.2,0.1,116.70833333333333,-0.4583333333333333,101.0,110.0,90.0,28.6,22.5,24.2,147.0
2026-08-11 11:00:00,2026-08-14 11:00:00,72,11,11,1,8,32.2,67.0,5.6,948.2,0.1,116.70833333333333,-0.4583333333333333,101.0,110.0,90.0,28.6,22.5,24.2,130.0
2026-08-11 12:00:00,2026-08-12 12:00:00,24,12,11,1,8,33.1,64.0,5.3,947.8,0.1,116.70833333333333,-0.4583333333333333,102.0,109.0,90.0,28.4,23.4,24.2,131.0
2026-08-11 12:00:00,2026-08-13 12:00:00,48,12,11,1,8,33.1,64.0,5.3,947.8,0.1,116.70833333333333,-0.4583333333333333,102.0,109.0,90.0,28.4,23.4,24.2,148.0
2026-08-11 12:00:00,2026-08-14 12:00:00,72,12,11,1,8,33.1,64.0,5.3,947.8,0.1,116.70833333333333,-0.4583333333333333,102.0,109.0,90.0,28.4,23.4,24.2,128.0
2026-08-11 13:00:00,2026-08-12 13:00:00,24,13,11,1,8,33.9,61.0,4.5,947.1,0.1,116.70833333333333,-0.5,102.0,109.0,106.0,27.5,24.4,23.5,130.0
2026-08-11 13:00:00,2026-08-13 13:00:00,48,13,11,1,8,33.9,61.0,4.5,947.1,0.1,116.70833333333333,-0.5,102.0,109.0,106.0,27.5,24.4,23.5,148.0
2026-08-11 13:00:00,2026-08-14 13:00:00,72,13,11,1,8,33.9,61.0,4.5,947.1,0.1,116.70833333333333,-0.5,102.0,109.0,106.0,27.5,24.4,23.5,127.0
2026-08-11 14:00:00,2026-08-12 14:00:00,24,14,11,1,8,33.5,62.0,4.9,946.5,0.3,116.54166666666667,-0.3333333333333333,103.0,109.0,147.0,26.9,25.1,23.3,132.0
2026-08-11 14:00:00,2026-08-13 14:00:00,48,14,11,1,8,33.5,62.0,4.9,946.5,0.3,116.54166666666667,-0.3333333333333333,103.0,109.0,147.0,26.9,25.1,23.3,155.0
2026-08-11 14:00:00,2026-08-14 14:00:00,72,14,11,1,8,33.5,62.0,4.9,946.5,0.3,116.54166666666667,-0.3333333333333333,103.0,109.0,147.0,26.9,25.1,23.3,126.0
2026-08-11 15:00:00,2026-08-12 15:00:00,24,15,11,1,8,33.4,62.0,5.7,946.0,0.1,116.18055555555556,0.75,132.0,112.0,171.0,26.5,26.0,21.6,155.0
2026-08-11 15:00:00,2026-08-13 15:00:00,48,15,11,1,8,33.4,62.0,5.7,946.0,0.1,116.18055555555556,0.75,132.0,112.0,171.0,26.5,26.0,21.6,181.0
2026-08-11 15:00:00,2026-08-14 15:00:00,72,15,11,1,8,33.4,62.0,5.7,946.0,0.1,116.18055555555556,0.75,132.0,112.0,171.0,26.5,26.0,21.6,128.0
2026-08-11 16:00:00,2026-08-12 16:00:00,24,16,11,1,8,33.3,62.0,4.8,945.4,0.0,115.86111111111111,0.6666666666666666,154.0,141.0,185.0,26.7,25.7,20.6,174.0
2026-08-11 16:00:00,2026-08-13 16:00:00,48,16,11,1,8,33.3,62.0,4.8,945.4,0.0,115.86111111111111,0.6666666666666666,154.0,141.0,185.0,26.7,25.7,20.6,200.0
2026-08-11 16:00:00,2026-08-14 16:00:00,72,16,11,1,8,33.3,62.0,4.8,945.4,0.0,115.86111111111111,0.6666666666666666,154.0,141.0,185.0,26.7,25.7,20.6,153.0
2026-08-11 17:00:00,2026-08-12 17:00:00,24,17,11,1,8,31.9,65.0,7.9,945.0,0.0,115.61111111111111,0.5416666666666666,168.0,159.0,190.0,17.0,14.8,13.3,192.0
2026-08-11 17:00:00,2026-08-13 17:00:00,48,17,11,1,8,31.9,65.0,7.9,945.0,0.0,115.61111111111111,0.5416666666666666,168.0,159.0,190.0,17.0,14.8,13.3,206.0
2026-08-11 17:00:00,2026-08-14 17:00:00,72,17,11,1,8,31.9,65.0,7.9,945.0,0.0,115.61111111111111,0.5416666666666666,168.0,159.0,190.0,17.0,14.8,13.3,168.0
2026-08-11 18:00:00,2026-08-12 18:00:00,24,18,11,1,8,31.2,74.0,10.4,945.5,0.3,115.51388888888889,0.625,173.0,165.0,185.0,21.1,19.3,14.3,200.0
2026-08-11 18:00:00,2026-08-13 18:00:00,48,18,11,1,8,31.2,74.0,10.4,945.5,0.3,115.51388888888889,0.625,173.0,165.0,185.0,21.1,19.3,14.3,208.0
2026-08-11 18:00:00,2026-08-14 18:00:00,72,18,11,1,8,31.2,74.0,10.4,945.5,0.3,115.51388888888889,0.625,173.0,165.0,185.0,21.1,19.3,14.3,171.0
2026-08-11 19:00:00,2026-08-12 19:00:00,24,19,11,1,8,30.0,80.0,12.5,945.6,0.0,115.58333333333333,0.7083333333333334,169.0,159.0,170.0,28.3,28.8,20.3,195.0
2026-08-11 19:00:00,2026-08-13 19:00:00,48,19,11,1,8,30.0,80.0,12.5,945.6,0.0,115.58333333333333,0.7083333333333334,169.0,159.0,170.0,28.3,28.8,20.3,204.0
2026-08-11 19:00:00,2026-08-14 19:00:00,72,19,11,1,8,30.0,80.0,12.5,945.6,0.0,115.58333333333333,0.7083333333333334,169.0,159.0,170.0,28.3,28.8,20.3,165.0
2026-08-11 20:00:00,2026-08-12 20:00:00,24,20,11,1,8,28.3,84.0,9.2,946.7,0.0,115.83333333333333,0.7916666666666666,156.0,139.0,141.0,31.9,37.4,33.6,175.0
2026-08-11 20:00:00,2026-08-13 20:00:00,48,20,11,1,8,28.3,84.0,9.2,946.7,0.0,115.83333333333333,0.7916666666666666,156.0,139.0,141.0,31.9,37.4,33.6,188.0
2026-08-11 20:00:00,2026-08-14 20:00:00,72,20,11,1,8,28.3,84.0,9.2,946.7,0.0,115.83333333333333,0.7916666666666666,156.0,139.0,141.0,31.9,37.4,33.6,147.0
2026-08-11 21:00:00,2026-08-12 21:00:00,24,21,11,1,8,26.1,93.0,14.8,947.2,1.3,116.29166666666667,0.75,130.0,113.0,98.0,34.8,39.8,46.1,142.0
2026-08-11 21:00:00,2026-08-13 21:00:00,48,21,11,1,8,26.1,93.0,14.8,947.2,1.3,116.29166666666667,0.75,130.0,113.0,98.0,34.8,39.8,46.1,157.0
2026-08-11 21:00:00,2026-08-14 21:00:00,72,21,11,1,8,26.1,93.0,14.8,947.2,1.3,116.29166666666667,0.75,130.0,113.0,98.0,34.8,39.8,46.1,117.0
2026-08-11 22:00:00,2026-08-12 22:00:00,24,22,11,1,8,26.2,92.0,9.0,948.0,0.1,117.06944444444444,1.0,102.0,112.0,89.0,37.0,43.1,54.0,124.0
2026-08-11 22:00:00,2026-08-13 22:00:00,48,22,11,1,8,26.2,92.0,9.0,948.0,0.1,117.06944444444444,1.0,102.0,112.0,89.0,37.0,43.1,54.0,151.0
2026-08-11 22:00:00,2026-08-14 22:00:00,72,22,11,1,8,26.2,92.0,9.0,948.0,0.1,117.06944444444444,1.0,102.0,112.0,89.0,37.0,43.1,54.0,116.0
2026-08-11 23:00:00,2026-08-12 23:00:00,24,23,11,1,8,27.1,91.0,9.0,947.7,0.0,117.56944444444444,0.9583333333333334,102.0,111.0,91.0,38.9,46.8,58.0,126.0
2026-08-11 23:00:00,2026-08-13 23:00:00,48,23,11,1,8,27.1,91.0,9.0,947.7,0.0,117.56944444444444,0.9583333333333334,102.0,111.0,91.0,38.9,46.8,58.0,151.0
2026-08-11 23:00:00,2026-08-14 23:00:00,72,23,11,1,8,27.1,91.0,9.0,947.7,0.0,117.56944444444444,0.9583333333333334,102.0,111.0,91.0,38.9,46.8,58.0,115.0
2026-08-12 00:00:00,2026-08-13 00:00:00,24,0,12,2,8,25.8,94.0,8.3,948.6,0.2,117.88888888888889,0.5,101.0,110.0,93.0,39.2,50.8,62.9,128.0
2026-08-12 00:00:00,2026-08-14 00:00:00,48,0,12,2,8,25.8,94.0,8.3,948.6,0.2,117.88888888888889,0.5,101.0,110.0,93.0,39.2,50.8,62.9,150.0
2026-08-12 00:00:00,2026-08-15 00:00:00,72,0,12,2,8,25.8,94.0,8.3,948.6,0.2,117.88888888888889,0.5,101.0,110.0,93.0,39.2,50.8,62.9,114.0
2026-08-12 01:00:00,2026-08-13 01:00:00,24,1,12,2,8,25.7,96.0,9.9,947.9,1.2,118.20833333333333,0.625,100.0,108.0,94.0,38.6,55.5,65.2,130.0
2026-08-12 01:00:00,2026-08-14 01:00:00,48,1,12,2,8,25.7,96.0,9.9,947.9,1.2,118.20833333333333,0.625,100.0,108.0,94.0,38.6,55.5,65.2,149.0
2026-08-12 01:00:00,2026-08-15 01:00:00,72,1,12,2,8,25.7,96.0,9.9,947.9,1.2,118.20833333333333,0.625,100.0,108.0,94.0,38.6,55.5,65.2,113.0
2026-08-12 02:00:00,2026-08-13 02:00:00,24,2,12,2,8,25.3,96.0,13.5,948.3,0.2,118.55555555555556,0.7916666666666666,98.0,107.0,96.0,37.0,56.0,60.5,131.0
2026-08-12 02:00:00,2026-08-14 02:00:00,48,2,12,2,8,25.3,96.0,13.5,948.3,0.2,118.55555555555556,0.7916666666666666,98.0,107.0,96.0,37.0,56.0,60.5,147.0
2026-08-12 02:00:00,2026-08-15 02:00:00,72,2,12,2,8,25.3,96.0,13.5,948.3,0.2,118.55555555555556,0.7916666666666666,98.0,107.0,96.0,37.0,56.0,60.5,111.0
2026-08-12 03:00:00,2026-08-13 03:00:00,24,3,12,2,8,24.3,97.0,4.5,948.6,0.3,118.91666666666667,1.0,97.0,107.0,98.0,34.3,54.0,57.7,132.0
2026-08-12 03:00:00,2026-08-14 03:00:00,48,3,12,2,8,24.3,97.0,4.5,948.6,0.3,118.91666666666667,1.0,97.0,107.0,98.0,34.3,54.0,57.7,145.0
2026-08-12 03:00:00,2026-08-15 03:00:00,72,3,12,2,8,24.3,97.0,4.5,948.6,0.3,118.91666666666667,1.0,97.0,107.0,98.0,34.3,54.0,57.7,108.0
2026-08-12 04:00:00,2026-08-13 04:00:00,24,4,12,2,8,24.0,96.0,9.0,949.1,4.1,119.27777777777777,1.125,95.0,107.0,99.0,33.3,51.5,55.8,134.0
2026-08-12 04:00:00,2026-08-14 04:00:00,48,4,12,2,8,24.0,96.0,9.0,949.1,4.1,119.27777777777777,1.125,95.0,107.0,99.0,33.3,51.5,55.8,144.0
2026-08-12 04:00:00,2026-08-15 04:00:00,72,4,12,2,8,24.0,96.0,9.0,949.1,4.1,119.27777777777777,1.125,95.0,107.0,99.0,33.3,51.5,55.8,106.0
2026-08-12 05:00:00,2026-08-13 05:00:00,24,5,12,2,8,25.1,97.0,3.4,949.2,0.9,119.65277777777777,1.2916666666666667,94.0,106.0,100.0,29.5,46.8,69.6,135.0
2026-08-12 05:00:00,2026-08-14 05:00:00,48,5,12,2,8,25.1,97.0,3.4,949.2,0.9,119.65277777777777,1.2916666666666667,94.0,106.0,100.0,29.5,46.8,69.6,143.0
2026-08-12 05:00:00,2026-08-15 05:00:00,72,5,12,2,8,25.1,97.0,3.4,949.2,0.9,119.65277777777777,1.2916666666666667,94.0,106.0,100.0,29.5,46.8,69.6,102.0
2026-08-12 06:00:00,2026-08-13 06:00:00,24,6,12,2,8,24.9,97.0,10.1,949.4,0.7,120.04166666666667,1.4166666666666667,93.0,104.0,103.0,29.3,47.0,60.1,136.0
2026-08-12 06:00:00,2026-08-14 06:00:00,48,6,12,2,8,24.9,97.0,10.1,949.4,0.7,120.04166666666667,1.4166666666666667,93.0,104.0,103.0,29.3,47.0,60.1,140.0
2026-08-12 06:00:00,2026-08-15 06:00:00,72,6,12,2,8,24.9,97.0,10.1,949.4,0.7,120.04166666666667,1.4166666666666667,93.0,104.0,103.0,29.3,47.0,60.1,100.0
2026-08-12 07:00:00,2026-08-13 07:00:00,24,7,12,2,8,25.1,96.0,4.5,950.4,0.7,120.41666666666667,1.5416666666666667,91.0,102.0,105.0,29.8,37.7,52.9,141.0
2026-08-12 07:00:00,2026-08-14 07:00:00,48,7,12,2,8,25.1,96.0,4.5,950.4,0.7,120.41666666666667,1.5416666666666667,91.0,102.0,105.0,29.8,37.7,52.9,138.0
2026-08-12 07:00:00,2026-08-15 07:00:00,72,7,12,2,8,25.1,96.0,4.5,950.4,0.7,120.41666666666667,1.5416666666666667,91.0,102.0,105.0,29.8,37.7,52.9,99.0
2026-08-12 08:00:00,2026-08-13 08:00:00,24,8,12,2,8,24.7,96.0,8.7,950.5,1.7,120.75,1.5833333333333333,91.0,101.0,108.0,25.0,31.2,36.6,144.0
2026-08-12 08:00:00,2026-08-14 08:00:00,48,8,12,2,8,24.7,96.0,8.7,950.5,1.7,120.75,1.5833333333333333,91.0,101.0,108.0,25.0,31.2,36.6,135.0
2026-08-12 08:00:00,2026-08-15 08:00:00,72,8,12,2,8,24.7,96.0,8.7,950.5,1.7,120.75,1.5833333333333333,91.0,101.0,108.0,25.0,31.2,36.6,98.0
2026-08-12 09:00:00,2026-08-13 09:00:00,24,9,12,2,8,26.5,87.0,6.3,950.4,0.1,121.05555555555556,1.625,90.0,100.0,109.0,24.0,28.1,24.1,145.0
2026-08-12 09:00:00,2026-08-14 09:00:00,48,9,12,2,8,26.5,87.0,6.3,950.4,0.1,121.05555555555556,1.625,90.0,100.0,109.0,24.0,28.1,24.1,133.0
2026-08-12 09:00:00,2026-08-15 09:00:00,72,9,12,2,8,26.5,87.0,6.3,950.4,0.1,121.05555555555556,1.625,90.0,100.0,109.0,24.0,28.1,24.1,99.0
2026-08-12 10:00:00,2026-08-13 10:00:00,24,10,12,2,8,28.8,77.0,2.1,950.7,0.0,121.34722222222223,1.6666666666666667,90.0,101.0,110.0,25.7,27.9,22.1,146.0
2026-08-12 10:00:00,2026-08-14 10:00:00,48,10,12,2,8,28.8,77.0,2.1,950.7,0.0,121.34722222222223,1.6666666666666667,90.0,101.0,110.0,25.7,27.9,22.1,131.0
2026-08-12 10:00:00,2026-08-15 10:00:00,72,10,12,2,8,28.8,77.0,2.1,950.7,0.0,121.34722222222223,1.6666666666666667,90.0,101.0,110.0,25.7,27.9,22.1,99.0
2026-08-12 11:00:00,2026-08-13 11:00:00,24,11,12,2,8,29.7,73.0,1.8,950.8,0.0,121.63888888888889,1.7083333333333333,90.0,101.0,110.0,29.4,28.6,22.5,147.0
2026-08-12 11:00:00,2026-08-14 11:00:00,48,11,12,2,8,29.7,73.0,1.8,950.8,0.0,121.63888888888889,1.7083333333333333,90.0,101.0,110.0,29.4,28.6,22.5,130.0
2026-08-12 11:00:00,2026-08-15 11:00:00,72,11,12,2,8,29.7,73.0,1.8,950.8,0.0,121.63888888888889,1.7083333333333333,90.0,101.0,110.0,29.4,28.6,22.5,99.0
2026-08-12 12:00:00,2026-08-13 12:00:00,24,12,12,2,8,30.9,69.0,4.2,949.8,0.0,121.93055555555556,1.7083333333333333,90.0,102.0,109.0,45.2,28.4,23.4,148.0
2026-08-12 12:00:00,2026-08-14 12:00:00,48,12,12,2,8,30.9,69.0,4.2,949.8,0.0,121.93055555555556,1.7083333333333333,90.0,102.0,109.0,45.2,28.4,23.4,128.0
2026-08-12 12:00:00,2026-08-15 12:00:00,72,12,12,2,8,30.9,69.0,4.2,949.8,0.0,121.93055555555556,1.7083333333333333,90.0,102.0,109.0,45.2,28.4,23.4,100.0
2026-08-12 13:00:00,2026-08-13 13:00:00,24,13,12,2,8,31.8,65.0,7.3,948.7,0.0,122.23611111111111,1.7083333333333333,94.0,102.0,109.0,34.3,27.5,24.4,148.0
2026-08-12 13:00:00,2026-08-14 13:00:00,48,13,12,2,8,31.8,65.0,7.3,948.7,0.0,122.23611111111111,1.7083333333333333,94.0,102.0,109.0,34.3,27.5,24.4,127.0
2026-08-12 13:00:00,2026-08-15 13:00:00,72,13,12,2,8,31.8,65.0,7.3,948.7,0.0,122.23611111111111,1.7083333333333333,94.0,102.0,109.0,34.3,27.5,24.4,102.0
2026-08-12 14:00:00,2026-08-13 14:00:00,24,14,12,2,8,32.4,62.0,10.4,947.8,0.0,122.52777777777777,1.5,121.0,103.0,109.0,35.5,26.9,25.1,155.0
2026-08-12 14:00:00,2026-08-14 14:00:00,48,14,12,2,8,32.4,62.0,10.4,947.8,0.0,122.52777777777777,1.5,121.0,103.0,109.0,35.5,26.9,25.1,126.0
2026-08-12 14:00:00,2026-08-15 14:00:00,72,14,12,2,8,32.4,62.0,10.4,947.8,0.0,122.52777777777777,1.5,121.0,103.0,109.0,35.5,26.9,25.1,111.0
2026-08-12 15:00:00,2026-08-13 15:00:00,24,15,12,2,8,32.5,62.0,12.0,947.1,0.0,122.84722222222223,0.4583333333333333,148.0,132.0,112.0,37.1,26.5,26.0,181.0
2026-08-12 15:00:00,2026-08-14 15:00:00,48,15,12,2,8,32.5,62.0,12.0,947.1,0.0,122.84722222222223,0.4583333333333333,148.0,132.0,112.0,37.1,26.5,26.0,128.0
2026-08-12 15:00:00,2026-08-15 15:00:00,72,15,12,2,8,32.5,62.0,12.0,947.1,0.0,122.84722222222223,0.4583333333333333,148.0,132.0,112.0,37.1,26.5,26.0,144.0
2026-08-12 16:00:00,2026-08-13 16:00:00,24,16,12,2,8,32.2,63.0,10.9,946.5,0.0,123.44444444444444,0.2916666666666667,167.0,154.0,141.0,37.5,26.7,25.7,200.0
2026-08-12 16:00:00,2026-08-14 16:00:00,48,16,12,2,8,32.2,63.0,10.9,946.5,0.0,123.44444444444444,0.2916666666666667,167.0,154.0,141.0,37.5,26.7,25.7,153.0
2026-08-12 16:00:00,2026-08-15 16:00:00,72,16,12,2,8,32.2,63.0,10.9,946.5,0.0,123.44444444444444,0.2916666666666667,167.0,154.0,141.0,37.5,26.7,25.7,170.0
2026-08-12 17:00:00,2026-08-13 17:00:00,24,17,12,2,8,32.2,63.0,7.6,946.4,0.0,123.90277777777777,0.2916666666666667,183.0,168.0,159.0,58.9,17.0,14.8,206.0
2026-08-12 17:00:00,2026-08-14 17:00:00,48,17,12,2,8,32.2,63.0,7.6,946.4,0.0,123.90277777777777,0.2916666666666667,183.0,168.0,159.0,58.9,17.0,14.8,168.0
2026-08-12 17:00:00,2026-08-15 17:00:00,72,17,12,2,8,32.2,63.0,7.6,946.4,0.0,123.90277777777777,0.2916666666666667,183.0,168.0,159.0,58.9,17.0,14.8,192.0
2026-08-12 18:00:00,2026-08-13 18:00:00,24,18,12,2,8,31.1,71.0,4.9,946.5,0.0,124.36111111111111,0.375,190.0,173.0,165.0,61.9,21.1,19.3,208.0
2026-08-12 18:00:00,2026-08-14 18:00:00,48,18,12,2,8,31.1,71.0,4.9,946.5,0.0,124.36111111111111,0.375,190.0,173.0,165.0,61.9,21.1,19.3,171.0
2026-08-12 18:00:00,2026-08-15 18:00:00,72,18,12,2,8,31.1,71.0,4.9,946.5,0.0,124.36111111111111,0.375,190.0,173.0,165.0,61.9,21.1,19.3,201.0
2026-08-12 19:00:00,2026-08-13 19:00:00,24,19,12,2,8,29.7,77.0,4.7,946.7,0.0,124.84722222222223,0.4166666666666667,188.0,169.0,159.0,66.4,28.3,28.8,204.0
2026-08-12 19:00:00,2026-08-14 19:00:00,48,19,12,2,8,29.7,77.0,4.7,946.7,0.0,124.84722222222223,0.4166666666666667,188.0,169.0,159.0,66.4,28.3,28.8,165.0
2026-08-12 19:00:00,2026-08-15 19:00:00,72,19,12,2,8,29.7,77.0,4.7,946.7,0.0,124.84722222222223,0.4166666666666667,188.0,169.0,159.0,66.4,28.3,28.8,198.0
2026-08-12 20:00:00,2026-08-13 20:00:00,24,20,12,2,8,28.9,80.0,3.9,947.2,0.0,125.34722222222223,0.2916666666666667,174.0,156.0,139.0,66.8,31.9,37.4,188.0
2026-08-12 20:00:00,2026-08-14 20:00:00,48,20,12,2,8,28.9,80.0,3.9,947.2,0.0,125.34722222222223,0.2916666666666667,174.0,156.0,139.0,66.8,31.9,37.4,147.0
2026-08-12 20:00:00,2026-08-15 20:00:00,72,20,12,2,8,28.9,80.0,3.9,947.2,0.0,125.34722222222223,0.2916666666666667,174.0,156.0,139.0,66.8,31.9,37.4,178.0
2026-08-12 21:00:00,2026-08-13 21:00:00,24,21,12,2,8,28.5,83.0,1.8,948.1,0.0,125.84722222222223,0.041666666666666664,154.0,130.0,113.0,64.5,34.8,39.8,157.0
2026-08-12 21:00:00,2026-08-14 21:00:00,48,21,12,2,8,28.5,83.0,1.8,948.1,0.0,125.84722222222223,0.041666666666666664,154.0,130.0,113.0,64.5,34.8,39.8,117.0
2026-08-12 21:00:00,2026-08-15 21:00:00,72,21,12,2,8,28.5,83.0,1.8,948.1,0.0,125.84722222222223,0.041666666666666664,154.0,130.0,113.0,64.5,34.8,39.8,148.0
2026-08-12 22:00:00,2026-08-13 22:00:00,24,22,12,2,8,28.0,86.0,2.1,949.0,0.0,126.25,-0.5,125.0,102.0,112.0,63.3,37.0,43.1,151.0
2026-08-12 22:00:00,2026-08-14 22:00:00,48,22,12,2,8,28.0,86.0,2.1,949.0,0.0,126.25,-0.5,125.0,102.0,112.0,63.3,37.0,43.1,116.0
2026-08-12 22:00:00,2026-08-15 22:00:00,72,22,12,2,8,28.0,86.0,2.1,949.0,0.0,126.25,-0.5,125.0,102.0,112.0,63.3,37.0,43.1,111.0
2026-08-12 23:00:00,2026-08-13 23:00:00,24,23,12,2,8,28.0,88.0,2.7,948.9,0.0,126.41666666666667,-0.041666666666666664,114.0,102.0,111.0,63.8,38.9,46.8,151.0
2026-08-12 23:00:00,2026-08-14 23:00:00,48,23,12,2,8,28.0,88.0,2.7,948.9,0.0,126.41666666666667,-0.041666666666666664,114.0,102.0,111.0,63.8,38.9,46.8,115.0
2026-08-12 23:00:00,2026-08-15 23:00:00,72,23,12,2,8,28.0,88.0,2.7,948.9,0.0,126.41666666666667,-0.041666666666666664,114.0,102.0,111.0,63.8,38.9,46.8,113.0
2026-08-13 00:00:00,2026-08-14 00:00:00,24,0,13,3,8,27.5,89.0,4.6,949.1,0.0,126.625,0.5,116.0,101.0,110.0,62.9,39.2,50.8,150.0
2026-08-13 00:00:00,2026-08-15 00:00:00,48,0,13,3,8,27.5,89.0,4.6,949.1,0.0,126.625,0.5,116.0,101.0,110.0,62.9,39.2,50.8,114.0
2026-08-13 00:00:00,2026-08-16 00:00:00,72,0,13,3,8,27.5,89.0,4.6,949.1,0.0,126.625,0.5,116.0,101.0,110.0,62.9,39.2,50.8,116.0
2026-08-13 01:00:00,2026-08-14 01:00:00,24,1,13,3,8,27.3,88.0,4.7,949.3,0.0,126.875,0.5,119.0,100.0,108.0,64.0,38.6,55.5,149.0
2026-08-13 01:00:00,2026-08-15 01:00:00,48,1,13,3,8,27.3,88.0,4.7,949.3,0.0,126.875,0.5,119.0,100.0,108.0,64.0,38.6,55.5,113.0
2026-08-13 01:00:00,2026-08-16 01:00:00,72,1,13,3,8,27.3,88.0,4.7,949.3,0.0,126.875,0.5,119.0,100.0,108.0,64.0,38.6,55.5,119.0
2026-08-13 02:00:00,2026-08-14 02:00:00,24,2,13,3,8,26.9,89.0,4.9,949.1,0.0,127.18055555555556,0.4583333333333333,122.0,98.0,107.0,60.5,37.0,56.0,147.0
2026-08-13 02:00:00,2026-08-15 02:00:00,48,2,13,3,8,26.9,89.0,4.9,949.1,0.0,127.18055555555556,0.4583333333333333,122.0,98.0,107.0,60.5,37.0,56.0,111.0
2026-08-13 02:00:00,2026-08-16 02:00:00,72,2,13,3,8,26.9,89.0,4.9,949.1,0.0,127.18055555555556,0.4583333333333333,122.0,98.0,107.0,60.5,37.0,56.0,123.0
2026-08-13 03:00:00,2026-08-14 03:00:00,24,3,13,3,8,26.5,90.0,4.4,948.7,0.0,127.51388888888889,0.375,124.0,97.0,107.0,53.3,34.3,54.0,145.0
2026-08-13 03:00:00,2026-08-15 03:00:00,48,3,13,3,8,26.5,90.0,4.4,948.7,0.0,127.51388888888889,0.375,124.0,97.0,107.0,53.3,34.3,54.0,108.0
2026-08-13 03:00:00,2026-08-16 03:00:00,72,3,13,3,8,26.5,90.0,4.4,948.7,0.0,127.51388888888889,0.375,124.0,97.0,107.0,53.3,34.3,54.0,127.0
2026-08-13 04:00:00,2026-08-14 04:00:00,24,4,13,3,8,26.4,89.0,4.8,948.6,0.0,127.86111111111111,0.3333333333333333,126.0,95.0,107.0,49.6,33.3,51.5,144.0
2026-08-13 04:00:00,2026-08-15 04:00:00,48,4,13,3,8,26.4,89.0,4.8,948.6,0.0,127.86111111111111,0.3333333333333333,126.0,95.0,107.0,49.6,33.3,51.5,106.0
2026-08-13 04:00:00,2026-08-16 04:00:00,72,4,13,3,8,26.4,89.0,4.8,948.6,0.0,127.86111111111111,0.3333333333333333,126.0,95.0,107.0,49.6,33.3,51.5,129.0
2026-08-13 05:00:00,2026-08-14 05:00:00,24,5,13,3,8,27.2,89.0,3.9,948.8,0.0,128.23611111111111,0.3333333333333333,128.0,94.0,106.0,52.3,29.5,46.8,143.0
2026-08-13 05:00:00,2026-08-15 05:00:00,48,5,13,3,8,27.2,89.0,3.9,948.8,0.0,128.23611111111111,0.3333333333333333,128.0,94.0,106.0,52.3,29.5,46.8,102.0
2026-08-13 05:00:00,2026-08-16 05:00:00,72,5,13,3,8,27.2,89.0,3.9,948.8,0.0,128.23611111111111,0.3333333333333333,128.0,94.0,106.0,52.3,29.5,46.8,131.0
2026-08-13 06:00:00,2026-08-14 06:00:00,24,6,13,3,8,27.0,90.0,4.2,949.2,0.0,128.63888888888889,0.2916666666666667,130.0,93.0,104.0,23.3,29.3,47.0,140.0
2026-08-13 06:00:00,2026-08-15 06:00:00,48,6,13,3,8,27.0,90.0,4.2,949.2,0.0,128.63888888888889,0.2916666666666667,130.0,93.0,104.0,23.3,29.3,47.0,100.0
2026-08-13 06:00:00,2026-08-16 06:00:00,72,6,13,3,8,27.0,90.0,4.2,949.2,0.0,128.63888888888889,0.2916666666666667,130.0,93.0,104.0,23.3,29.3,47.0,134.0
2026-08-13 07:00:00,2026-08-14 07:00:00,24,7,13,3,8,27.8,87.0,1.9,949.2,0.0,129.08333333333334,0.25,129.0,91.0,102.0,31.0,29.8,37.7,138.0
2026-08-13 07:00:00,2026-08-15 07:00:00,48,7,13,3,8,27.8,87.0,1.9,949.2,0.0,129.08333333333334,0.25,129.0,91.0,102.0,31.0,29.8,37.7,99.0
2026-08-13 07:00:00,2026-08-16 07:00:00,72,7,13,3,8,27.8,87.0,1.9,949.2,0.0,129.08333333333334,0.25,129.0,91.0,102.0,31.0,29.8,37.7,139.0
2026-08-13 08:00:00,2026-08-14 08:00:00,24,8,13,3,8,28.8,84.0,1.9,949.1,0.0,129.625,0.5,130.0,91.0,101.0,33.3,25.0,31.2,135.0
2026-08-13 08:00:00,2026-08-15 08:00:00,48,8,13,3,8,28.8,84.0,1.9,949.1,0.0,129.625,0.5,130.0,91.0,101.0,33.3,25.0,31.2,98.0
2026-08-13 08:00:00,2026-08-16 08:00:00,72,8,13,3,8,28.8,84.0,1.9,949.1,0.0,129.625,0.5,130.0,91.0,101.0,33.3,25.0,31.2,142.0
2026-08-13 09:00:00,2026-08-14 09:00:00,24,9,13,3,8,30.5,77.0,3.1,948.9,0.0,130.22222222222223,0.5833333333333334,130.0,90.0,100.0,28.9,24.0,28.1,133.0
2026-08-13 09:00:00,2026-08-15 09:00:00,48,9,13,3,8,30.5,77.0,3.1,948.9,0.0,130.22222222222223,0.5833333333333334,130.0,90.0,100.0,28.9,24.0,28.1,99.0
2026-08-13 09:00:00,2026-08-16 09:00:00,72,9,13,3,8,30.5,77.0,3.1,948.9,0.0,130.22222222222223,0.5833333333333334,130.0,90.0,100.0,28.9,24.0,28.1,144.0
2026-08-13 10:00:00,2026-08-14 10:00:00,24,10,13,3,8,31.9,70.0,4.8,948.8,0.0,130.84722222222223,0.625,131.0,90.0,101.0,27.6,25.7,27.9,131.0
2026-08-13 10:00:00,2026-08-15 10:00:00,48,10,13,3,8,31.9,70.0,4.8,948.8,0.0,130.84722222222223,0.625,131.0,90.0,101.0,27.6,25.7,27.9,99.0
2026-08-13 10:00:00,2026-08-16 10:00:00,72,10,13,3,8,31.9,70.0,4.8,948.8,0.0,130.84722222222223,0.625,131.0,90.0,101.0,27.6,25.7,27.9,146.0
2026-08-13 11:00:00,2026-08-14 11:00:00,24,11,13,3,8,33.3,61.0,7.1,949.0,0.0,131.47222222222223,0.625,131.0,90.0,101.0,31.1,29.4,28.6,130.0
2026-08-13 11:00:00,2026-08-15 11:00:00,48,11,13,3,8,33.3,61.0,7.1,949.0,0.0,131.47222222222223,0.625,131.0,90.0,101.0,31.1,29.4,28.6,99.0
2026-08-13 11:00:00,2026-08-16 11:00:00,72,11,13,3,8,33.3,61.0,7.1,949.0,0.0,131.47222222222223,0.625,131.0,90.0,101.0,31.1,29.4,28.6,148.0
2026-08-13 12:00:00,2026-08-14 12:00:00,24,12,13,3,8,33.9,59.0,7.3,948.4,0.0,132.11111111111111,0.6666666666666666,131.0,90.0,102.0,36.0,45.2,28.4,128.0
2026-08-13 12:00:00,2026-08-15 12:00:00,48,12,13,3,8,33.9,59.0,7.3,948.4,0.0,132.11111111111111,0.6666666666666666,131.0,90.0,102.0,36.0,45.2,28.4,100.0
2026-08-13 12:00:00,2026-08-16 12:00:00,72,12,13,3,8,33.9,59.0,7.3,948.4,0.0,132.11111111111111,0.6666666666666666,131.0,90.0,102.0,36.0,45.2,28.4,148.0
2026-08-13 13:00:00,2026-08-14 13:00:00,24,13,13,3,8,34.3,58.0,6.4,947.8,0.0,132.75,0.7083333333333334,130.0,94.0,102.0,39.1,34.3,27.5,127.0
2026-08-13 13:00:00,2026-08-15 13:00:00,48,13,13,3,8,34.3,58.0,6.4,947.8,0.0,132.75,0.7083333333333334,130.0,94.0,102.0,39.1,34.3,27.5,102.0
2026-08-13 13:00:00,2026-08-16 13:00:00,72,13,13,3,8,34.3,58.0,6.4,947.8,0.0,132.75,0.7083333333333334,130.0,94.0,102.0,39.1,34.3,27.5,148.0
2026-08-13 14:00:00,2026-08-14 14:00:00,24,14,13,3,8,34.8,56.0,6.5,947.1,0.0,133.38888888888889,0.75,132.0,121.0,103.0,39.2,35.5,26.9,126.0
2026-08-13 14:00:00,2026-08-15 14:00:00,48,14,13,3,8,34.8,56.0,6.5,947.1,0.0,133.38888888888889,0.75,132.0,121.0,103.0,39.2,35.5,26.9,111.0
2026-08-13 14:00:00,2026-08-16 14:00:00,72,14,13,3,8,34.8,56.0,6.5,947.1,0.0,133.38888888888889,0.75,132.0,121.0,103.0,39.2,35.5,26.9,148.0
2026-08-13 15:00:00,2026-08-14 15:00:00,24,15,13,3,8,34.8,55.0,6.2,946.2,0.0,134.11111111111111,0.9583333333333334,155.0,148.0,132.0,38.3,37.1,26.5,128.0
2026-08-13 15:00:00,2026-08-15 15:00:00,48,15,13,3,8,34.8,55.0,6.2,946.2,0.0,134.11111111111111,0.9583333333333334,155.0,148.0,132.0,38.3,37.1,26.5,144.0
2026-08-13 15:00:00,2026-08-16 15:00:00,72,15,13,3,8,34.8,55.0,6.2,946.2,0.0,134.11111111111111,0.9583333333333334,155.0,148.0,132.0,38.3,37.1,26.5,151.0
2026-08-13 16:00:00,2026-08-14 16:00:00,24,16,13,3,8,34.5,56.0,4.2,946.0,0.0,134.79166666666666,1.0833333333333333,174.0,167.0,154.0,37.3,37.5,26.7,153.0
2026-08-13 16:00:00,2026-08-15 16:00:00,48,16,13,3,8,34.5,56.0,4.2,946.0,0.0,134.79166666666666,1.0833333333333333,174.0,167.0,154.0,37.3,37.5,26.7,170.0
2026-08-13 16:00:00,2026-08-16 16:00:00,72,16,13,3,8,34.5,56.0,4.2,946.0,0.0,134.79166666666666,1.0833333333333333,174.0,167.0,154.0,37.3,37.5,26.7,164.0
2026-08-13 17:00:00,2026-08-14 17:00:00,24,17,13,3,8,34.8,55.0,1.5,945.7,0.0,135.43055555555554,1.0833333333333333,192.0,183.0,168.0,29.9,58.9,17.0,168.0
2026-08-13 17:00:00,2026-08-15 17:00:00,48,17,13,3,8,34.8,55.0,1.5,945.7,0.0,135.43055555555554,1.0833333333333333,192.0,183.0,168.0,29.9,58.9,17.0,192.0
2026-08-13 17:00:00,2026-08-16 17:00:00,72,17,13,3,8,34.8,55.0,1.5,945.7,0.0,135.43055555555554,1.0833333333333333,192.0,183.0,168.0,29.9,58.9,17.0,169.0
2026-08-13 18:00:00,2026-08-14 18:00:00,24,18,13,3,8,33.6,66.0,2.4,945.5,0.0,135.95833333333334,0.5833333333333334,200.0,190.0,173.0,37.1,61.9,21.1,171.0
2026-08-13 18:00:00,2026-08-15 18:00:00,48,18,13,3,8,33.6,66.0,2.4,945.5,0.0,135.95833333333334,0.5833333333333334,200.0,190.0,173.0,37.1,61.9,21.1,201.0
2026-08-13 18:00:00,2026-08-16 18:00:00,72,18,13,3,8,33.6,66.0,2.4,945.5,0.0,135.95833333333334,0.5833333333333334,200.0,190.0,173.0,37.1,61.9,21.1,169.0
2026-08-13 19:00:00,2026-08-14 19:00:00,24,19,13,3,8,31.8,76.0,3.6,945.5,0.0,136.44444444444446,0.3333333333333333,195.0,188.0,169.0,48.8,66.4,28.3,165.0
2026-08-13 19:00:00,2026-08-15 19:00:00,48,19,13,3,8,31.8,76.0,3.6,945.5,0.0,136.44444444444446,0.3333333333333333,195.0,188.0,169.0,48.8,66.4,28.3,198.0
2026-08-13 19:00:00,2026-08-16 19:00:00,72,19,13,3,8,31.8,76.0,3.6,945.5,0.0,136.44444444444446,0.3333333333333333,195.0,188.0,169.0,48.8,66.4,28.3,160.0
2026-08-13 20:00:00,2026-08-14 20:00:00,24,20,13,3,8,30.9,76.0,9.9,946.1,0.0,136.93055555555554,0.375,175.0,174.0,156.0,61.9,66.8,31.9,147.0
2026-08-13 20:00:00,2026-08-15 20:00:00,48,20,13,3,8,30.9,76.0,9.9,946.1,0.0,136.93055555555554,0.375,175.0,174.0,156.0,61.9,66.8,31.9,178.0
2026-08-13 20:00:00,2026-08-16 20:00:00,72,20,13,3,8,30.9,76.0,9.9,946.1,0.0,136.93055555555554,0.375,175.0,174.0,156.0,61.9,66.8,31.9,144.0
2026-08-13 21:00:00,2026-08-14 21:00:00,24,21,13,3,8,29.8,78.0,6.3,946.6,0.0,137.375,0.5416666666666666,142.0,154.0,130.0,71.7,64.5,34.8,117.0
2026-08-13 21:00:00,2026-08-15 21:00:00,48,21,13,3,8,29.8,78.0,6.3,946.6,0.0,137.375,0.5416666666666666,142.0,154.0,130.0,71.7,64.5,34.8,148.0
2026-08-13 21:00:00,2026-08-16 21:00:00,72,21,13,3,8,29.8,78.0,6.3,946.6,0.0,137.375,0.5416666666666666,142.0,154.0,130.0,71.7,64.5,34.8,143.0
2026-08-13 22:00:00,2026-08-14 22:00:00,24,22,13,3,8,28.9,82.0,4.9,946.9,0.0,137.75,0.625,124.0,125.0,102.0,77.3,63.3,37.0,116.0
2026-08-13 22:00:00,2026-08-15 22:00:00,48,22,13,3,8,28.9,82.0,4.9,946.9,0.0,137.75,0.625,124.0,125.0,102.0,77.3,63.3,37.0,111.0
2026-08-13 22:00:00,2026-08-16 22:00:00,72,22,13,3,8,28.9,82.0,4.9,946.9,0.0,137.75,0.625,124.0,125.0,102.0,77.3,63.3,37.0,141.0
2026-08-13 23:00:00,2026-08-14 23:00:00,24,23,13,3,8,29.7,83.0,6.6,946.7,0.0,138.43055555555554,1.125,126.0,114.0,102.0,82.7,63.8,38.9,115.0
2026-08-13 23:00:00,2026-08-15 23:00:00,48,23,13,3,8,29.7,83.0,6.6,946.7,0.0,138.43055555555554,1.125,126.0,114.0,102.0,82.7,63.8,38.9,113.0
2026-08-13 23:00:00,2026-08-16 23:00:00,72,23,13,3,8,29.7,83.0,6.6,946.7,0.0,138.43055555555554,1.125,126.0,114.0,102.0,82.7,63.8,38.9,138.0
2026-08-14 00:00:00,2026-08-15 00:00:00,24,0,14,4,8,28.7,90.0,8.2,946.8,0.2,139.11111111111111,1.0416666666666667,128.0,116.0,101.0,84.1,62.9,39.2,114.0
2026-08-14 00:00:00,2026-08-16 00:00:00,48,0,14,4,8,28.7,90.0,8.2,946.8,0.2,139.11111111111111,1.0416666666666667,128.0,116.0,101.0,84.1,62.9,39.2,116.0
2026-08-14 00:00:00,2026-08-17 00:00:00,72,0,14,4,8,28.7,90.0,8.2,946.8,0.2,139.11111111111111,1.0416666666666667,128.0,116.0,101.0,84.1,62.9,39.2,135.0
2026-08-14 01:00:00,2026-08-15 01:00:00,24,1,14,4,8,27.8,93.0,8.1,946.8,0.5,139.79166666666666,0.9166666666666666,130.0,119.0,100.0,77.5,64.0,38.6,113.0
2026-08-14 01:00:00,2026-08-16 01:00:00,48,1,14,4,8,27.8,93.0,8.1,946.8,0.5,139.79166666666666,0.9166666666666666,130.0,119.0,100.0,77.5,64.0,38.6,119.0
2026-08-14 01:00:00,2026-08-17 01:00:00,72,1,14,4,8,27.8,93.0,8.1,946.8,0.5,139.79166666666666,0.9166666666666666,130.0,119.0,100.0,77.5,64.0,38.6,131.0
2026-08-14 02:00:00,2026-08-15 02:00:00,24,2,14,4,8,27.0,95.0,8.5,946.8,0.4,140.47222222222223,0.7916666666666666,131.0,122.0,98.0,72.2,60.5,37.0,111.0
2026-08-14 02:00:00,2026-08-16 02:00:00,48,2,14,4,8,27.0,95.0,8.5,946.8,0.4,140.47222222222223,0.7916666666666666,131.0,122.0,98.0,72.2,60.5,37.0,123.0
2026-08-14 02:00:00,2026-08-17 02:00:00,72,2,14,4,8,27.0,95.0,8.5,946.8,0.4,140.47222222222223,0.7916666666666666,131.0,122.0,98.0,72.2,60.5,37.0,128.0
2026-08-14 03:00:00,2026-08-15 03:00:00,24,3,14,4,8,26.7,96.0,9.4,946.4,0.5,141.15277777777777,0.6666666666666666,132.0,124.0,97.0,66.6,53.3,34.3,108.0
2026-08-14 03:00:00,2026-08-16 03:00:00,48,3,14,4,8,26.7,96.0,9.4,946.4,0.5,141.15277777777777,0.6666666666666666,132.0,124.0,97.0,66.6,53.3,34.3,127.0
2026-08-14 03:00:00,2026-08-17 03:00:00,72,3,14,4,8,26.7,96.0,9.4,946.4,0.5,141.15277777777777,0.6666666666666666,132.0,124.0,97.0,66.6,53.3,34.3,125.0
2026-08-14 04:00:00,2026-08-15 04:00:00,24,4,14,4,8,26.0,97.0,5.5,946.5,0.7,141.81944444444446,0.5416666666666666,134.0,126.0,95.0,59.8,49.6,33.3,106.0
2026-08-14 04:00:00,2026-08-16 04:00:00,48,4,14,4,8,26.0,97.0,5.5,946.5,0.7,141.81944444444446,0.5416666666666666,134.0,126.0,95.0,59.8,49.6,33.3,129.0
2026-08-14 04:00:00,2026-08-17 04:00:00,72,4,14,4,8,26.0,97.0,5.5,946.5,0.7,141.81944444444446,0.5416666666666666,134.0,126.0,95.0,59.8,49.6,33.3,123.0
2026-08-14 05:00:00,2026-08-15 05:00:00,24,5,14,4,8,26.9,95.0,2.4,946.4,2.9,142.5,0.4166666666666667,135.0,128.0,94.0,65.4,52.3,29.5,102.0
2026-08-14 05:00:00,2026-08-16 05:00:00,48,5,14,4,8,26.9,95.0,2.4,946.4,2.9,142.5,0.4166666666666667,135.0,128.0,94.0,65.4,52.3,29.5,131.0
2026-08-14 05:00:00,2026-08-17 05:00:00,72,5,14,4,8,26.9,95.0,2.4,946.4,2.9,142.5,0.4166666666666667,135.0,128.0,94.0,65.4,52.3,29.5,123.0
2026-08-14 06:00:00,2026-08-15 06:00:00,24,6,14,4,8,25.4,98.0,9.4,946.9,2.9,143.18055555555554,0.3333333333333333,136.0,130.0,93.0,66.8,23.3,29.3,100.0
2026-08-14 06:00:00,2026-08-16 06:00:00,48,6,14,4,8,25.4,98.0,9.4,946.9,2.9,143.18055555555554,0.3333333333333333,136.0,130.0,93.0,66.8,23.3,29.3,134.0
2026-08-14 06:00:00,2026-08-17 06:00:00,72,6,14,4,8,25.4,98.0,9.4,946.9,2.9,143.18055555555554,0.3333333333333333,136.0,130.0,93.0,66.8,23.3,29.3,120.0
2026-08-14 07:00:00,2026-08-15 07:00:00,24,7,14,4,8,26.2,95.0,6.2,947.0,0.5,143.83333333333334,0.16666666666666666,141.0,129.0,91.0,62.9,31.0,29.8,99.0
2026-08-14 07:00:00,2026-08-16 07:00:00,48,7,14,4,8,26.2,95.0,6.2,947.0,0.5,143.83333333333334,0.16666666666666666,141.0,129.0,91.0,62.9,31.0,29.8,139.0
2026-08-14 07:00:00,2026-08-17 07:00:00,72,7,14,4,8,26.2,95.0,6.2,947.0,0.5,143.83333333333334,0.16666666666666666,141.0,129.0,91.0,62.9,31.0,29.8,114.0
2026-08-14 08:00:00,2026-08-15 08:00:00,24,8,14,4,8,27.0,91.0,4.9,947.4,0.9,144.48611111111111,-0.125,144.0,130.0,91.0,40.5,33.3,25.0,98.0
2026-08-14 08:00:00,2026-08-16 08:00:00,48,8,14,4,8,27.0,91.0,4.9,947.4,0.9,144.48611111111111,-0.125,144.0,130.0,91.0,40.5,33.3,25.0,142.0
2026-08-14 08:00:00,2026-08-17 08:00:00,72,8,14,4,8,27.0,91.0,4.9,947.4,0.9,144.48611111111111,-0.125,144.0,130.0,91.0,40.5,33.3,25.0,110.0
2026-08-14 09:00:00,2026-08-15 09:00:00,24,9,14,4,8,26.5,93.0,6.4,948.4,3.1,145.09722222222223,-0.375,145.0,130.0,90.0,39.1,28.9,24.0,99.0
2026-08-14 09:00:00,2026-08-16 09:00:00,48,9,14,4,8,26.5,93.0,6.4,948.4,3.1,145.09722222222223,-0.375,145.0,130.0,90.0,39.1,28.9,24.0,144.0
2026-08-14 09:00:00,2026-08-17 09:00:00,72,9,14,4,8,26.5,93.0,6.4,948.4,3.1,145.09722222222223,-0.375,145.0,130.0,90.0,39.1,28.9,24.0,107.0
2026-08-14 10:00:00,2026-08-15 10:00:00,24,10,14,4,8,27.7,86.0,5.2,948.3,0.9,145.69444444444446,-0.5,146.0,131.0,90.0,39.0,27.6,25.7,99.0
2026-08-14 10:00:00,2026-08-16 10:00:00,48,10,14,4,8,27.7,86.0,5.2,948.3,0.9,145.69444444444446,-0.5,146.0,131.0,90.0,39.0,27.6,25.7,146.0
2026-08-14 10:00:00,2026-08-17 10:00:00,72,10,14,4,8,27.7,86.0,5.2,948.3,0.9,145.69444444444446,-0.5,146.0,131.0,90.0,39.0,27.6,25.7,106.0
2026-08-14 11:00:00,2026-08-15 11:00:00,24,11,14,4,8,28.6,79.0,5.9,948.5,0.6,146.26388888888889,-0.625,147.0,131.0,90.0,39.2,31.1,29.4,99.0
2026-08-14 11:00:00,2026-08-16 11:00:00,48,11,14,4,8,28.6,79.0,5.9,948.5,0.6,146.26388888888889,-0.625,147.0,131.0,90.0,39.2,31.1,29.4,148.0
2026-08-14 11:00:00,2026-08-17 11:00:00,72,11,14,4,8,28.6,79.0,5.9,948.5,0.6,146.26388888888889,-0.625,147.0,131.0,90.0,39.2,31.1,29.4,104.0
2026-08-14 12:00:00,2026-08-15 12:00:00,24,12,14,4,8,30.1,75.0,3.3,948.5,0.0,146.81944444444446,-0.7083333333333334,148.0,131.0,90.0,39.0,36.0,45.2,100.0
2026-08-14 12:00:00,2026-08-16 12:00:00,48,12,14,4,8,30.1,75.0,3.3,948.5,0.0,146.81944444444446,-0.7083333333333334,148.0,131.0,90.0,39.0,36.0,45.2,148.0
2026-08-14 12:00:00,2026-08-17 12:00:00,72,12,14,4,8,30.1,75.0,3.3,948.5,0.0,146.81944444444446,-0.7083333333333334,148.0,131.0,90.0,39.0,36.0,45.2,103.0
2026-08-14 13:00:00,2026-08-15 13:00:00,24,13,14,4,8,31.3,71.0,3.9,948.0,0.0,147.34722222222223,-0.8333333333333334,148.0,130.0,94.0,38.9,39.1,34.3,102.0
2026-08-14 13:00:00,2026-08-16 13:00:00,48,13,14,4,8,31.3,71.0,3.9,948.0,0.0,147.34722222222223,-0.8333333333333334,148.0,130.0,94.0,38.9,39.1,34.3,148.0
2026-08-14 13:00:00,2026-08-17 13:00:00,72,13,14,4,8,31.3,71.0,3.9,948.0,0.0,147.34722222222223,-0.8333333333333334,148.0,130.0,94.0,38.9,39.1,34.3,103.0
2026-08-14 14:00:00,2026-08-15 14:00:00,24,14,14,4,8,31.9,68.0,4.1,947.8,0.0,147.80555555555554,-0.875,155.0,132.0,121.0,39.1,39.2,35.5,111.0
2026-08-14 14:00:00,2026-08-16 14:00:00,48,14,14,4,8,31.9,68.0,4.1,947.8,0.0,147.80555555555554,-0.875,155.0,132.0,121.0,39.1,39.2,35.5,148.0
2026-08-14 14:00:00,2026-08-17 14:00:00,72,14,14,4,8,31.9,68.0,4.1,947.8,0.0,147.80555555555554,-0.875,155.0,132.0,121.0,39.1,39.2,35.5,102.0
2026-08-14 15:00:00,2026-08-15 15:00:00,24,15,14,4,8,32.3,66.0,5.2,947.4,0.0,147.875,-1.2083333333333333,181.0,155.0,148.0,39.2,38.3,37.1,144.0
2026-08-14 15:00:00,2026-08-16 15:00:00,48,15,14,4,8,32.3,66.0,5.2,947.4,0.0,147.875,-1.2083333333333333,181.0,155.0,148.0,39.2,38.3,37.1,151.0
2026-08-14 15:00:00,2026-08-17 15:00:00,72,15,14,4,8,32.3,66.0,5.2,947.4,0.0,147.875,-1.2083333333333333,181.0,155.0,148.0,39.2,38.3,37.1,121.0
2026-08-14 16:00:00,2026-08-15 16:00:00,24,16,14,4,8,31.3,68.0,9.9,947.4,0.2,147.59722222222223,-2.2083333333333335,200.0,174.0,167.0,39.6,37.3,37.5,170.0
2026-08-14 16:00:00,2026-08-16 16:00:00,48,16,14,4,8,31.3,68.0,9.9,947.4,0.2,147.59722222222223,-2.2083333333333335,200.0,174.0,167.0,39.6,37.3,37.5,164.0
2026-08-14 16:00:00,2026-08-17 16:00:00,72,16,14,4,8,31.3,68.0,9.9,947.4,0.2,147.59722222222223,-2.2083333333333335,200.0,174.0,167.0,39.6,37.3,37.5,140.0
2026-08-14 17:00:00,2026-08-15 17:00:00,24,17,14,4,8,30.5,75.0,8.5,947.1,0.5,147.40277777777777,-1.9583333333333333,206.0,192.0,183.0,47.1,29.9,58.9,192.0
2026-08-14 17:00:00,2026-08-16 17:00:00,48,17,14,4,8,30.5,75.0,8.5,947.1,0.5,147.40277777777777,-1.9583333333333333,206.0,192.0,183.0,47.1,29.9,58.9,169.0
2026-08-14 17:00:00,2026-08-17 17:00:00,72,17,14,4,8,30.5,75.0,8.5,947.1,0.5,147.40277777777777,-1.9583333333333333,206.0,192.0,183.0,47.1,29.9,58.9,152.0
2026-08-14 18:00:00,2026-08-15 18:00:00,24,18,14,4,8,28.0,85.0,14.8,947.3,0.2,147.19444444444446,-1.5833333333333333,208.0,200.0,190.0,56.2,37.1,61.9,201.0
2026-08-14 18:00:00,2026-08-16 18:00:00,48,18,14,4,8,28.0,85.0,14.8,947.3,0.2,147.19444444444446,-1.5833333333333333,208.0,200.0,190.0,56.2,37.1,61.9,169.0
2026-08-14 18:00:00,2026-08-17 18:00:00,72,18,14,4,8,28.0,85.0,14.8,947.3,0.2,147.19444444444446,-1.5833333333333333,208.0,200.0,190.0,56.2,37.1,61.9,153.0
2026-08-14 19:00:00,2026-08-15 19:00:00,24,19,14,4,8,27.0,90.0,10.7,947.4,0.1,146.93055555555554,-1.5416666666666667,204.0,195.0,188.0,65.4,48.8,66.4,198.0
2026-08-14 19:00:00,2026-08-16 19:00:00,48,19,14,4,8,27.0,90.0,10.7,947.4,0.1,146.93055555555554,-1.5416666666666667,204.0,195.0,188.0,65.4,48.8,66.4,160.0
2026-08-14 19:00:00,2026-08-17 19:00:00,72,19,14,4,8,27.0,90.0,10.7,947.4,0.1,146.93055555555554,-1.5416666666666667,204.0,195.0,188.0,65.4,48.8,66.4,143.0
2026-08-14 20:00:00,2026-08-15 20:00:00,24,20,14,4,8,26.5,92.0,7.9,947.4,0.0,146.61111111111111,-1.625,188.0,175.0,174.0,70.1,61.9,66.8,178.0
2026-08-14 20:00:00,2026-08-16 20:00:00,48,20,14,4,8,26.5,92.0,7.9,947.4,0.0,146.61111111111111,-1.625,188.0,175.0,174.0,70.1,61.9,66.8,144.0
2026-08-14 20:00:00,2026-08-17 20:00:00,72,20,14,4,8,26.5,92.0,7.9,947.4,0.0,146.61111111111111,-1.625,188.0,175.0,174.0,70.1,61.9,66.8,120.0
2026-08-14 21:00:00,2026-08-15 21:00:00,24,21,14,4,8,25.5,94.0,3.8,948.2,0.6,146.23611111111111,-1.7083333333333333,157.0,142.0,154.0,67.8,71.7,64.5,148.0
2026-08-14 21:00:00,2026-08-16 21:00:00,48,21,14,4,8,25.5,94.0,3.8,948.2,0.6,146.23611111111111,-1.7083333333333333,157.0,142.0,154.0,67.8,71.7,64.5,143.0
2026-08-14 21:00:00,2026-08-17 21:00:00,72,21,14,4,8,25.5,94.0,3.8,948.2,0.6,146.23611111111111,-1.7083333333333333,157.0,142.0,154.0,67.8,71.7,64.5,100.0
2026-08-14 22:00:00,2026-08-15 22:00:00,24,22,14,4,8,25.0,95.0,3.7,948.0,2.6,145.72222222222223,-1.6666666666666667,151.0,124.0,125.0,65.2,77.3,63.3,111.0
2026-08-14 22:00:00,2026-08-16 22:00:00,48,22,14,4,8,25.0,95.0,3.7,948.0,2.6,145.72222222222223,-1.6666666666666667,151.0,124.0,125.0,65.2,77.3,63.3,141.0
2026-08-14 22:00:00,2026-08-17 22:00:00,72,22,14,4,8,25.0,95.0,3.7,948.0,2.6,145.72222222222223,-1.6666666666666667,151.0,124.0,125.0,65.2,77.3,63.3,100.0
2026-08-14 23:00:00,2026-08-15 23:00:00,24,23,14,4,8,26.0,97.0,6.1,947.8,0.5,145.59722222222223,-1.4583333333333333,151.0,126.0,114.0,64.5,82.7,63.8,113.0
2026-08-14 23:00:00,2026-08-16 23:00:00,48,23,14,4,8,26.0,97.0,6.1,947.8,0.5,145.59722222222223,-1.4583333333333333,151.0,126.0,114.0,64.5,82.7,63.8,138.0
2026-08-14 23:00:00,2026-08-17 23:00:00,72,23,14,4,8,26.0,97.0,6.1,947.8,0.5,145.59722222222223,-1.4583333333333333,151.0,126.0,114.0,64.5,82.7,63.8,101.0
2026-08-15 00:00:00,2026-08-16 00:00:00,24,0,15,5,8,25.5,99.0,3.8,947.9,0.0,145.61111111111111,-1.5,150.0,128.0,116.0,60.8,84.1,62.9,116.0
2026-08-15 00:00:00,2026-08-17 00:00:00,48,0,15,5,8,25.5,99.0,3.8,947.9,0.0,145.61111111111111,-1.5,150.0,128.0,116.0,60.8,84.1,62.9,135.0
2026-08-15 00:00:00,2026-08-18 00:00:00,72,0,15,5,8,25.5,99.0,3.8,947.9,0.0,145.61111111111111,-1.5,150.0,128.0,116.0,60.8,84.1,62.9,102.0
2026-08-15 01:00:00,2026-08-16 01:00:00,24,1,15,5,8,25.4,99.0,2.3,947.4,0.0,145.58333333333334,-1.5,149.0,130.0,119.0,58.2,77.5,64.0,119.0
2026-08-15 01:00:00,2026-08-17 01:00:00,48,1,15,5,8,25.4,99.0,2.3,947.4,0.0,145.58333333333334,-1.5,149.0,130.0,119.0,58.2,77.5,64.0,131.0
2026-08-15 01:00:00,2026-08-18 01:00:00,72,1,15,5,8,25.4,99.0,2.3,947.4,0.0,145.58333333333334,-1.5,149.0,130.0,119.0,58.2,77.5,64.0,103.0
2026-08-15 02:00:00,2026-08-16 02:00:00,24,2,15,5,8,25.4,98.0,2.0,947.3,0.0,145.5,-1.5,147.0,131.0,122.0,55.3,72.2,60.5,123.0
2026-08-15 02:00:00,2026-08-17 02:00:00,48,2,15,5,8,25.4,98.0,2.0,947.3,0.0,145.5,-1.5,147.0,131.0,122.0,55.3,72.2,60.5,128.0
2026-08-15 02:00:00,2026-08-18 02:00:00,72,2,15,5,8,25.4,98.0,2.0,947.3,0.0,145.5,-1.5,147.0,131.0,122.0,55.3,72.2,60.5,103.0
2026-08-15 03:00:00,2026-08-16 03:00:00,24,3,15,5,8,24.3,97.0,7.5,947.9,0.8,145.34722222222223,-1.5,145.0,132.0,124.0,51.7,66.6,53.3,127.0
2026-08-15 03:00:00,2026-08-17 03:00:00,48,3,15,5,8,24.3,97.0,7.5,947.9,0.8,145.34722222222223,-1.5,145.0,132.0,124.0,51.7,66.6,53.3,125.0
2026-08-15 03:00:00,2026-08-18 03:00:00,72,3,15,5,8,24.3,97.0,7.5,947.9,0.8,145.34722222222223,-1.5,145.0,132.0,124.0,51.7,66.6,53.3,102.0
2026-08-15 04:00:00,2026-08-16 04:00:00,24,4,15,5,8,24.1,97.0,3.5,947.3,0.4,145.125,-1.5416666666666667,144.0,134.0,126.0,51.0,59.8,49.6,129.0
2026-08-15 04:00:00,2026-08-17 04:00:00,48,4,15,5,8,24.1,97.0,3.5,947.3,0.4,145.125,-1.5416666666666667,144.0,134.0,126.0,51.0,59.8,49.6,123.0
2026-08-15 04:00:00,2026-08-18 04:00:00,72,4,15,5,8,24.1,97.0,3.5,947.3,0.4,145.125,-1.5416666666666667,144.0,134.0,126.0,51.0,59.8,49.6,102.0
2026-08-15 05:00:00,2026-08-16 05:00:00,24,5,15,5,8,24.7,96.0,5.3,948.4,2.5,144.84722222222223,-1.5833333333333333,143.0,135.0,128.0,43.0,65.4,52.3,131.0
2026-08-15 05:00:00,2026-08-17 05:00:00,48,5,15,5,8,24.7,96.0,5.3,948.4,2.5,144.84722222222223,-1.5833333333333333,143.0,135.0,128.0,43.0,65.4,52.3,123.0
2026-08-15 05:00:00,2026-08-18 05:00:00,72,5,15,5,8,24.7,96.0,5.3,948.4,2.5,144.84722222222223,-1.5833333333333333,143.0,135.0,128.0,43.0,65.4,52.3,102.0
2026-08-15 06:00:00,2026-08-16 06:00:00,24,6,15,5,8,24.7,97.0,6.5,948.4,0.1,144.48611111111111,-1.7083333333333333,140.0,136.0,130.0,41.7,66.8,23.3,134.0
2026-08-15 06:00:00,2026-08-17 06:00:00,48,6,15,5,8,24.7,97.0,6.5,948.4,0.1,144.48611111111111,-1.7083333333333333,140.0,136.0,130.0,41.7,66.8,23.3,120.0
2026-08-15 06:00:00,2026-08-18 06:00:00,72,6,15,5,8,24.7,97.0,6.5,948.4,0.1,144.48611111111111,-1.7083333333333333,140.0,136.0,130.0,41.7,66.8,23.3,101.0
2026-08-15 07:00:00,2026-08-16 07:00:00,24,7,15,5,8,25.3,93.0,5.9,948.6,0.0,144.06944444444446,-1.6666666666666667,138.0,141.0,129.0,39.5,62.9,31.0,139.0
2026-08-15 07:00:00,2026-08-17 07:00:00,48,7,15,5,8,25.3,93.0,5.9,948.6,0.0,144.06944444444446,-1.6666666666666667,138.0,141.0,129.0,39.5,62.9,31.0,114.0
2026-08-15 07:00:00,2026-08-18 07:00:00,72,7,15,5,8,25.3,93.0,5.9,948.6,0.0,144.06944444444446,-1.6666666666666667,138.0,141.0,129.0,39.5,62.9,31.0,102.0
2026-08-15 08:00:00,2026-08-16 08:00:00,24,8,15,5,8,26.6,84.0,5.2,949.5,0.0,143.65277777777777,-1.625,135.0,144.0,130.0,22.1,40.5,33.3,142.0
2026-08-15 08:00:00,2026-08-17 08:00:00,48,8,15,5,8,26.6,84.0,5.2,949.5,0.0,143.65277777777777,-1.625,135.0,144.0,130.0,22.1,40.5,33.3,110.0
2026-08-15 08:00:00,2026-08-18 08:00:00,72,8,15,5,8,26.6,84.0,5.2,949.5,0.0,143.65277777777777,-1.625,135.0,144.0,130.0,22.1,40.5,33.3,103.0
2026-08-15 09:00:00,2026-08-16 09:00:00,24,9,15,5,8,27.9,79.0,6.0,949.8,0.0,143.20833333333334,-1.5416666666666667,133.0,145.0,130.0,19.2,39.1,28.9,144.0
2026-08-15 09:00:00,2026-08-17 09:00:00,48,9,15,5,8,27.9,79.0,6.0,949.8,0.0,143.20833333333334,-1.5416666666666667,133.0,145.0,130.0,19.2,39.1,28.9,107.0
2026-08-15 09:00:00,2026-08-18 09:00:00,72,9,15,5,8,27.9,79.0,6.0,949.8,0.0,143.20833333333334,-1.5416666666666667,133.0,145.0,130.0,19.2,39.1,28.9,104.0
2026-08-15 10:00:00,2026-08-16 10:00:00,24,10,15,5,8,29.2,75.0,2.0,949.9,0.0,142.77777777777777,-1.4166666666666667,131.0,146.0,131.0,23.6,39.0,27.6,146.0
2026-08-15 10:00:00,2026-08-17 10:00:00,48,10,15,5,8,29.2,75.0,2.0,949.9,0.0,142.77777777777777,-1.4166666666666667,131.0,146.0,131.0,23.6,39.0,27.6,106.0
2026-08-15 10:00:00,2026-08-18 10:00:00,72,10,15,5,8,29.2,75.0,2.0,949.9,0.0,142.77777777777777,-1.4166666666666667,131.0,146.0,131.0,23.6,39.0,27.6,104.0
2026-08-15 11:00:00,2026-08-16 11:00:00,24,11,15,5,8,30.6,68.0,0.7,949.7,0.0,142.33333333333334,-1.3333333333333333,130.0,147.0,131.0,23.7,39.2,31.1,148.0
2026-08-15 11:00:00,2026-08-17 11:00:00,48,11,15,5,8,30.6,68.0,0.7,949.7,0.0,142.33333333333334,-1.3333333333333333,130.0,147.0,131.0,23.7,39.2,31.1,104.0
2026-08-15 11:00:00,2026-08-18 11:00:00,72,11,15,5,8,30.6,68.0,0.7,949.7,0.0,142.33333333333334,-1.3333333333333333,130.0,147.0,131.0,23.7,39.2,31.1,103.0
2026-08-15 12:00:00,2026-08-16 12:00:00,24,12,15,5,8,32.0,63.0,4.7,949.3,0.0,141.88888888888889,-1.2916666666666667,128.0,148.0,131.0,29.9,39.0,36.0,148.0
2026-08-15 12:00:00,2026-08-17 12:00:00,48,12,15,5,8,32.0,63.0,4.7,949.3,0.0,141.88888888888889,-1.2916666666666667,128.0,148.0,131.0,29.9,39.0,36.0,103.0
2026-08-15 12:00:00,2026-08-18 12:00:00,72,12,15,5,8,32.0,63.0,4.7,949.3,0.0,141.88888888888889,-1.2916666666666667,128.0,148.0,131.0,29.9,39.0,36.0,103.0
2026-08-15 13:00:00,2026-08-16 13:00:00,24,13,15,5,8,32.6,60.0,7.3,948.7,0.1,141.45833333333334,-1.1666666666666667,127.0,148.0,130.0,32.4,38.9,39.1,148.0
2026-08-15 13:00:00,2026-08-17 13:00:00,48,13,15,5,8,32.6,60.0,7.3,948.7,0.1,141.45833333333334,-1.1666666666666667,127.0,148.0,130.0,32.4,38.9,39.1,103.0
2026-08-15 13:00:00,2026-08-18 13:00:00,72,13,15,5,8,32.6,60.0,7.3,948.7,0.1,141.45833333333334,-1.1666666666666667,127.0,148.0,130.0,32.4,38.9,39.1,102.0
2026-08-15 14:00:00,2026-08-16 14:00:00,24,14,15,5,8,33.0,59.0,8.6,948.0,0.1,141.06944444444446,-1.0416666666666667,126.0,155.0,132.0,35.9,39.1,39.2,148.0
2026-08-15 14:00:00,2026-08-17 14:00:00,48,14,15,5,8,33.0,59.0,8.6,948.0,0.1,141.06944444444446,-1.0416666666666667,126.0,155.0,132.0,35.9,39.1,39.2,102.0
2026-08-15 14:00:00,2026-08-18 14:00:00,72,14,15,5,8,33.0,59.0,8.6,948.0,0.1,141.06944444444446,-1.0416666666666667,126.0,155.0,132.0,35.9,39.1,39.2,102.0
2026-08-15 15:00:00,2026-08-16 15:00:00,24,15,15,5,8,33.2,59.0,7.6,946.9,0.0,140.77777777777777,-0.625,128.0,181.0,155.0,38.4,39.2,38.3,151.0
2026-08-15 15:00:00,2026-08-17 15:00:00,48,15,15,5,8,33.2,59.0,7.6,946.9,0.0,140.77777777777777,-0.625,128.0,181.0,155.0,38.4,39.2,38.3,121.0
2026-08-15 15:00:00,2026-08-18 15:00:00,72,15,15,5,8,33.2,59.0,7.6,946.9,0.0,140.77777777777777,-0.625,128.0,181.0,155.0,38.4,39.2,38.3,112.0
2026-08-15 16:00:00,2026-08-16 16:00:00,24,16,15,5,8,33.1,58.0,6.9,946.2,0.0,140.625,0.6666666666666666,153.0,200.0,174.0,39.3,39.6,37.3,164.0
2026-08-15 16:00:00,2026-08-17 16:00:00,48,16,15,5,8,33.1,58.0,6.9,946.2,0.0,140.625,0.6666666666666666,153.0,200.0,174.0,39.3,39.6,37.3,140.0
2026-08-15 16:00:00,2026-08-18 16:00:00,72,16,15,5,8,33.1,58.0,6.9,946.2,0.0,140.625,0.6666666666666666,153.0,200.0,174.0,39.3,39.6,37.3,135.0
2026-08-15 17:00:00,2026-08-16 17:00:00,24,17,15,5,8,32.4,65.0,8.5,945.8,0.0,140.56944444444446,0.7083333333333334,168.0,206.0,192.0,32.7,47.1,29.9,169.0
2026-08-15 17:00:00,2026-08-17 17:00:00,48,17,15,5,8,32.4,65.0,8.5,945.8,0.0,140.56944444444446,0.7083333333333334,168.0,206.0,192.0,32.7,47.1,29.9,152.0
2026-08-15 17:00:00,2026-08-18 17:00:00,72,17,15,5,8,32.4,65.0,8.5,945.8,0.0,140.56944444444446,0.7083333333333334,168.0,206.0,192.0,32.7,47.1,29.9,155.0
2026-08-15 18:00:00,2026-08-16 18:00:00,24,18,15,5,8,31.2,73.0,5.2,945.5,0.0,140.56944444444446,1.0,171.0,208.0,200.0,34.3,56.2,37.1,169.0
2026-08-15 18:00:00,2026-08-17 18:00:00,48,18,15,5,8,31.2,73.0,5.2,945.5,0.0,140.56944444444446,1.0,171.0,208.0,200.0,34.3,56.2,37.1,153.0
2026-08-15 18:00:00,2026-08-18 18:00:00,72,18,15,5,8,31.2,73.0,5.2,945.5,0.0,140.56944444444446,1.0,171.0,208.0,200.0,34.3,56.2,37.1,165.0
2026-08-15 19:00:00,2026-08-16 19:00:00,24,19,15,5,8,29.7,82.0,2.7,945.5,0.0,140.58333333333334,1.25,165.0,204.0,195.0,39.1,65.4,48.8,160.0
2026-08-15 19:00:00,2026-08-17 19:00:00,48,19,15,5,8,29.7,82.0,2.7,945.5,0.0,140.58333333333334,1.25,165.0,204.0,195.0,39.1,65.4,48.8,143.0
2026-08-15 19:00:00,2026-08-18 19:00:00,72,19,15,5,8,29.7,82.0,2.7,945.5,0.0,140.58333333333334,1.25,165.0,204.0,195.0,39.1,65.4,48.8,163.0
2026-08-15 20:00:00,2026-08-16 20:00:00,24,20,15,5,8,28.8,86.0,2.4,945.8,0.0,140.625,1.375,147.0,188.0,175.0,47.4,70.1,61.9,144.0
2026-08-15 20:00:00,2026-08-17 20:00:00,48,20,15,5,8,28.8,86.0,2.4,945.8,0.0,140.625,1.375,147.0,188.0,175.0,47.4,70.1,61.9,120.0
2026-08-15 20:00:00,2026-08-18 20:00:00,72,20,15,5,8,28.8,86.0,2.4,945.8,0.0,140.625,1.375,147.0,188.0,175.0,47.4,70.1,61.9,149.0
2026-08-15 21:00:00,2026-08-16 21:00:00,24,21,15,5,8,28.2,88.0,1.1,946.4,0.0,140.66666666666666,1.2916666666666667,117.0,157.0,142.0,53.9,67.8,71.7,143.0
2026-08-15 21:00:00,2026-08-17 21:00:00,48,21,15,5,8,28.2,88.0,1.1,946.4,0.0,140.66666666666666,1.2916666666666667,117.0,157.0,142.0,53.9,67.8,71.7,100.0
2026-08-15 21:00:00,2026-08-18 21:00:00,72,21,15,5,8,28.2,88.0,1.1,946.4,0.0,140.66666666666666,1.2916666666666667,117.0,157.0,142.0,53.9,67.8,71.7,120.0
2026-08-15 22:00:00,2026-08-16 22:00:00,24,22,15,5,8,27.7,90.0,0.9,946.8,0.0,140.75,1.2916666666666667,116.0,151.0,124.0,55.2,65.2,77.3,141.0
2026-08-15 22:00:00,2026-08-17 22:00:00,48,22,15,5,8,27.7,90.0,0.9,946.8,0.0,140.75,1.2916666666666667,116.0,151.0,124.0,55.2,65.2,77.3,100.0
2026-08-15 22:00:00,2026-08-18 22:00:00,72,22,15,5,8,27.7,90.0,0.9,946.8,0.0,140.75,1.2916666666666667,116.0,151.0,124.0,55.2,65.2,77.3,108.0
2026-08-15 23:00:00,2026-08-16 23:00:00,24,23,15,5,8,28.5,83.0,4.2,946.3,0.0,140.56944444444446,-0.20833333333333334,115.0,151.0,126.0,53.7,64.5,82.7,138.0
2026-08-15 23:00:00,2026-08-17 23:00:00,48,23,15,5,8,28.5,83.0,4.2,946.3,0.0,140.56944444444446,-0.20833333333333334,115.0,151.0,126.0,53.7,64.5,82.7,101.0
2026-08-15 23:00:00,2026-08-18 23:00:00,72,23,15,5,8,28.5,83.0,4.2,946.3,0.0,140.56944444444446,-0.20833333333333334,115.0,151.0,126.0,53.7,64.5,82.7,109.0
2026-08-16 00:00:00,2026-08-17 00:00:00,24,0,16,6,8,27.3,84.0,8.3,946.0,0.0,140.38888888888889,-0.08333333333333333,114.0,150.0,128.0,54.7,60.8,84.1,135.0
2026-08-16 00:00:00,2026-08-18 00:00:00,48,0,16,6,8,27.3,84.0,8.3,946.0,0.0,140.38888888888889,-0.08333333333333333,114.0,150.0,128.0,54.7,60.8,84.1,102.0
2026-08-16 00:00:00,2026-08-19 00:00:00,72,0,16,6,8,27.3,84.0,8.3,946.0,0.0,140.38888888888889,-0.08333333333333333,114.0,150.0,128.0,54.7,60.8,84.1,109.0
2026-08-16 01:00:00,2026-08-17 01:00:00,24,1,16,6,8,26.6,86.0,8.4,945.8,0.4,140.22222222222223,0.08333333333333333,113.0,149.0,130.0,38.0,58.2,77.5,131.0
2026-08-16 01:00:00,2026-08-18 01:00:00,48,1,16,6,8,26.6,86.0,8.4,945.8,0.4,140.22222222222223,0.08333333333333333,113.0,149.0,130.0,38.0,58.2,77.5,103.0
2026-08-16 01:00:00,2026-08-19 01:00:00,72,1,16,6,8,26.6,86.0,8.4,945.8,0.4,140.22222222222223,0.08333333333333333,113.0,149.0,130.0,38.0,58.2,77.5,110.0
2026-08-16 02:00:00,2026-08-17 02:00:00,24,2,16,6,8,25.1,94.0,6.3,945.6,1.1,140.06944444444446,0.25,111.0,147.0,131.0,31.5,55.3,72.2,128.0
2026-08-16 02:00:00,2026-08-18 02:00:00,48,2,16,6,8,25.1,94.0,6.3,945.6,1.1,140.06944444444446,0.25,111.0,147.0,131.0,31.5,55.3,72.2,103.0
2026-08-16 02:00:00,2026-08-19 02:00:00,72,2,16,6,8,25.1,94.0,6.3,945.6,1.1,140.06944444444446,0.25,111.0,147.0,131.0,31.5,55.3,72.2,111.0
2026-08-16 03:00:00,2026-08-17 03:00:00,24,3,16,6,8,24.8,97.0,6.2,945.8,0.2,139.95833333333334,0.5,108.0,145.0,132.0,27.9,51.7,66.6,125.0
2026-08-16 03:00:00,2026-08-18 03:00:00,48,3,16,6,8,24.8,97.0,6.2,945.8,0.2,139.95833333333334,0.5,108.0,145.0,132.0,27.9,51.7,66.6,102.0
2026-08-16 03:00:00,2026-08-19 03:00:00,72,3,16,6,8,24.8,97.0,6.2,945.8,0.2,139.95833333333334,0.5,108.0,145.0,132.0,27.9,51.7,66.6,114.0
2026-08-16 04:00:00,2026-08-17 04:00:00,24,4,16,6,8,24.7,96.0,7.8,945.6,0.1,139.88888888888889,0.7916666666666666,106.0,144.0,134.0,10.1,51.0,59.8,123.0
2026-08-16 04:00:00,2026-08-18 04:00:00,48,4,16,6,8,24.7,96.0,7.8,945.6,0.1,139.88888888888889,0.7916666666666666,106.0,144.0,134.0,10.1,51.0,59.8,102.0
2026-08-16 04:00:00,2026-08-19 04:00:00,72,4,16,6,8,24.7,96.0,7.8,945.6,0.1,139.88888888888889,0.7916666666666666,106.0,144.0,134.0,10.1,51.0,59.8,117.0
2026-08-16 05:00:00,2026-08-17 05:00:00,24,5,16,6,8,24.5,98.0,9.3,945.3,0.0,139.81944444444446,0.9583333333333334,102.0,143.0,135.0,29.1,43.0,65.4,123.0
2026-08-16 05:00:00,2026-08-18 05:00:00,48,5,16,6,8,24.5,98.0,9.3,945.3,0.0,139.81944444444446,0.9583333333333334,102.0,143.0,135.0,29.1,43.0,65.4,102.0
2026-08-16 05:00:00,2026-08-19 05:00:00,72,5,16,6,8,24.5,98.0,9.3,945.3,0.0,139.81944444444446,0.9583333333333334,102.0,143.0,135.0,29.1,43.0,65.4,120.0
2026-08-16 06:00:00,2026-08-17 06:00:00,24,6,16,6,8,24.8,94.0,8.4,945.0,0.1,139.76388888888889,1.2083333333333333,100.0,140.0,136.0,28.8,41.7,66.8,120.0
2026-08-16 06:00:00,2026-08-18 06:00:00,48,6,16,6,8,24.8,94.0,8.4,945.0,0.1,139.76388888888889,1.2083333333333333,100.0,140.0,136.0,28.8,41.7,66.8,101.0
2026-08-16 06:00:00,2026-08-19 06:00:00,72,6,16,6,8,24.8,94.0,8.4,945.0,0.1,139.76388888888889,1.2083333333333333,100.0,140.0,136.0,28.8,41.7,66.8,121.0
2026-08-16 07:00:00,2026-08-17 07:00:00,24,7,16,6,8,26.0,92.0,3.1,945.3,0.0,139.73611111111111,1.4166666666666667,99.0,138.0,141.0,28.3,39.5,62.9,114.0
2026-08-16 07:00:00,2026-08-18 07:00:00,48,7,16,6,8,26.0,92.0,3.1,945.3,0.0,139.73611111111111,1.4166666666666667,99.0,138.0,141.0,28.3,39.5,62.9,102.0
2026-08-16 07:00:00,2026-08-19 07:00:00,72,7,16,6,8,26.0,92.0,3.1,945.3,0.0,139.73611111111111,1.4166666666666667,99.0,138.0,141.0,28.3,39.5,62.9,122.0
2026-08-16 08:00:00,2026-08-17 08:00:00,24,8,16,6,8,27.5,87.0,3.6,946.0,0.0,139.70833333333334,1.6666666666666667,98.0,135.0,144.0,26.2,22.1,40.5,110.0
2026-08-16 08:00:00,2026-08-18 08:00:00,48,8,16,6,8,27.5,87.0,3.6,946.0,0.0,139.70833333333334,1.6666666666666667,98.0,135.0,144.0,26.2,22.1,40.5,103.0
2026-08-16 08:00:00,2026-08-19 08:00:00,72,8,16,6,8,27.5,87.0,3.6,946.0,0.0,139.70833333333334,1.6666666666666667,98.0,135.0,144.0,26.2,22.1,40.5,122.0
2026-08-16 09:00:00,2026-08-17 09:00:00,24,9,16,6,8,29.2,78.0,5.2,946.5,0.0,139.68055555555554,1.8333333333333333,99.0,133.0,145.0,24.9,19.2,39.1,107.0
2026-08-16 09:00:00,2026-08-18 09:00:00,48,9,16,6,8,29.2,78.0,5.2,946.5,0.0,139.68055555555554,1.8333333333333333,99.0,133.0,145.0,24.9,19.2,39.1,104.0
2026-08-16 09:00:00,2026-08-19 09:00:00,72,9,16,6,8,29.2,78.0,5.2,946.5,0.0,139.68055555555554,1.8333333333333333,99.0,133.0,145.0,24.9,19.2,39.1,122.0
2026-08-16 10:00:00,2026-08-17 10:00:00,24,10,16,6,8,30.6,72.0,5.4,946.6,0.0,139.66666666666666,1.875,99.0,131.0,146.0,28.9,23.6,39.0,106.0
2026-08-16 10:00:00,2026-08-18 10:00:00,48,10,16,6,8,30.6,72.0,5.4,946.6,0.0,139.66666666666666,1.875,99.0,131.0,146.0,28.9,23.6,39.0,104.0
2026-08-16 10:00:00,2026-08-19 10:00:00,72,10,16,6,8,30.6,72.0,5.4,946.6,0.0,139.66666666666666,1.875,99.0,131.0,146.0,28.9,23.6,39.0,121.0
2026-08-16 11:00:00,2026-08-17 11:00:00,24,11,16,6,8,30.5,69.0,7.1,946.7,0.1,139.66666666666666,1.9583333333333333,99.0,130.0,147.0,35.2,23.7,39.2,104.0
2026-08-16 11:00:00,2026-08-18 11:00:00,48,11,16,6,8,30.5,69.0,7.1,946.7,0.1,139.66666666666666,1.9583333333333333,99.0,130.0,147.0,35.2,23.7,39.2,103.0
2026-08-16 11:00:00,2026-08-19 11:00:00,72,11,16,6,8,30.5,69.0,7.1,946.7,0.1,139.66666666666666,1.9583333333333333,99.0,130.0,147.0,35.2,23.7,39.2,121.0
2026-08-16 12:00:00,2026-08-17 12:00:00,24,12,16,6,8,31.9,64.0,6.5,947.0,0.1,139.68055555555554,2.0416666666666665,100.0,128.0,148.0,40.9,29.9,39.0,103.0
2026-08-16 12:00:00,2026-08-18 12:00:00,48,12,16,6,8,31.9,64.0,6.5,947.0,0.1,139.68055555555554,2.0416666666666665,100.0,128.0,148.0,40.9,29.9,39.0,103.0
2026-08-16 12:00:00,2026-08-19 12:00:00,72,12,16,6,8,31.9,64.0,6.5,947.0,0.1,139.68055555555554,2.0416666666666665,100.0,128.0,148.0,40.9,29.9,39.0,121.0
2026-08-16 13:00:00,2026-08-17 13:00:00,24,13,16,6,8,32.4,63.0,6.0,946.2,0.2,139.68055555555554,2.0,102.0,127.0,148.0,43.1,32.4,38.9,103.0
2026-08-16 13:00:00,2026-08-18 13:00:00,48,13,16,6,8,32.4,63.0,6.0,946.2,0.2,139.68055555555554,2.0,102.0,127.0,148.0,43.1,32.4,38.9,102.0
2026-08-16 13:00:00,2026-08-19 13:00:00,72,13,16,6,8,32.4,63.0,6.0,946.2,0.2,139.68055555555554,2.0,102.0,127.0,148.0,43.1,32.4,38.9,122.0
2026-08-16 14:00:00,2026-08-17 14:00:00,24,14,16,6,8,32.6,63.0,6.6,945.6,0.1,139.68055555555554,1.9166666666666667,111.0,126.0,155.0,44.0,35.9,39.1,102.0
2026-08-16 14:00:00,2026-08-18 14:00:00,48,14,16,6,8,32.6,63.0,6.6,945.6,0.1,139.68055555555554,1.9166666666666667,111.0,126.0,155.0,44.0,35.9,39.1,102.0
2026-08-16 14:00:00,2026-08-19 14:00:00,72,14,16,6,8,32.6,63.0,6.6,945.6,0.1,139.68055555555554,1.9166666666666667,111.0,126.0,155.0,44.0,35.9,39.1,123.0
2026-08-16 15:00:00,2026-08-17 15:00:00,24,15,16,6,8,29.9,75.0,11.3,945.2,1.1,139.58333333333334,1.5416666666666667,144.0,128.0,181.0,42.8,38.4,39.2,121.0
2026-08-16 15:00:00,2026-08-18 15:00:00,48,15,16,6,8,29.9,75.0,11.3,945.2,1.1,139.58333333333334,1.5416666666666667,144.0,128.0,181.0,42.8,38.4,39.2,112.0
2026-08-16 15:00:00,2026-08-19 15:00:00,72,15,16,6,8,29.9,75.0,11.3,945.2,1.1,139.58333333333334,1.5416666666666667,144.0,128.0,181.0,42.8,38.4,39.2,123.0
2026-08-16 16:00:00,2026-08-17 16:00:00,24,16,16,6,8,29.7,78.0,6.1,945.4,1.4,139.16666666666666,0.2916666666666667,170.0,153.0,200.0,42.1,39.3,39.6,140.0
2026-08-16 16:00:00,2026-08-18 16:00:00,48,16,16,6,8,29.7,78.0,6.1,945.4,1.4,139.16666666666666,0.2916666666666667,170.0,153.0,200.0,42.1,39.3,39.6,135.0
2026-08-16 16:00:00,2026-08-19 16:00:00,72,16,16,6,8,29.7,78.0,6.1,945.4,1.4,139.16666666666666,0.2916666666666667,170.0,153.0,200.0,42.1,39.3,39.6,124.0
2026-08-16 17:00:00,2026-08-17 17:00:00,24,17,16,6,8,32.0,67.0,10.8,945.0,0.6,138.66666666666666,-0.25,192.0,168.0,206.0,41.8,32.7,47.1,152.0
2026-08-16 17:00:00,2026-08-18 17:00:00,48,17,16,6,8,32.0,67.0,10.8,945.0,0.6,138.66666666666666,-0.25,192.0,168.0,206.0,41.8,32.7,47.1,155.0
2026-08-16 17:00:00,2026-08-19 17:00:00,72,17,16,6,8,32.0,67.0,10.8,945.0,0.6,138.66666666666666,-0.25,192.0,168.0,206.0,41.8,32.7,47.1,125.0
2026-08-16 18:00:00,2026-08-17 18:00:00,24,18,16,6,8,30.6,76.0,9.8,944.9,0.0,138.15277777777777,-0.9583333333333334,201.0,171.0,208.0,45.4,34.3,56.2,153.0
2026-08-16 18:00:00,2026-08-18 18:00:00,48,18,16,6,8,30.6,76.0,9.8,944.9,0.0,138.15277777777777,-0.9583333333333334,201.0,171.0,208.0,45.4,34.3,56.2,165.0
2026-08-16 18:00:00,2026-08-19 18:00:00,72,18,16,6,8,30.6,76.0,9.8,944.9,0.0,138.15277777777777,-0.9583333333333334,201.0,171.0,208.0,45.4,34.3,56.2,124.0
2026-08-16 19:00:00,2026-08-17 19:00:00,24,19,16,6,8,29.6,81.0,8.9,944.9,0.0,137.61111111111111,-1.3333333333333333,198.0,165.0,204.0,55.8,39.1,65.4,143.0
2026-08-16 19:00:00,2026-08-18 19:00:00,48,19,16,6,8,29.6,81.0,8.9,944.9,0.0,137.61111111111111,-1.3333333333333333,198.0,165.0,204.0,55.8,39.1,65.4,163.0
2026-08-16 19:00:00,2026-08-19 19:00:00,72,19,16,6,8,29.6,81.0,8.9,944.9,0.0,137.61111111111111,-1.3333333333333333,198.0,165.0,204.0,55.8,39.1,65.4,122.0
2026-08-16 20:00:00,2026-08-17 20:00:00,24,20,16,6,8,28.7,83.0,9.1,945.7,0.0,137.0,-1.5833333333333333,178.0,147.0,188.0,63.3,47.4,70.1,120.0
2026-08-16 20:00:00,2026-08-18 20:00:00,48,20,16,6,8,28.7,83.0,9.1,945.7,0.0,137.0,-1.5833333333333333,178.0,147.0,188.0,63.3,47.4,70.1,149.0
2026-08-16 20:00:00,2026-08-19 20:00:00,72,20,16,6,8,28.7,83.0,9.1,945.7,0.0,137.0,-1.5833333333333333,178.0,147.0,188.0,63.3,47.4,70.1,121.0
2026-08-16 21:00:00,2026-08-17 21:00:00,24,21,16,6,8,28.0,87.0,7.2,946.5,0.0,136.38888888888889,-1.4166666666666667,148.0,117.0,157.0,66.4,53.9,67.8,100.0
2026-08-16 21:00:00,2026-08-18 21:00:00,48,21,16,6,8,28.0,87.0,7.2,946.5,0.0,136.38888888888889,-1.4166666666666667,148.0,117.0,157.0,66.4,53.9,67.8,120.0
2026-08-16 21:00:00,2026-08-19 21:00:00,72,21,16,6,8,28.0,87.0,7.2,946.5,0.0,136.38888888888889,-1.4166666666666667,148.0,117.0,157.0,66.4,53.9,67.8,119.0
2026-08-16 22:00:00,2026-08-17 22:00:00,24,22,16,6,8,27.4,90.0,5.1,947.1,0.0,136.19444444444446,-0.20833333333333334,111.0,116.0,151.0,73.1,55.2,65.2,100.0
2026-08-16 22:00:00,2026-08-18 22:00:00,48,22,16,6,8,27.4,90.0,5.1,947.1,0.0,136.19444444444446,-0.20833333333333334,111.0,116.0,151.0,73.1,55.2,65.2,108.0
2026-08-16 22:00:00,2026-08-19 22:00:00,72,22,16,6,8,27.4,90.0,5.1,947.1,0.0,136.19444444444446,-0.20833333333333334,111.0,116.0,151.0,73.1,55.2,65.2,118.0
2026-08-16 23:00:00,2026-08-17 23:00:00,24,23,16,6,8,28.4,87.0,7.2,946.7,0.0,136.05555555555554,1.25,113.0,115.0,151.0,81.0,53.7,64.5,101.0
2026-08-16 23:00:00,2026-08-18 23:00:00,48,23,16,6,8,28.4,87.0,7.2,946.7,0.0,136.05555555555554,1.25,113.0,115.0,151.0,81.0,53.7,64.5,109.0
2026-08-16 23:00:00,2026-08-19 23:00:00,72,23,16,6,8,28.4,87.0,7.2,946.7,0.0,136.05555555555554,1.25,113.0,115.0,151.0,81.0,53.7,64.5,117.0
2026-08-17 00:00:00,2026-08-18 00:00:00,24,0,17,0,8,27.8,89.0,6.7,946.3,0.0,135.875,1.0416666666666667,116.0,114.0,150.0,85.4,54.7,60.8,102.0
2026-08-17 00:00:00,2026-08-19 00:00:00,48,0,17,0,8,27.8,89.0,6.7,946.3,0.0,135.875,1.0416666666666667,116.0,114.0,150.0,85.4,54.7,60.8,109.0
2026-08-17 00:00:00,2026-08-20 00:00:00,72,0,17,0,8,27.8,89.0,6.7,946.3,0.0,135.875,1.0416666666666667,116.0,114.0,150.0,85.4,54.7,60.8,117.0
2026-08-17 01:00:00,2026-08-18 01:00:00,24,1,17,0,8,27.6,91.0,1.8,946.0,0.3,135.66666666666666,0.7916666666666666,119.0,113.0,149.0,78.9,38.0,58.2,103.0
2026-08-17 01:00:00,2026-08-19 01:00:00,48,1,17,0,8,27.6,91.0,1.8,946.0,0.3,135.66666666666666,0.7916666666666666,119.0,113.0,149.0,78.9,38.0,58.2,110.0
2026-08-17 01:00:00,2026-08-20 01:00:00,72,1,17,0,8,27.6,91.0,1.8,946.0,0.3,135.66666666666666,0.7916666666666666,119.0,113.0,149.0,78.9,38.0,58.2,116.0
2026-08-17 02:00:00,2026-08-18 02:00:00,24,2,17,0,8,27.0,92.0,6.2,945.7,0.1,135.41666666666666,0.5,123.0,111.0,147.0,64.3,31.5,55.3,103.0
2026-08-17 02:00:00,2026-08-19 02:00:00,48,2,17,0,8,27.0,92.0,6.2,945.7,0.1,135.41666666666666,0.5,123.0,111.0,147.0,64.3,31.5,55.3,111.0
2026-08-17 02:00:00,2026-08-20 02:00:00,72,2,17,0,8,27.0,92.0,6.2,945.7,0.1,135.41666666666666,0.5,123.0,111.0,147.0,64.3,31.5,55.3,115.0
2026-08-17 03:00:00,2026-08-18 03:00:00,24,3,17,0,8,26.4,94.0,4.5,945.6,0.2,135.15277777777777,0.20833333333333334,127.0,108.0,145.0,50.1,27.9,51.7,102.0
2026-08-17 03:00:00,2026-08-19 03:00:00,48,3,17,0,8,26.4,94.0,4.5,945.6,0.2,135.15277777777777,0.20833333333333334,127.0,108.0,145.0,50.1,27.9,51.7,114.0
2026-08-17 03:00:00,2026-08-20 03:00:00,72,3,17,0,8,26.4,94.0,4.5,945.6,0.2,135.15277777777777,0.20833333333333334,127.0,108.0,145.0,50.1,27.9,51.7,112.0
2026-08-17 04:00:00,2026-08-18 04:00:00,24,4,17,0,8,24.1,97.0,15.5,946.6,5.4,134.875,-0.08333333333333333,129.0,106.0,144.0,30.6,10.1,51.0,102.0
2026-08-17 04:00:00,2026-08-19 04:00:00,48,4,17,0,8,24.1,97.0,15.5,946.6,5.4,134.875,-0.08333333333333333,129.0,106.0,144.0,30.6,10.1,51.0,117.0
2026-08-17 04:00:00,2026-08-20 04:00:00,72,4,17,0,8,24.1,97.0,15.5,946.6,5.4,134.875,-0.08333333333333333,129.0,106.0,144.0,30.6,10.1,51.0,108.0
2026-08-17 05:00:00,2026-08-18 05:00:00,24,5,17,0,8,24.0,97.0,9.8,945.5,1.4,134.58333333333334,-0.25,131.0,102.0,143.0,60.5,29.1,43.0,102.0
2026-08-17 05:00:00,2026-08-19 05:00:00,48,5,17,0,8,24.0,97.0,9.8,945.5,1.4,134.58333333333334,-0.25,131.0,102.0,143.0,60.5,29.1,43.0,120.0
2026-08-17 05:00:00,2026-08-20 05:00:00,72,5,17,0,8,24.0,97.0,9.8,945.5,1.4,134.58333333333334,-0.25,131.0,102.0,143.0,60.5,29.1,43.0,104.0
2026-08-17 06:00:00,2026-08-18 06:00:00,24,6,17,0,8,24.3,96.0,6.7,945.7,0.2,134.30555555555554,-0.3333333333333333,134.0,100.0,140.0,70.5,28.8,41.7,101.0
2026-08-17 06:00:00,2026-08-19 06:00:00,48,6,17,0,8,24.3,96.0,6.7,945.7,0.2,134.30555555555554,-0.3333333333333333,134.0,100.0,140.0,70.5,28.8,41.7,121.0
2026-08-17 06:00:00,2026-08-20 06:00:00,72,6,17,0,8,24.3,96.0,6.7,945.7,0.2,134.30555555555554,-0.3333333333333333,134.0,100.0,140.0,70.5,28.8,41.7,103.0
2026-08-17 07:00:00,2026-08-18 07:00:00,24,7,17,0,8,25.6,93.0,3.9,945.8,0.0,134.02777777777777,-0.5833333333333334,139.0,99.0,138.0,60.1,28.3,39.5,102.0
2026-08-17 07:00:00,2026-08-19 07:00:00,48,7,17,0,8,25.6,93.0,3.9,945.8,0.0,134.02777777777777,-0.5833333333333334,139.0,99.0,138.0,60.1,28.3,39.5,122.0
2026-08-17 07:00:00,2026-08-20 07:00:00,72,7,17,0,8,25.6,93.0,3.9,945.8,0.0,134.02777777777777,-0.5833333333333334,139.0,99.0,138.0,60.1,28.3,39.5,101.0
2026-08-17 08:00:00,2026-08-18 08:00:00,24,8,17,0,8,27.3,87.0,2.8,946.2,0.0,133.69444444444446,-1.0416666666666667,142.0,98.0,135.0,47.1,26.2,22.1,103.0
2026-08-17 08:00:00,2026-08-19 08:00:00,48,8,17,0,8,27.3,87.0,2.8,946.2,0.0,133.69444444444446,-1.0416666666666667,142.0,98.0,135.0,47.1,26.2,22.1,122.0
2026-08-17 08:00:00,2026-08-20 08:00:00,72,8,17,0,8,27.3,87.0,2.8,946.2,0.0,133.69444444444446,-1.0416666666666667,142.0,98.0,135.0,47.1,26.2,22.1,101.0
2026-08-17 09:00:00,2026-08-18 09:00:00,24,9,17,0,8,28.5,75.0,9.4,947.2,0.2,133.34722222222223,-1.3333333333333333,144.0,99.0,133.0,43.7,24.9,19.2,104.0
2026-08-17 09:00:00,2026-08-19 09:00:00,48,9,17,0,8,28.5,75.0,9.4,947.2,0.2,133.34722222222223,-1.3333333333333333,144.0,99.0,133.0,43.7,24.9,19.2,122.0
2026-08-17 09:00:00,2026-08-20 09:00:00,72,9,17,0,8,28.5,75.0,9.4,947.2,0.2,133.34722222222223,-1.3333333333333333,144.0,99.0,133.0,43.7,24.9,19.2,101.0
2026-08-17 10:00:00,2026-08-18 10:00:00,24,10,17,0,8,28.6,80.0,3.3,947.5,0.7,132.98611111111111,-1.5416666666666667,146.0,99.0,131.0,43.0,28.9,23.6,104.0
2026-08-17 10:00:00,2026-08-19 10:00:00,48,10,17,0,8,28.6,80.0,3.3,947.5,0.7,132.98611111111111,-1.5416666666666667,146.0,99.0,131.0,43.0,28.9,23.6,121.0
2026-08-17 10:00:00,2026-08-20 10:00:00,72,10,17,0,8,28.6,80.0,3.3,947.5,0.7,132.98611111111111,-1.5416666666666667,146.0,99.0,131.0,43.0,28.9,23.6,102.0
2026-08-17 11:00:00,2026-08-18 11:00:00,24,11,17,0,8,30.3,71.0,6.7,947.9,0.4,132.63888888888889,-1.6666666666666667,148.0,99.0,130.0,41.2,35.2,23.7,103.0
2026-08-17 11:00:00,2026-08-19 11:00:00,48,11,17,0,8,30.3,71.0,6.7,947.9,0.4,132.63888888888889,-1.6666666666666667,148.0,99.0,130.0,41.2,35.2,23.7,121.0
2026-08-17 11:00:00,2026-08-20 11:00:00,72,11,17,0,8,30.3,71.0,6.7,947.9,0.4,132.63888888888889,-1.6666666666666667,148.0,99.0,130.0,41.2,35.2,23.7,102.0
2026-08-17 12:00:00,2026-08-18 12:00:00,24,12,17,0,8,31.4,68.0,6.6,947.3,0.1,132.27777777777777,-1.8333333333333333,148.0,100.0,128.0,38.8,40.9,29.9,103.0
2026-08-17 12:00:00,2026-08-19 12:00:00,48,12,17,0,8,31.4,68.0,6.6,947.3,0.1,132.27777777777777,-1.8333333333333333,148.0,100.0,128.0,38.8,40.9,29.9,121.0
2026-08-17 12:00:00,2026-08-20 12:00:00,72,12,17,0,8,31.4,68.0,6.6,947.3,0.1,132.27777777777777,-1.8333333333333333,148.0,100.0,128.0,38.8,40.9,29.9,102.0
2026-08-17 13:00:00,2026-08-18 13:00:00,24,13,17,0,8,32.2,65.0,7.5,946.9,0.1,131.93055555555554,-1.875,148.0,102.0,127.0,38.9,43.1,32.4,102.0
2026-08-17 13:00:00,2026-08-19 13:00:00,48,13,17,0,8,32.2,65.0,7.5,946.9,0.1,131.93055555555554,-1.875,148.0,102.0,127.0,38.9,43.1,32.4,122.0
2026-08-17 13:00:00,2026-08-20 13:00:00,72,13,17,0,8,32.2,65.0,7.5,946.9,0.1,131.93055555555554,-1.875,148.0,102.0,127.0,38.9,43.1,32.4,102.0
2026-08-17 14:00:00,2026-08-18 14:00:00,24,14,17,0,8,32.4,65.0,7.8,946.4,0.1,131.59722222222223,-1.875,148.0,111.0,126.0,38.4,44.0,35.9,102.0
2026-08-17 14:00:00,2026-08-19 14:00:00,48,14,17,0,8,32.4,65.0,7.8,946.4,0.1,131.59722222222223,-1.875,148.0,111.0,126.0,38.4,44.0,35.9,123.0
2026-08-17 14:00:00,2026-08-20 14:00:00,72,14,17,0,8,32.4,65.0,7.8,946.4,0.1,131.59722222222223,-1.875,148.0,111.0,126.0,38.4,44.0,35.9,102.0
2026-08-17 15:00:00,2026-08-18 15:00:00,24,15,17,0,8,29.5,80.0,11.3,946.0,1.3,131.26388888888889,-1.9166666666666667,151.0,144.0,128.0,38.0,42.8,38.4,112.0
2026-08-17 15:00:00,2026-08-19 15:00:00,48,15,17,0,8,29.5,80.0,11.3,946.0,1.3,131.26388888888889,-1.9166666666666667,151.0,144.0,128.0,38.0,42.8,38.4,123.0
2026-08-17 15:00:00,2026-08-20 15:00:00,72,15,17,0,8,29.5,80.0,11.3,946.0,1.3,131.26388888888889,-1.9166666666666667,151.0,144.0,128.0,38.0,42.8,38.4,102.0
2026-08-17 16:00:00,2026-08-18 16:00:00,24,16,17,0,8,29.4,80.0,11.0,945.7,1.2,131.16666666666666,-1.25,164.0,170.0,153.0,37.1,42.1,39.3,135.0
2026-08-17 16:00:00,2026-08-19 16:00:00,48,16,17,0,8,29.4,80.0,11.0,945.7,1.2,131.16666666666666,-1.25,164.0,170.0,153.0,37.1,42.1,39.3,124.0
2026-08-17 16:00:00,2026-08-20 16:00:00,72,16,17,0,8,29.4,80.0,11.0,945.7,1.2,131.16666666666666,-1.25,164.0,170.0,153.0,37.1,42.1,39.3,101.0
2026-08-17 17:00:00,2026-08-18 17:00:00,24,17,17,0,8,29.1,78.0,11.9,945.7,0.2,130.98611111111111,-1.0,169.0,192.0,168.0,38.2,41.8,32.7,155.0
2026-08-17 17:00:00,2026-08-19 17:00:00,48,17,17,0,8,29.1,78.0,11.9,945.7,0.2,130.98611111111111,-1.0,169.0,192.0,168.0,38.2,41.8,32.7,125.0
2026-08-17 17:00:00,2026-08-20 17:00:00,72,17,17,0,8,29.1,78.0,11.9,945.7,0.2,130.98611111111111,-1.0,169.0,192.0,168.0,38.2,41.8,32.7,101.0
2026-08-17 18:00:00,2026-08-18 18:00:00,24,18,17,0,8,29.0,80.0,8.0,945.6,0.0,130.76388888888889,-0.7083333333333334,169.0,201.0,171.0,39.9,45.4,34.3,165.0
2026-08-17 18:00:00,2026-08-19 18:00:00,48,18,17,0,8,29.0,80.0,8.0,945.6,0.0,130.76388888888889,-0.7083333333333334,169.0,201.0,171.0,39.9,45.4,34.3,124.0
2026-08-17 18:00:00,2026-08-20 18:00:00,72,18,17,0,8,29.0,80.0,8.0,945.6,0.0,130.76388888888889,-0.7083333333333334,169.0,201.0,171.0,39.9,45.4,34.3,102.0
2026-08-17 19:00:00,2026-08-18 19:00:00,24,19,17,0,8,28.3,85.0,7.1,946.1,0.0,130.51388888888889,-0.6666666666666666,160.0,198.0,165.0,46.8,55.8,39.1,163.0
2026-08-17 19:00:00,2026-08-19 19:00:00,48,19,17,0,8,28.3,85.0,7.1,946.1,0.0,130.51388888888889,-0.6666666666666666,160.0,198.0,165.0,46.8,55.8,39.1,122.0
2026-08-17 19:00:00,2026-08-20 19:00:00,72,19,17,0,8,28.3,85.0,7.1,946.1,0.0,130.51388888888889,-0.6666666666666666,160.0,198.0,165.0,46.8,55.8,39.1,103.0
2026-08-17 20:00:00,2026-08-18 20:00:00,24,20,17,0,8,27.9,88.0,6.1,946.8,0.0,130.20833333333334,-0.7083333333333334,144.0,178.0,147.0,49.6,63.3,47.4,149.0
2026-08-17 20:00:00,2026-08-19 20:00:00,48,20,17,0,8,27.9,88.0,6.1,946.8,0.0,130.20833333333334,-0.7083333333333334,144.0,178.0,147.0,49.6,63.3,47.4,121.0
2026-08-17 20:00:00,2026-08-20 20:00:00,72,20,17,0,8,27.9,88.0,6.1,946.8,0.0,130.20833333333334,-0.7083333333333334,144.0,178.0,147.0,49.6,63.3,47.4,104.0
2026-08-17 21:00:00,2026-08-18 21:00:00,24,21,17,0,8,27.5,90.0,5.8,947.3,0.0,129.83333333333334,-1.0,143.0,148.0,117.0,50.3,66.4,53.9,120.0
2026-08-17 21:00:00,2026-08-19 21:00:00,48,21,17,0,8,27.5,90.0,5.8,947.3,0.0,129.83333333333334,-1.0,143.0,148.0,117.0,50.3,66.4,53.9,119.0
2026-08-17 21:00:00,2026-08-20 21:00:00,72,21,17,0,8,27.5,90.0,5.8,947.3,0.0,129.83333333333334,-1.0,143.0,148.0,117.0,50.3,66.4,53.9,108.0
2026-08-17 22:00:00,2026-08-18 22:00:00,24,22,17,0,8,27.3,90.0,5.9,947.6,0.0,129.59722222222223,-1.7916666666666667,141.0,111.0,116.0,48.8,73.1,55.2,108.0
2026-08-17 22:00:00,2026-08-19 22:00:00,48,22,17,0,8,27.3,90.0,5.9,947.6,0.0,129.59722222222223,-1.7916666666666667,141.0,111.0,116.0,48.8,73.1,55.2,118.0
2026-08-17 22:00:00,2026-08-20 22:00:00,72,22,17,0,8,27.3,90.0,5.9,947.6,0.0,129.59722222222223,-1.7916666666666667,141.0,111.0,116.0,48.8,73.1,55.2,112.0
2026-08-17 23:00:00,2026-08-18 23:00:00,24,23,17,0,8,27.9,80.0,8.3,947.4,0.1,129.375,-1.7083333333333333,138.0,113.0,115.0,50.3,81.0,53.7,109.0
2026-08-17 23:00:00,2026-08-19 23:00:00,48,23,17,0,8,27.9,80.0,8.3,947.4,0.1,129.375,-1.7083333333333333,138.0,113.0,115.0,50.3,81.0,53.7,117.0
2026-08-17 23:00:00,2026-08-20 23:00:00,72,23,17,0,8,27.9,80.0,8.3,947.4,0.1,129.375,-1.7083333333333333,138.0,113.0,115.0,50.3,81.0,53.7,116.0
2026-08-18 00:00:00,2026-08-19 00:00:00,24,0,18,1,8,26.7,86.0,4.2,947.4,0.0,129.18055555555554,-1.5416666666666667,135.0,116.0,114.0,49.2,85.4,54.7,109.0
2026-08-18 00:00:00,2026-08-20 00:00:00,48,0,18,1,8,26.7,86.0,4.2,947.4,0.0,129.18055555555554,-1.5416666666666667,135.0,116.0,114.0,49.2,85.4,54.7,117.0
2026-08-18 00:00:00,2026-08-21 00:00:00,72,0,18,1,8,26.7,86.0,4.2,947.4,0.0,129.18055555555554,-1.5416666666666667,135.0,116.0,114.0,49.2,85.4,54.7,121.0
2026-08-18 01:00:00,2026-08-19 01:00:00,24,1,18,1,8,26.4,87.0,3.9,947.5,0.0,129.01388888888889,-1.375,131.0,119.0,113.0,43.8,78.9,38.0,110.0
2026-08-18 01:00:00,2026-08-20 01:00:00,48,1,18,1,8,26.4,87.0,3.9,947.5,0.0,129.01388888888889,-1.375,131.0,119.0,113.0,43.8,78.9,38.0,116.0
2026-08-18 01:00:00,2026-08-21 01:00:00,72,1,18,1,8,26.4,87.0,3.9,947.5,0.0,129.01388888888889,-1.375,131.0,119.0,113.0,43.8,78.9,38.0,126.0
2026-08-18 02:00:00,2026-08-19 02:00:00,24,2,18,1,8,26.2,89.0,4.3,946.7,0.0,128.875,-1.1666666666666667,128.0,123.0,111.0,36.4,64.3,31.5,111.0
2026-08-18 02:00:00,2026-08-20 02:00:00,48,2,18,1,8,26.2,89.0,4.3,946.7,0.0,128.875,-1.1666666666666667,128.0,123.0,111.0,36.4,64.3,31.5,115.0
2026-08-18 02:00:00,2026-08-21 02:00:00,72,2,18,1,8,26.2,89.0,4.3,946.7,0.0,128.875,-1.1666666666666667,128.0,123.0,111.0,36.4,64.3,31.5,130.0
2026-08-18 03:00:00,2026-08-19 03:00:00,24,3,18,1,8,25.8,91.0,3.7,946.6,0.0,128.76388888888889,-1.0416666666666667,125.0,127.0,108.0,34.5,50.1,27.9,114.0
2026-08-18 03:00:00,2026-08-20 03:00:00,48,3,18,1,8,25.8,91.0,3.7,946.6,0.0,128.76388888888889,-1.0416666666666667,125.0,127.0,108.0,34.5,50.1,27.9,112.0
2026-08-18 03:00:00,2026-08-21 03:00:00,72,3,18,1,8,25.8,91.0,3.7,946.6,0.0,128.76388888888889,-1.0416666666666667,125.0,127.0,108.0,34.5,50.1,27.9,135.0
2026-08-18 04:00:00,2026-08-19 04:00:00,24,4,18,1,8,25.5,93.0,3.2,946.6,0.1,128.68055555555554,-0.9583333333333334,123.0,129.0,106.0,30.6,30.6,10.1,117.0
2026-08-18 04:00:00,2026-08-20 04:00:00,48,4,18,1,8,25.5,93.0,3.2,946.6,0.1,128.68055555555554,-0.9583333333333334,123.0,129.0,106.0,30.6,30.6,10.1,108.0
2026-08-18 04:00:00,2026-08-21 04:00:00,72,4,18,1,8,25.5,93.0,3.2,946.6,0.1,128.68055555555554,-0.9583333333333334,123.0,129.0,106.0,30.6,30.6,10.1,137.0
2026-08-18 05:00:00,2026-08-19 05:00:00,24,5,18,1,8,25.1,96.0,11.2,946.7,0.1,128.625,-0.875,123.0,131.0,102.0,28.2,60.5,29.1,120.0
2026-08-18 05:00:00,2026-08-20 05:00:00,48,5,18,1,8,25.1,96.0,11.2,946.7,0.1,128.625,-0.875,123.0,131.0,102.0,28.2,60.5,29.1,104.0
2026-08-18 05:00:00,2026-08-21 05:00:00,72,5,18,1,8,25.1,96.0,11.2,946.7,0.1,128.625,-0.875,123.0,131.0,102.0,28.2,60.5,29.1,138.0
2026-08-18 06:00:00,2026-08-19 06:00:00,24,6,18,1,8,25.1,94.0,6.1,946.7,0.1,128.625,-0.875,120.0,134.0,100.0,14.2,70.5,28.8,121.0
2026-08-18 06:00:00,2026-08-20 06:00:00,48,6,18,1,8,25.1,94.0,6.1,946.7,0.1,128.625,-0.875,120.0,134.0,100.0,14.2,70.5,28.8,103.0
2026-08-18 06:00:00,2026-08-21 06:00:00,72,6,18,1,8,25.1,94.0,6.1,946.7,0.1,128.625,-0.875,120.0,134.0,100.0,14.2,70.5,28.8,138.0
2026-08-18 07:00:00,2026-08-19 07:00:00,24,7,18,1,8,26.0,91.0,6.2,947.2,0.0,128.63888888888889,-0.7916666666666666,114.0,139.0,99.0,17.3,60.1,28.3,122.0
2026-08-18 07:00:00,2026-08-20 07:00:00,48,7,18,1,8,26.0,91.0,6.2,947.2,0.0,128.63888888888889,-0.7916666666666666,114.0,139.0,99.0,17.3,60.1,28.3,101.0
2026-08-18 07:00:00,2026-08-21 07:00:00,72,7,18,1,8,26.0,91.0,6.2,947.2,0.0,128.63888888888889,-0.7916666666666666,114.0,139.0,99.0,17.3,60.1,28.3,138.0
2026-08-18 08:00:00,2026-08-19 08:00:00,24,8,18,1,8,27.4,85.0,5.2,947.9,0.0,128.68055555555554,-0.5,110.0,142.0,98.0,25.0,47.1,26.2,122.0
2026-08-18 08:00:00,2026-08-20 08:00:00,48,8,18,1,8,27.4,85.0,5.2,947.9,0.0,128.68055555555554,-0.5,110.0,142.0,98.0,25.0,47.1,26.2,101.0
2026-08-18 08:00:00,2026-08-21 08:00:00,72,8,18,1,8,27.4,85.0,5.2,947.9,0.0,128.68055555555554,-0.5,110.0,142.0,98.0,25.0,47.1,26.2,138.0
2026-08-18 09:00:00,2026-08-19 09:00:00,24,9,18,1,8,28.1,83.0,4.0,948.6,1.4,128.75,-0.2916666666666667,107.0,144.0,99.0,28.5,43.7,24.9,122.0
2026-08-18 09:00:00,2026-08-20 09:00:00,48,9,18,1,8,28.1,83.0,4.0,948.6,1.4,128.75,-0.2916666666666667,107.0,144.0,99.0,28.5,43.7,24.9,101.0
2026-08-18 09:00:00,2026-08-21 09:00:00,72,9,18,1,8,28.1,83.0,4.0,948.6,1.4,128.75,-0.2916666666666667,107.0,144.0,99.0,28.5,43.7,24.9,138.0
2026-08-18 10:00:00,2026-08-19 10:00:00,24,10,18,1,8,29.5,77.0,4.1,948.8,0.6,128.81944444444446,-0.125,106.0,146.0,99.0,30.7,43.0,28.9,121.0
2026-08-18 10:00:00,2026-08-20 10:00:00,48,10,18,1,8,29.5,77.0,4.1,948.8,0.6,128.81944444444446,-0.125,106.0,146.0,99.0,30.7,43.0,28.9,102.0
2026-08-18 10:00:00,2026-08-21 10:00:00,72,10,18,1,8,29.5,77.0,4.1,948.8,0.6,128.81944444444446,-0.125,106.0,146.0,99.0,30.7,43.0,28.9,139.0
2026-08-18 11:00:00,2026-08-19 11:00:00,24,11,18,1,8,27.9,81.0,5.6,949.4,0.2,128.88888888888889,-0.08333333333333333,104.0,148.0,99.0,31.9,41.2,35.2,121.0
2026-08-18 11:00:00,2026-08-20 11:00:00,48,11,18,1,8,27.9,81.0,5.6,949.4,0.2,128.88888888888889,-0.08333333333333333,104.0,148.0,99.0,31.9,41.2,35.2,102.0
2026-08-18 11:00:00,2026-08-21 11:00:00,72,11,18,1,8,27.9,81.0,5.6,949.4,0.2,128.88888888888889,-0.08333333333333333,104.0,148.0,99.0,31.9,41.2,35.2,139.0
2026-08-18 12:00:00,2026-08-19 12:00:00,24,12,18,1,8,29.4,75.0,8.6,949.0,0.1,128.94444444444446,-0.041666666666666664,103.0,148.0,100.0,32.8,38.8,40.9,121.0
2026-08-18 12:00:00,2026-08-20 12:00:00,48,12,18,1,8,29.4,75.0,8.6,949.0,0.1,128.94444444444446,-0.041666666666666664,103.0,148.0,100.0,32.8,38.8,40.9,102.0
2026-08-18 12:00:00,2026-08-21 12:00:00,72,12,18,1,8,29.4,75.0,8.6,949.0,0.1,128.94444444444446,-0.041666666666666664,103.0,148.0,100.0,32.8,38.8,40.9,138.0
2026-08-18 13:00:00,2026-08-19 13:00:00,24,13,18,1,8,30.3,74.0,9.1,948.7,0.5,128.98611111111111,0.0,103.0,148.0,102.0,33.1,38.9,43.1,122.0
2026-08-18 13:00:00,2026-08-20 13:00:00,48,13,18,1,8,30.3,74.0,9.1,948.7,0.5,128.98611111111111,0.0,103.0,148.0,102.0,33.1,38.9,43.1,102.0
2026-08-18 13:00:00,2026-08-21 13:00:00,72,13,18,1,8,30.3,74.0,9.1,948.7,0.5,128.98611111111111,0.0,103.0,148.0,102.0,33.1,38.9,43.1,138.0
2026-08-18 14:00:00,2026-08-19 14:00:00,24,14,18,1,8,30.9,73.0,9.3,948.0,0.2,128.98611111111111,-0.041666666666666664,102.0,148.0,111.0,31.9,38.4,44.0,123.0
2026-08-18 14:00:00,2026-08-20 14:00:00,48,14,18,1,8,30.9,73.0,9.3,948.0,0.2,128.98611111111111,-0.041666666666666664,102.0,148.0,111.0,31.9,38.4,44.0,102.0
2026-08-18 14:00:00,2026-08-21 14:00:00,72,14,18,1,8,30.9,73.0,9.3,948.0,0.2,128.98611111111111,-0.041666666666666664,102.0,148.0,111.0,31.9,38.4,44.0,138.0
2026-08-18 15:00:00,2026-08-19 15:00:00,24,15,18,1,8,31.1,72.0,9.8,947.2,0.2,128.86111111111111,0.0,121.0,151.0,144.0,29.5,38.0,42.8,123.0
2026-08-18 15:00:00,2026-08-20 15:00:00,48,15,18,1,8,31.1,72.0,9.8,947.2,0.2,128.86111111111111,0.0,121.0,151.0,144.0,29.5,38.0,42.8,102.0
2026-08-18 15:00:00,2026-08-21 15:00:00,72,15,18,1,8,31.1,72.0,9.8,947.2,0.2,128.86111111111111,0.0,121.0,151.0,144.0,29.5,38.0,42.8,137.0
2026-08-18 16:00:00,2026-08-19 16:00:00,24,16,18,1,8,30.0,77.0,8.5,946.8,0.6,128.41666666666666,-0.375,140.0,164.0,170.0,29.4,37.1,42.1,124.0
2026-08-18 16:00:00,2026-08-20 16:00:00,48,16,18,1,8,30.0,77.0,8.5,946.8,0.6,128.41666666666666,-0.375,140.0,164.0,170.0,29.4,37.1,42.1,101.0
2026-08-18 16:00:00,2026-08-21 16:00:00,72,16,18,1,8,30.0,77.0,8.5,946.8,0.6,128.41666666666666,-0.375,140.0,164.0,170.0,29.4,37.1,42.1,137.0
2026-08-18 17:00:00,2026-08-19 17:00:00,24,17,18,1,8,28.5,85.0,6.6,946.5,3.0,127.93055555555556,-0.20833333333333334,152.0,169.0,192.0,40.0,38.2,41.8,125.0
2026-08-18 17:00:00,2026-08-20 17:00:00,48,17,18,1,8,28.5,85.0,6.6,946.5,3.0,127.93055555555556,-0.20833333333333334,152.0,169.0,192.0,40.0,38.2,41.8,101.0
2026-08-18 17:00:00,2026-08-21 17:00:00,72,17,18,1,8,28.5,85.0,6.6,946.5,3.0,127.93055555555556,-0.20833333333333334,152.0,169.0,192.0,40.0,38.2,41.8,137.0
2026-08-18 18:00:00,2026-08-19 18:00:00,24,18,18,1,8,28.6,85.0,7.1,946.6,0.2,127.41666666666667,0.125,153.0,169.0,201.0,42.3,39.9,45.4,124.0
2026-08-18 18:00:00,2026-08-20 18:00:00,48,18,18,1,8,28.6,85.0,7.1,946.6,0.2,127.41666666666667,0.125,153.0,169.0,201.0,42.3,39.9,45.4,102.0
2026-08-18 18:00:00,2026-08-21 18:00:00,72,18,18,1,8,28.6,85.0,7.1,946.6,0.2,127.41666666666667,0.125,153.0,169.0,201.0,42.3,39.9,45.4,141.0
2026-08-18 19:00:00,2026-08-19 19:00:00,24,19,18,1,8,28.1,88.0,6.7,947.1,0.0,126.91666666666667,0.5,143.0,160.0,198.0,48.0,46.8,55.8,122.0
2026-08-18 19:00:00,2026-08-20 19:00:00,48,19,18,1,8,28.1,88.0,6.7,947.1,0.0,126.91666666666667,0.5,143.0,160.0,198.0,48.0,46.8,55.8,103.0
2026-08-18 19:00:00,2026-08-21 19:00:00,72,19,18,1,8,28.1,88.0,6.7,947.1,0.0,126.91666666666667,0.5,143.0,160.0,198.0,48.0,46.8,55.8,140.0
2026-08-18 20:00:00,2026-08-19 20:00:00,24,20,18,1,8,27.9,90.0,8.1,947.6,0.0,126.43055555555556,0.8333333333333334,120.0,144.0,178.0,48.5,49.6,63.3,121.0
2026-08-18 20:00:00,2026-08-20 20:00:00,48,20,18,1,8,27.9,90.0,8.1,947.6,0.0,126.43055555555556,0.8333333333333334,120.0,144.0,178.0,48.5,49.6,63.3,104.0
2026-08-18 20:00:00,2026-08-21 20:00:00,72,20,18,1,8,27.9,90.0,8.1,947.6,0.0,126.43055555555556,0.8333333333333334,120.0,144.0,178.0,48.5,49.6,63.3,135.0
2026-08-18 21:00:00,2026-08-19 21:00:00,24,21,18,1,8,27.4,91.0,7.3,948.3,0.0,126.02777777777777,1.2083333333333333,100.0,143.0,148.0,51.7,50.3,66.4,119.0
2026-08-18 21:00:00,2026-08-20 21:00:00,48,21,18,1,8,27.4,91.0,7.3,948.3,0.0,126.02777777777777,1.2083333333333333,100.0,143.0,148.0,51.7,50.3,66.4,108.0
2026-08-18 21:00:00,2026-08-21 21:00:00,72,21,18,1,8,27.4,91.0,7.3,948.3,0.0,126.02777777777777,1.2083333333333333,100.0,143.0,148.0,51.7,50.3,66.4,133.0
2026-08-18 22:00:00,2026-08-19 22:00:00,24,22,18,1,8,27.2,90.0,8.3,948.9,0.0,125.63888888888889,0.8333333333333334,100.0,141.0,111.0,55.5,48.8,73.1,118.0
2026-08-18 22:00:00,2026-08-20 22:00:00,48,22,18,1,8,27.2,90.0,8.3,948.9,0.0,125.63888888888889,0.8333333333333334,100.0,141.0,111.0,55.5,48.8,73.1,112.0
2026-08-18 22:00:00,2026-08-21 22:00:00,72,22,18,1,8,27.2,90.0,8.3,948.9,0.0,125.63888888888889,0.8333333333333334,100.0,141.0,111.0,55.5,48.8,73.1,130.0
2026-08-18 23:00:00,2026-08-19 23:00:00,24,23,18,1,8,26.9,92.0,8.3,948.3,0.1,125.59722222222223,0.3333333333333333,101.0,138.0,113.0,58.7,50.3,81.0,117.0
2026-08-18 23:00:00,2026-08-20 23:00:00,48,23,18,1,8,26.9,92.0,8.3,948.3,0.1,125.59722222222223,0.3333333333333333,101.0,138.0,113.0,58.7,50.3,81.0,116.0
2026-08-18 23:00:00,2026-08-21 23:00:00,72,23,18,1,8,26.9,92.0,8.3,948.3,0.1,125.59722222222223,0.3333333333333333,101.0,138.0,113.0,58.7,50.3,81.0,128.0
2026-08-19 00:00:00,2026-08-20 00:00:00,24,0,19,2,8,26.4,91.0,5.3,947.5,0.0,125.54166666666667,0.3333333333333333,102.0,135.0,116.0,54.5,49.2,85.4,117.0
2026-08-19 00:00:00,2026-08-21 00:00:00,48,0,19,2,8,26.4,91.0,5.3,947.5,0.0,125.54166666666667,0.3333333333333333,102.0,135.0,116.0,54.5,49.2,85.4,121.0
2026-08-19 00:00:00,2026-08-22 00:00:00,72,0,19,2,8,26.4,91.0,5.3,947.5,0.0,125.54166666666667,0.3333333333333333,102.0,135.0,116.0,54.5,49.2,85.4,125.0
2026-08-19 01:00:00,2026-08-20 01:00:00,24,1,19,2,8,25.5,97.0,7.1,948.2,0.5,125.44444444444444,0.2916666666666667,103.0,131.0,119.0,49.7,43.8,78.9,116.0
2026-08-19 01:00:00,2026-08-21 01:00:00,48,1,19,2,8,25.5,97.0,7.1,948.2,0.5,125.44444444444444,0.2916666666666667,103.0,131.0,119.0,49.7,43.8,78.9,126.0
2026-08-19 01:00:00,2026-08-22 01:00:00,72,1,19,2,8,25.5,97.0,7.1,948.2,0.5,125.44444444444444,0.2916666666666667,103.0,131.0,119.0,49.7,43.8,78.9,122.0
2026-08-19 02:00:00,2026-08-20 02:00:00,24,2,19,2,8,24.7,96.0,8.1,948.4,0.6,125.31944444444444,0.2916666666666667,103.0,128.0,123.0,26.5,36.4,64.3,115.0
2026-08-19 02:00:00,2026-08-21 02:00:00,48,2,19,2,8,24.7,96.0,8.1,948.4,0.6,125.31944444444444,0.2916666666666667,103.0,128.0,123.0,26.5,36.4,64.3,130.0
2026-08-19 02:00:00,2026-08-22 02:00:00,72,2,19,2,8,24.7,96.0,8.1,948.4,0.6,125.31944444444444,0.2916666666666667,103.0,128.0,123.0,26.5,36.4,64.3,121.0
2026-08-19 03:00:00,2026-08-20 03:00:00,24,3,19,2,8,23.9,97.0,9.2,947.9,0.9,125.15277777777777,0.3333333333333333,102.0,125.0,127.0,29.7,34.5,50.1,112.0
2026-08-19 03:00:00,2026-08-21 03:00:00,48,3,19,2,8,23.9,97.0,9.2,947.9,0.9,125.15277777777777,0.3333333333333333,102.0,125.0,127.0,29.7,34.5,50.1,135.0
2026-08-19 03:00:00,2026-08-22 03:00:00,72,3,19,2,8,23.9,97.0,9.2,947.9,0.9,125.15277777777777,0.3333333333333333,102.0,125.0,127.0,29.7,34.5,50.1,119.0
2026-08-19 04:00:00,2026-08-20 04:00:00,24,4,19,2,8,24.1,96.0,6.7,948.2,0.1,124.97222222222223,0.5,102.0,123.0,129.0,30.5,30.6,30.6,108.0
2026-08-19 04:00:00,2026-08-21 04:00:00,48,4,19,2,8,24.1,96.0,6.7,948.2,0.1,124.97222222222223,0.5,102.0,123.0,129.0,30.5,30.6,30.6,137.0
2026-08-19 04:00:00,2026-08-22 04:00:00,72,4,19,2,8,24.1,96.0,6.7,948.2,0.1,124.97222222222223,0.5,102.0,123.0,129.0,30.5,30.6,30.6,119.0
2026-08-19 05:00:00,2026-08-20 05:00:00,24,5,19,2,8,24.3,97.0,10.5,947.5,0.0,124.80555555555556,0.625,102.0,123.0,131.0,22.2,28.2,60.5,104.0
2026-08-19 05:00:00,2026-08-21 05:00:00,48,5,19,2,8,24.3,97.0,10.5,947.5,0.0,124.80555555555556,0.625,102.0,123.0,131.0,22.2,28.2,60.5,138.0
2026-08-19 05:00:00,2026-08-22 05:00:00,72,5,19,2,8,24.3,97.0,10.5,947.5,0.0,124.80555555555556,0.625,102.0,123.0,131.0,22.2,28.2,60.5,119.0
2026-08-19 06:00:00,2026-08-20 06:00:00,24,6,19,2,8,24.5,95.0,8.0,948.0,0.4,124.65277777777777,0.75,101.0,120.0,134.0,25.3,14.2,70.5,103.0
2026-08-19 06:00:00,2026-08-21 06:00:00,48,6,19,2,8,24.5,95.0,8.0,948.0,0.4,124.65277777777777,0.75,101.0,120.0,134.0,25.3,14.2,70.5,138.0
2026-08-19 06:00:00,2026-08-22 06:00:00,72,6,19,2,8,24.5,95.0,8.0,948.0,0.4,124.65277777777777,0.75,101.0,120.0,134.0,25.3,14.2,70.5,122.0
2026-08-19 07:00:00,2026-08-20 07:00:00,24,7,19,2,8,25.4,93.0,8.4,948.5,0.1,124.47222222222223,0.8333333333333334,102.0,114.0,139.0,29.6,17.3,60.1,101.0
2026-08-19 07:00:00,2026-08-21 07:00:00,48,7,19,2,8,25.4,93.0,8.4,948.5,0.1,124.47222222222223,0.8333333333333334,102.0,114.0,139.0,29.6,17.3,60.1,138.0
2026-08-19 07:00:00,2026-08-22 07:00:00,72,7,19,2,8,25.4,93.0,8.4,948.5,0.1,124.47222222222223,0.8333333333333334,102.0,114.0,139.0,29.6,17.3,60.1,123.0
2026-08-19 08:00:00,2026-08-20 08:00:00,24,8,19,2,8,26.6,86.0,7.0,949.5,0.0,124.23611111111111,0.8333333333333334,103.0,110.0,142.0,29.2,25.0,47.1,101.0
2026-08-19 08:00:00,2026-08-21 08:00:00,48,8,19,2,8,26.6,86.0,7.0,949.5,0.0,124.23611111111111,0.8333333333333334,103.0,110.0,142.0,29.2,25.0,47.1,138.0
2026-08-19 08:00:00,2026-08-22 08:00:00,72,8,19,2,8,26.6,86.0,7.0,949.5,0.0,124.23611111111111,0.8333333333333334,103.0,110.0,142.0,29.2,25.0,47.1,126.0
2026-08-19 09:00:00,2026-08-20 09:00:00,24,9,19,2,8,27.5,80.0,7.8,949.8,0.1,123.95833333333333,0.7916666666666666,104.0,107.0,144.0,27.0,28.5,43.7,101.0
2026-08-19 09:00:00,2026-08-21 09:00:00,48,9,19,2,8,27.5,80.0,7.8,949.8,0.1,123.95833333333333,0.7916666666666666,104.0,107.0,144.0,27.0,28.5,43.7,138.0
2026-08-19 09:00:00,2026-08-22 09:00:00,72,9,19,2,8,27.5,80.0,7.8,949.8,0.1,123.95833333333333,0.7916666666666666,104.0,107.0,144.0,27.0,28.5,43.7,126.0
2026-08-19 10:00:00,2026-08-20 10:00:00,24,10,19,2,8,28.9,77.0,5.2,950.0,0.0,123.65277777777777,0.75,104.0,106.0,146.0,26.7,30.7,43.0,102.0
2026-08-19 10:00:00,2026-08-21 10:00:00,48,10,19,2,8,28.9,77.0,5.2,950.0,0.0,123.65277777777777,0.75,104.0,106.0,146.0,26.7,30.7,43.0,139.0
2026-08-19 10:00:00,2026-08-22 10:00:00,72,10,19,2,8,28.9,77.0,5.2,950.0,0.0,123.65277777777777,0.75,104.0,106.0,146.0,26.7,30.7,43.0,126.0
2026-08-19 11:00:00,2026-08-20 11:00:00,24,11,19,2,8,25.0,93.0,3.6,950.2,0.0,123.30555555555556,0.7083333333333334,103.0,104.0,148.0,27.1,31.9,41.2,102.0
2026-08-19 11:00:00,2026-08-21 11:00:00,48,11,19,2,8,25.0,93.0,3.6,950.2,0.0,123.30555555555556,0.7083333333333334,103.0,104.0,148.0,27.1,31.9,41.2,139.0
2026-08-19 11:00:00,2026-08-22 11:00:00,72,11,19,2,8,25.0,93.0,3.6,950.2,0.0,123.30555555555556,0.7083333333333334,103.0,104.0,148.0,27.1,31.9,41.2,127.0
2026-08-19 12:00:00,2026-08-20 12:00:00,24,12,19,2,8,26.2,88.0,8.1,950.0,1.0,122.93055555555556,0.75,103.0,103.0,148.0,27.9,32.8,38.8,102.0
2026-08-19 12:00:00,2026-08-21 12:00:00,48,12,19,2,8,26.2,88.0,8.1,950.0,1.0,122.93055555555556,0.75,103.0,103.0,148.0,27.9,32.8,38.8,138.0
2026-08-19 12:00:00,2026-08-22 12:00:00,72,12,19,2,8,26.2,88.0,8.1,950.0,1.0,122.93055555555556,0.75,103.0,103.0,148.0,27.9,32.8,38.8,127.0
2026-08-19 13:00:00,2026-08-20 13:00:00,24,13,19,2,8,26.5,90.0,7.2,949.8,0.9,122.55555555555556,0.75,102.0,103.0,148.0,29.0,33.1,38.9,102.0
2026-08-19 13:00:00,2026-08-21 13:00:00,48,13,19,2,8,26.5,90.0,7.2,949.8,0.9,122.55555555555556,0.75,102.0,103.0,148.0,29.0,33.1,38.9,138.0
2026-08-19 13:00:00,2026-08-22 13:00:00,72,13,19,2,8,26.5,90.0,7.2,949.8,0.9,122.55555555555556,0.75,102.0,103.0,148.0,29.0,33.1,38.9,127.0
2026-08-19 14:00:00,2026-08-20 14:00:00,24,14,19,2,8,27.6,84.0,10.0,949.5,0.7,122.19444444444444,0.8333333333333334,102.0,102.0,148.0,30.2,31.9,38.4,102.0
2026-08-19 14:00:00,2026-08-21 14:00:00,48,14,19,2,8,27.6,84.0,10.0,949.5,0.7,122.19444444444444,0.8333333333333334,102.0,102.0,148.0,30.2,31.9,38.4,138.0
2026-08-19 14:00:00,2026-08-22 14:00:00,72,14,19,2,8,27.6,84.0,10.0,949.5,0.7,122.19444444444444,0.8333333333333334,102.0,102.0,148.0,30.2,31.9,38.4,127.0
2026-08-19 15:00:00,2026-08-20 15:00:00,24,15,19,2,8,28.8,77.0,10.9,948.8,0.3,121.84722222222223,0.875,112.0,121.0,151.0,30.9,29.5,38.0,102.0
2026-08-19 15:00:00,2026-08-21 15:00:00,48,15,19,2,8,28.8,77.0,10.9,948.8,0.3,121.84722222222223,0.875,112.0,121.0,151.0,30.9,29.5,38.0,137.0
2026-08-19 15:00:00,2026-08-22 15:00:00,72,15,19,2,8,28.8,77.0,10.9,948.8,0.3,121.84722222222223,0.875,112.0,121.0,151.0,30.9,29.5,38.0,127.0
2026-08-19 16:00:00,2026-08-20 16:00:00,24,16,19,2,8,28.9,77.0,10.0,948.5,0.1,121.45833333333333,0.4583333333333333,135.0,140.0,164.0,31.2,29.4,37.1,101.0
2026-08-19 16:00:00,2026-08-21 16:00:00,48,16,19,2,8,28.9,77.0,10.0,948.5,0.1,121.45833333333333,0.4583333333333333,135.0,140.0,164.0,31.2,29.4,37.1,137.0
2026-08-19 16:00:00,2026-08-22 16:00:00,72,16,19,2,8,28.9,77.0,10.0,948.5,0.1,121.45833333333333,0.4583333333333333,135.0,140.0,164.0,31.2,29.4,37.1,130.0
2026-08-19 17:00:00,2026-08-20 17:00:00,24,17,19,2,8,29.0,77.0,12.3,948.4,0.0,120.90277777777777,-0.4583333333333333,155.0,152.0,169.0,46.7,40.0,38.2,101.0
2026-08-19 17:00:00,2026-08-21 17:00:00,48,17,19,2,8,29.0,77.0,12.3,948.4,0.0,120.90277777777777,-0.4583333333333333,155.0,152.0,169.0,46.7,40.0,38.2,137.0
2026-08-19 17:00:00,2026-08-22 17:00:00,72,17,19,2,8,29.0,77.0,12.3,948.4,0.0,120.90277777777777,-0.4583333333333333,155.0,152.0,169.0,46.7,40.0,38.2,149.0
2026-08-19 18:00:00,2026-08-20 18:00:00,24,18,19,2,8,28.3,81.0,11.7,948.4,0.1,120.29166666666667,-1.25,165.0,153.0,169.0,54.1,42.3,39.9,102.0
2026-08-19 18:00:00,2026-08-21 18:00:00,48,18,19,2,8,28.3,81.0,11.7,948.4,0.1,120.29166666666667,-1.25,165.0,153.0,169.0,54.1,42.3,39.9,141.0
2026-08-19 18:00:00,2026-08-22 18:00:00,72,18,19,2,8,28.3,81.0,11.7,948.4,0.1,120.29166666666667,-1.25,165.0,153.0,169.0,54.1,42.3,39.9,155.0
2026-08-19 19:00:00,2026-08-20 19:00:00,24,19,19,2,8,27.4,85.0,9.4,948.7,0.0,119.66666666666667,-1.7083333333333333,163.0,143.0,160.0,63.1,48.0,46.8,103.0
2026-08-19 19:00:00,2026-08-21 19:00:00,48,19,19,2,8,27.4,85.0,9.4,948.7,0.0,119.66666666666667,-1.7083333333333333,163.0,143.0,160.0,63.1,48.0,46.8,140.0
2026-08-19 19:00:00,2026-08-22 19:00:00,72,19,19,2,8,27.4,85.0,9.4,948.7,0.0,119.66666666666667,-1.7083333333333333,163.0,143.0,160.0,63.1,48.0,46.8,152.0
2026-08-19 20:00:00,2026-08-20 20:00:00,24,20,19,2,8,27.0,86.0,8.5,949.4,0.0,119.13888888888889,-1.7083333333333333,149.0,120.0,144.0,61.5,48.5,49.6,104.0
2026-08-19 20:00:00,2026-08-21 20:00:00,48,20,19,2,8,27.0,86.0,8.5,949.4,0.0,119.13888888888889,-1.7083333333333333,149.0,120.0,144.0,61.5,48.5,49.6,135.0
2026-08-19 20:00:00,2026-08-22 20:00:00,72,20,19,2,8,27.0,86.0,8.5,949.4,0.0,119.13888888888889,-1.7083333333333333,149.0,120.0,144.0,61.5,48.5,49.6,138.0
2026-08-19 21:00:00,2026-08-20 21:00:00,24,21,19,2,8,26.4,90.0,4.2,950.4,0.1,118.81944444444444,-1.1666666666666667,120.0,100.0,143.0,61.9,51.7,50.3,108.0
2026-08-19 21:00:00,2026-08-21 21:00:00,48,21,19,2,8,26.4,90.0,4.2,950.4,0.1,118.81944444444444,-1.1666666666666667,120.0,100.0,143.0,61.9,51.7,50.3,133.0
2026-08-19 21:00:00,2026-08-22 21:00:00,72,21,19,2,8,26.4,90.0,4.2,950.4,0.1,118.81944444444444,-1.1666666666666667,120.0,100.0,143.0,61.9,51.7,50.3,127.0
2026-08-19 22:00:00,2026-08-20 22:00:00,24,22,19,2,8,25.9,94.0,3.1,950.7,2.0,118.48611111111111,-0.041666666666666664,108.0,100.0,141.0,62.9,55.5,48.8,112.0
2026-08-19 22:00:00,2026-08-21 22:00:00,48,22,19,2,8,25.9,94.0,3.1,950.7,2.0,118.48611111111111,-0.041666666666666664,108.0,100.0,141.0,62.9,55.5,48.8,130.0
2026-08-19 22:00:00,2026-08-22 22:00:00,72,22,19,2,8,25.9,94.0,3.1,950.7,2.0,118.48611111111111,-0.041666666666666664,108.0,100.0,141.0,62.9,55.5,48.8,125.0
2026-08-19 23:00:00,2026-08-20 23:00:00,24,23,19,2,8,27.0,86.0,9.0,949.8,2.6,118.16666666666667,0.4166666666666667,109.0,101.0,138.0,61.7,58.7,50.3,116.0
2026-08-19 23:00:00,2026-08-21 23:00:00,48,23,19,2,8,27.0,86.0,9.0,949.8,2.6,118.16666666666667,0.4166666666666667,109.0,101.0,138.0,61.7,58.7,50.3,128.0
2026-08-19 23:00:00,2026-08-22 23:00:00,72,23,19,2,8,27.0,86.0,9.0,949.8,2.6,118.16666666666667,0.4166666666666667,109.0,101.0,138.0,61.7,58.7,50.3,123.0
2026-08-20 00:00:00,2026-08-21 00:00:00,24,0,20,3,8,25.9,92.0,2.9,949.9,1.5,117.875,0.3333333333333333,109.0,102.0,135.0,60.1,54.5,49.2,121.0
2026-08-20 00:00:00,2026-08-22 00:00:00,48,0,20,3,8,25.9,92.0,2.9,949.9,1.5,117.875,0.3333333333333333,109.0,102.0,135.0,60.1,54.5,49.2,125.0
2026-08-20 00:00:00,2026-08-23 00:00:00,72,0,20,3,8,25.9,92.0,2.9,949.9,1.5,117.875,0.3333333333333333,109.0,102.0,135.0,60.1,54.5,49.2,122.0
2026-08-20 01:00:00,2026-08-21 01:00:00,24,1,20,3,8,25.1,96.0,5.0,950.2,4.9,117.625,0.3333333333333333,110.0,103.0,131.0,58.6,49.7,43.8,126.0
2026-08-20 01:00:00,2026-08-22 01:00:00,48,1,20,3,8,25.1,96.0,5.0,950.2,4.9,117.625,0.3333333333333333,110.0,103.0,131.0,58.6,49.7,43.8,122.0
2026-08-20 01:00:00,2026-08-23 01:00:00,72,1,20,3,8,25.1,96.0,5.0,950.2,4.9,117.625,0.3333333333333333,110.0,103.0,131.0,58.6,49.7,43.8,121.0
2026-08-20 02:00:00,2026-08-21 02:00:00,24,2,20,3,8,24.5,97.0,5.3,950.3,2.6,117.41666666666667,0.25,111.0,103.0,128.0,58.1,26.5,36.4,130.0
2026-08-20 02:00:00,2026-08-22 02:00:00,48,2,20,3,8,24.5,97.0,5.3,950.3,2.6,117.41666666666667,0.25,111.0,103.0,128.0,58.1,26.5,36.4,121.0
2026-08-20 02:00:00,2026-08-23 02:00:00,72,2,20,3,8,24.5,97.0,5.3,950.3,2.6,117.41666666666667,0.25,111.0,103.0,128.0,58.1,26.5,36.4,119.0
2026-08-20 03:00:00,2026-08-21 03:00:00,24,3,20,3,8,24.3,96.0,10.0,949.5,2.1,117.23611111111111,0.16666666666666666,114.0,102.0,125.0,58.9,29.7,34.5,135.0
2026-08-20 03:00:00,2026-08-22 03:00:00,48,3,20,3,8,24.3,96.0,10.0,949.5,2.1,117.23611111111111,0.16666666666666666,114.0,102.0,125.0,58.9,29.7,34.5,119.0
2026-08-20 03:00:00,2026-08-23 03:00:00,72,3,20,3,8,24.3,96.0,10.0,949.5,2.1,117.23611111111111,0.16666666666666666,114.0,102.0,125.0,58.9,29.7,34.5,118.0
2026-08-20 04:00:00,2026-08-21 04:00:00,24,4,20,3,8,23.9,96.0,10.1,949.5,2.6,117.05555555555556,-0.08333333333333333,117.0,102.0,123.0,58.9,30.5,30.6,137.0
2026-08-20 04:00:00,2026-08-22 04:00:00,48,4,20,3,8,23.9,96.0,10.1,949.5,2.6,117.05555555555556,-0.08333333333333333,117.0,102.0,123.0,58.9,30.5,30.6,119.0
2026-08-20 04:00:00,2026-08-23 04:00:00,72,4,20,3,8,23.9,96.0,10.1,949.5,2.6,117.05555555555556,-0.08333333333333333,117.0,102.0,123.0,58.9,30.5,30.6,119.0
2026-08-20 05:00:00,2026-08-21 05:00:00,24,5,20,3,8,24.7,97.0,8.6,948.7,2.0,116.84722222222223,-0.375,120.0,102.0,123.0,36.4,22.2,28.2,138.0
2026-08-20 05:00:00,2026-08-22 05:00:00,48,5,20,3,8,24.7,97.0,8.6,948.7,2.0,116.84722222222223,-0.375,120.0,102.0,123.0,36.4,22.2,28.2,119.0
2026-08-20 05:00:00,2026-08-23 05:00:00,72,5,20,3,8,24.7,97.0,8.6,948.7,2.0,116.84722222222223,-0.375,120.0,102.0,123.0,36.4,22.2,28.2,119.0
2026-08-20 06:00:00,2026-08-21 06:00:00,24,6,20,3,8,24.2,98.0,3.5,949.3,5.2,116.58333333333333,-0.6666666666666666,121.0,101.0,120.0,35.6,25.3,14.2,138.0
2026-08-20 06:00:00,2026-08-22 06:00:00,48,6,20,3,8,24.2,98.0,3.5,949.3,5.2,116.58333333333333,-0.6666666666666666,121.0,101.0,120.0,35.6,25.3,14.2,122.0
2026-08-20 06:00:00,2026-08-23 06:00:00,72,6,20,3,8,24.2,98.0,3.5,949.3,5.2,116.58333333333333,-0.6666666666666666,121.0,101.0,120.0,35.6,25.3,14.2,116.0
2026-08-20 07:00:00,2026-08-21 07:00:00,24,7,20,3,8,24.2,96.0,1.5,950.3,4.2,116.34722222222223,-0.75,122.0,102.0,114.0,28.7,29.6,17.3,138.0
2026-08-20 07:00:00,2026-08-22 07:00:00,48,7,20,3,8,24.2,96.0,1.5,950.3,4.2,116.34722222222223,-0.75,122.0,102.0,114.0,28.7,29.6,17.3,123.0
2026-08-20 07:00:00,2026-08-23 07:00:00,72,7,20,3,8,24.2,96.0,1.5,950.3,4.2,116.34722222222223,-0.75,122.0,102.0,114.0,28.7,29.6,17.3,113.0
2026-08-20 08:00:00,2026-08-21 08:00:00,24,8,20,3,8,24.2,96.0,2.7,950.4,5.2,116.16666666666667,-0.875,122.0,103.0,110.0,22.3,29.2,25.0,138.0
2026-08-20 08:00:00,2026-08-22 08:00:00,48,8,20,3,8,24.2,96.0,2.7,950.4,5.2,116.16666666666667,-0.875,122.0,103.0,110.0,22.3,29.2,25.0,126.0
2026-08-20 08:00:00,2026-08-23 08:00:00,72,8,20,3,8,24.2,96.0,2.7,950.4,5.2,116.16666666666667,-0.875,122.0,103.0,110.0,22.3,29.2,25.0,111.0
2026-08-20 09:00:00,2026-08-21 09:00:00,24,9,20,3,8,24.3,95.0,0.0,951.0,4.1,116.04166666666667,-0.875,122.0,104.0,107.0,23.1,27.0,28.5,138.0
2026-08-20 09:00:00,2026-08-22 09:00:00,48,9,20,3,8,24.3,95.0,0.0,951.0,4.1,116.04166666666667,-0.875,122.0,104.0,107.0,23.1,27.0,28.5,126.0
2026-08-20 09:00:00,2026-08-23 09:00:00,72,9,20,3,8,24.3,95.0,0.0,951.0,4.1,116.04166666666667,-0.875,122.0,104.0,107.0,23.1,27.0,28.5,109.0
2026-08-20 10:00:00,2026-08-21 10:00:00,24,10,20,3,8,24.4,98.0,7.1,951.2,4.3,115.95833333333333,-0.875,121.0,104.0,106.0,27.5,26.7,30.7,139.0
2026-08-20 10:00:00,2026-08-22 10:00:00,48,10,20,3,8,24.4,98.0,7.1,951.2,4.3,115.95833333333333,-0.875,121.0,104.0,106.0,27.5,26.7,30.7,126.0
2026-08-20 10:00:00,2026-08-23 10:00:00,72,10,20,3,8,24.4,98.0,7.1,951.2,4.3,115.95833333333333,-0.875,121.0,104.0,106.0,27.5,26.7,30.7,108.0
2026-08-20 11:00:00,2026-08-21 11:00:00,24,11,20,3,8,25.2,93.0,9.3,951.5,2.7,115.90277777777777,-0.7916666666666666,121.0,103.0,104.0,29.0,27.1,31.9,139.0
2026-08-20 11:00:00,2026-08-22 11:00:00,48,11,20,3,8,25.2,93.0,9.3,951.5,2.7,115.90277777777777,-0.7916666666666666,121.0,103.0,104.0,29.0,27.1,31.9,127.0
2026-08-20 11:00:00,2026-08-23 11:00:00,72,11,20,3,8,25.2,93.0,9.3,951.5,2.7,115.90277777777777,-0.7916666666666666,121.0,103.0,104.0,29.0,27.1,31.9,108.0
2026-08-20 12:00:00,2026-08-21 12:00:00,24,12,20,3,8,25.7,93.0,7.1,951.0,2.3,115.875,-0.7916666666666666,121.0,103.0,103.0,32.8,27.9,32.8,138.0
2026-08-20 12:00:00,2026-08-22 12:00:00,48,12,20,3,8,25.7,93.0,7.1,951.0,2.3,115.875,-0.7916666666666666,121.0,103.0,103.0,32.8,27.9,32.8,127.0
2026-08-20 12:00:00,2026-08-23 12:00:00,72,12,20,3,8,25.7,93.0,7.1,951.0,2.3,115.875,-0.7916666666666666,121.0,103.0,103.0,32.8,27.9,32.8,107.0
2026-08-20 13:00:00,2026-08-21 13:00:00,24,13,20,3,8,26.4,91.0,7.0,950.8,0.8,115.86111111111111,-0.7916666666666666,122.0,102.0,103.0,33.9,29.0,33.1,138.0
2026-08-20 13:00:00,2026-08-22 13:00:00,48,13,20,3,8,26.4,91.0,7.0,950.8,0.8,115.86111111111111,-0.7916666666666666,122.0,102.0,103.0,33.9,29.0,33.1,127.0
2026-08-20 13:00:00,2026-08-23 13:00:00,72,13,20,3,8,26.4,91.0,7.0,950.8,0.8,115.86111111111111,-0.7916666666666666,122.0,102.0,103.0,33.9,29.0,33.1,106.0
2026-08-20 14:00:00,2026-08-21 14:00:00,24,14,20,3,8,27.8,82.0,8.3,950.1,0.2,115.84722222222223,-0.8333333333333334,123.0,102.0,102.0,36.0,30.2,31.9,138.0
2026-08-20 14:00:00,2026-08-22 14:00:00,48,14,20,3,8,27.8,82.0,8.3,950.1,0.2,115.84722222222223,-0.8333333333333334,123.0,102.0,102.0,36.0,30.2,31.9,127.0
2026-08-20 14:00:00,2026-08-23 14:00:00,72,14,20,3,8,27.8,82.0,8.3,950.1,0.2,115.84722222222223,-0.8333333333333334,123.0,102.0,102.0,36.0,30.2,31.9,105.0
2026-08-20 15:00:00,2026-08-21 15:00:00,24,15,20,3,8,29.1,74.0,7.8,949.7,0.0,115.84722222222223,-0.875,123.0,112.0,121.0,37.0,30.9,29.5,137.0
2026-08-20 15:00:00,2026-08-22 15:00:00,48,15,20,3,8,29.1,74.0,7.8,949.7,0.0,115.84722222222223,-0.875,123.0,112.0,121.0,37.0,30.9,29.5,127.0
2026-08-20 15:00:00,2026-08-23 15:00:00,72,15,20,3,8,29.1,74.0,7.8,949.7,0.0,115.84722222222223,-0.875,123.0,112.0,121.0,37.0,30.9,29.5,104.0
2026-08-20 16:00:00,2026-08-21 16:00:00,24,16,20,3,8,29.2,71.0,10.0,949.1,0.1,115.58333333333333,-0.875,124.0,135.0,140.0,34.7,31.2,29.4,137.0
2026-08-20 16:00:00,2026-08-22 16:00:00,48,16,20,3,8,29.2,71.0,10.0,949.1,0.1,115.58333333333333,-0.875,124.0,135.0,140.0,34.7,31.2,29.4,130.0
2026-08-20 16:00:00,2026-08-23 16:00:00,72,16,20,3,8,29.2,71.0,10.0,949.1,0.1,115.58333333333333,-0.875,124.0,135.0,140.0,34.7,31.2,29.4,103.0
2026-08-20 17:00:00,2026-08-21 17:00:00,24,17,20,3,8,29.3,72.0,7.1,949.1,0.2,115.04166666666667,-0.9583333333333334,125.0,155.0,152.0,41.4,46.7,40.0,137.0
2026-08-20 17:00:00,2026-08-22 17:00:00,48,17,20,3,8,29.3,72.0,7.1,949.1,0.2,115.04166666666667,-0.9583333333333334,125.0,155.0,152.0,41.4,46.7,40.0,149.0
2026-08-20 17:00:00,2026-08-23 17:00:00,72,17,20,3,8,29.3,72.0,7.1,949.1,0.2,115.04166666666667,-0.9583333333333334,125.0,155.0,152.0,41.4,46.7,40.0,113.0
2026-08-20 18:00:00,2026-08-21 18:00:00,24,18,20,3,8,28.6,79.0,5.4,949.0,0.0,114.33333333333333,-1.0,124.0,165.0,153.0,42.5,54.1,42.3,141.0
2026-08-20 18:00:00,2026-08-22 18:00:00,48,18,20,3,8,28.6,79.0,5.4,949.0,0.0,114.33333333333333,-1.0,124.0,165.0,153.0,42.5,54.1,42.3,155.0
2026-08-20 18:00:00,2026-08-23 18:00:00,72,18,20,3,8,28.6,79.0,5.4,949.0,0.0,114.33333333333333,-1.0,124.0,165.0,153.0,42.5,54.1,42.3,129.0
2026-08-20 19:00:00,2026-08-21 19:00:00,24,19,20,3,8,27.4,86.0,3.1,948.8,0.0,113.625,-0.9166666666666666,122.0,163.0,143.0,45.3,63.1,48.0,140.0
2026-08-20 19:00:00,2026-08-22 19:00:00,48,19,20,3,8,27.4,86.0,3.1,948.8,0.0,113.625,-0.9166666666666666,122.0,163.0,143.0,45.3,63.1,48.0,152.0
2026-08-20 19:00:00,2026-08-23 19:00:00,72,19,20,3,8,27.4,86.0,3.1,948.8,0.0,113.625,-0.9166666666666666,122.0,163.0,143.0,45.3,63.1,48.0,136.0
2026-08-20 20:00:00,2026-08-21 20:00:00,24,20,20,3,8,26.8,88.0,1.7,949.0,0.0,113.06944444444444,-0.7916666666666666,121.0,149.0,120.0,48.3,61.5,48.5,135.0
2026-08-20 20:00:00,2026-08-22 20:00:00,48,20,20,3,8,26.8,88.0,1.7,949.0,0.0,113.06944444444444,-0.7916666666666666,121.0,149.0,120.0,48.3,61.5,48.5,138.0
2026-08-20 20:00:00,2026-08-23 20:00:00,72,20,20,3,8,26.8,88.0,1.7,949.0,0.0,113.06944444444444,-0.7916666666666666,121.0,149.0,120.0,48.3,61.5,48.5,130.0
2026-08-20 21:00:00,2026-08-21 21:00:00,24,21,20,3,8,26.4,89.0,0.6,949.3,0.0,112.84722222222223,-0.7083333333333334,119.0,120.0,100.0,51.1,61.9,51.7,133.0
2026-08-20 21:00:00,2026-08-22 21:00:00,48,21,20,3,8,26.4,89.0,0.6,949.3,0.0,112.84722222222223,-0.7083333333333334,119.0,120.0,100.0,51.1,61.9,51.7,127.0
2026-08-20 21:00:00,2026-08-23 21:00:00,72,21,20,3,8,26.4,89.0,0.6,949.3,0.0,112.84722222222223,-0.7083333333333334,119.0,120.0,100.0,51.1,61.9,51.7,114.0
2026-08-20 22:00:00,2026-08-21 22:00:00,24,22,20,3,8,25.9,91.0,1.1,949.3,0.0,112.95833333333333,-0.4583333333333333,118.0,108.0,100.0,55.3,62.9,55.5,130.0
2026-08-20 22:00:00,2026-08-22 22:00:00,48,22,20,3,8,25.9,91.0,1.1,949.3,0.0,112.95833333333333,-0.4583333333333333,118.0,108.0,100.0,55.3,62.9,55.5,125.0
2026-08-20 22:00:00,2026-08-23 22:00:00,72,22,20,3,8,25.9,91.0,1.1,949.3,0.0,112.95833333333333,-0.4583333333333333,118.0,108.0,100.0,55.3,62.9,55.5,96.0
2026-08-20 23:00:00,2026-08-21 23:00:00,24,23,20,3,8,26.6,92.0,3.8,948.7,0.0,113.125,-0.25,117.0,109.0,101.0,60.1,61.7,58.7,128.0
2026-08-20 23:00:00,2026-08-22 23:00:00,48,23,20,3,8,26.6,92.0,3.8,948.7,0.0,113.125,-0.25,117.0,109.0,101.0,60.1,61.7,58.7,123.0
2026-08-20 23:00:00,2026-08-23 23:00:00,72,23,20,3,8,26.6,92.0,3.8,948.7,0.0,113.125,-0.25,117.0,109.0,101.0,60.1,61.7,58.7,96.0
2026-08-21 00:00:00,2026-08-22 00:00:00,24,0,21,4,8,26.0,94.0,3.2,948.6,0.0,113.33333333333333,-0.041666666666666664,117.0,109.0,102.0,54.6,60.1,54.5,125.0
2026-08-21 00:00:00,2026-08-23 00:00:00,48,0,21,4,8,26.0,94.0,3.2,948.6,0.0,113.33333333333333,-0.041666666666666664,117.0,109.0,102.0,54.6,60.1,54.5,122.0
2026-08-21 00:00:00,2026-08-24 00:00:00,72,0,21,4,8,26.0,94.0,3.2,948.6,0.0,113.33333333333333,-0.041666666666666664,117.0,109.0,102.0,54.6,60.1,54.5,96.0
2026-08-21 01:00:00,2026-08-22 01:00:00,24,1,21,4,8,25.6,96.0,2.7,948.3,0.0,113.59722222222223,0.16666666666666666,116.0,110.0,103.0,48.7,58.6,49.7,122.0
2026-08-21 01:00:00,2026-08-23 01:00:00,48,1,21,4,8,25.6,96.0,2.7,948.3,0.0,113.59722222222223,0.16666666666666666,116.0,110.0,103.0,48.7,58.6,49.7,121.0
2026-08-21 01:00:00,2026-08-24 01:00:00,72,1,21,4,8,25.6,96.0,2.7,948.3,0.0,113.59722222222223,0.16666666666666666,116.0,110.0,103.0,48.7,58.6,49.7,96.0
2026-08-21 02:00:00,2026-08-22 02:00:00,24,2,21,4,8,25.4,96.0,1.6,948.0,0.0,113.91666666666667,0.4166666666666667,115.0,111.0,103.0,27.8,58.1,26.5,121.0
2026-08-21 02:00:00,2026-08-23 02:00:00,48,2,21,4,8,25.4,96.0,1.6,948.0,0.0,113.91666666666667,0.4166666666666667,115.0,111.0,103.0,27.8,58.1,26.5,119.0
2026-08-21 02:00:00,2026-08-24 02:00:00,72,2,21,4,8,25.4,96.0,1.6,948.0,0.0,113.91666666666667,0.4166666666666667,115.0,111.0,103.0,27.8,58.1,26.5,96.0
2026-08-21 03:00:00,2026-08-22 03:00:00,24,3,21,4,8,25.4,96.0,0.7,947.8,0.0,114.29166666666667,0.625,112.0,114.0,102.0,17.9,58.9,29.7,119.0
2026-08-21 03:00:00,2026-08-23 03:00:00,48,3,21,4,8,25.4,96.0,0.7,947.8,0.0,114.29166666666667,0.625,112.0,114.0,102.0,17.9,58.9,29.7,118.0
2026-08-21 03:00:00,2026-08-24 03:00:00,72,3,21,4,8,25.4,96.0,0.7,947.8,0.0,114.29166666666667,0.625,112.0,114.0,102.0,17.9,58.9,29.7,97.0
2026-08-21 04:00:00,2026-08-22 04:00:00,24,4,21,4,8,25.2,96.0,2.4,947.9,0.0,114.75,0.9583333333333334,108.0,117.0,102.0,19.4,58.9,30.5,119.0
2026-08-21 04:00:00,2026-08-23 04:00:00,48,4,21,4,8,25.2,96.0,2.4,947.9,0.0,114.75,0.9583333333333334,108.0,117.0,102.0,19.4,58.9,30.5,119.0
2026-08-21 04:00:00,2026-08-24 04:00:00,72,4,21,4,8,25.2,96.0,2.4,947.9,0.0,114.75,0.9583333333333334,108.0,117.0,102.0,19.4,58.9,30.5,99.0
2026-08-21 05:00:00,2026-08-22 05:00:00,24,5,21,4,8,25.7,95.0,3.1,947.5,0.4,115.23611111111111,1.2083333333333333,104.0,120.0,102.0,24.6,36.4,22.2,119.0
2026-08-21 05:00:00,2026-08-23 05:00:00,48,5,21,4,8,25.7,95.0,3.1,947.5,0.4,115.23611111111111,1.2083333333333333,104.0,120.0,102.0,24.6,36.4,22.2,119.0
2026-08-21 05:00:00,2026-08-24 05:00:00,72,5,21,4,8,25.7,95.0,3.1,947.5,0.4,115.23611111111111,1.2083333333333333,104.0,120.0,102.0,24.6,36.4,22.2,102.0
2026-08-21 06:00:00,2026-08-22 06:00:00,24,6,21,4,8,25.4,96.0,1.0,947.7,0.0,115.73611111111111,1.4166666666666667,103.0,121.0,101.0,23.2,35.6,25.3,122.0
2026-08-21 06:00:00,2026-08-23 06:00:00,48,6,21,4,8,25.4,96.0,1.0,947.7,0.0,115.73611111111111,1.4166666666666667,103.0,121.0,101.0,23.2,35.6,25.3,116.0
2026-08-21 06:00:00,2026-08-24 06:00:00,72,6,21,4,8,25.4,96.0,1.0,947.7,0.0,115.73611111111111,1.4166666666666667,103.0,121.0,101.0,23.2,35.6,25.3,108.0
2026-08-21 07:00:00,2026-08-22 07:00:00,24,7,21,4,8,26.3,90.0,0.9,948.2,0.0,116.25,1.4583333333333333,101.0,122.0,102.0,24.6,28.7,29.6,123.0
2026-08-21 07:00:00,2026-08-23 07:00:00,48,7,21,4,8,26.3,90.0,0.9,948.2,0.0,116.25,1.4583333333333333,101.0,122.0,102.0,24.6,28.7,29.6,113.0
2026-08-21 07:00:00,2026-08-24 07:00:00,72,7,21,4,8,26.3,90.0,0.9,948.2,0.0,116.25,1.4583333333333333,101.0,122.0,102.0,24.6,28.7,29.6,113.0
2026-08-21 08:00:00,2026-08-22 08:00:00,24,8,21,4,8,25.5,92.0,2.5,949.0,1.3,116.75,1.5416666666666667,101.0,122.0,103.0,26.4,22.3,29.2,126.0
2026-08-21 08:00:00,2026-08-23 08:00:00,48,8,21,4,8,25.5,92.0,2.5,949.0,1.3,116.75,1.5416666666666667,101.0,122.0,103.0,26.4,22.3,29.2,111.0
2026-08-21 08:00:00,2026-08-24 08:00:00,72,8,21,4,8,25.5,92.0,2.5,949.0,1.3,116.75,1.5416666666666667,101.0,122.0,103.0,26.4,22.3,29.2,118.0
2026-08-21 09:00:00,2026-08-22 09:00:00,24,9,21,4,8,26.0,87.0,3.3,949.1,0.9,117.23611111111111,1.5416666666666667,101.0,122.0,104.0,27.8,23.1,27.0,126.0
2026-08-21 09:00:00,2026-08-23 09:00:00,48,9,21,4,8,26.0,87.0,3.3,949.1,0.9,117.23611111111111,1.5416666666666667,101.0,122.0,104.0,27.8,23.1,27.0,109.0
2026-08-21 09:00:00,2026-08-24 09:00:00,72,9,21,4,8,26.0,87.0,3.3,949.1,0.9,117.23611111111111,1.5416666666666667,101.0,122.0,104.0,27.8,23.1,27.0,122.0
2026-08-21 10:00:00,2026-08-22 10:00:00,24,10,21,4,8,27.8,77.0,2.6,949.7,0.1,117.70833333333333,1.5416666666666667,102.0,121.0,104.0,27.9,27.5,26.7,126.0
2026-08-21 10:00:00,2026-08-23 10:00:00,48,10,21,4,8,27.8,77.0,2.6,949.7,0.1,117.70833333333333,1.5416666666666667,102.0,121.0,104.0,27.9,27.5,26.7,108.0
2026-08-21 10:00:00,2026-08-24 10:00:00,72,10,21,4,8,27.8,77.0,2.6,949.7,0.1,117.70833333333333,1.5416666666666667,102.0,121.0,104.0,27.9,27.5,26.7,123.0
2026-08-21 11:00:00,2026-08-22 11:00:00,24,11,21,4,8,29.7,70.0,3.6,949.9,0.0,118.19444444444444,1.5416666666666667,102.0,121.0,103.0,31.3,29.0,27.1,127.0
2026-08-21 11:00:00,2026-08-23 11:00:00,48,11,21,4,8,29.7,70.0,3.6,949.9,0.0,118.19444444444444,1.5416666666666667,102.0,121.0,103.0,31.3,29.0,27.1,108.0
2026-08-21 11:00:00,2026-08-24 11:00:00,72,11,21,4,8,29.7,70.0,3.6,949.9,0.0,118.19444444444444,1.5416666666666667,102.0,121.0,103.0,31.3,29.0,27.1,123.0
2026-08-21 12:00:00,2026-08-22 12:00:00,24,12,21,4,8,31.0,68.0,3.4,949.3,0.0,118.69444444444444,1.5416666666666667,102.0,121.0,103.0,31.9,32.8,27.9,127.0
2026-08-21 12:00:00,2026-08-23 12:00:00,48,12,21,4,8,31.0,68.0,3.4,949.3,0.0,118.69444444444444,1.5416666666666667,102.0,121.0,103.0,31.9,32.8,27.9,107.0
2026-08-21 12:00:00,2026-08-24 12:00:00,72,12,21,4,8,31.0,68.0,3.4,949.3,0.0,118.69444444444444,1.5416666666666667,102.0,121.0,103.0,31.9,32.8,27.9,124.0
2026-08-21 13:00:00,2026-08-22 13:00:00,24,13,21,4,8,31.4,68.0,4.5,948.8,0.0,119.18055555555556,1.5,102.0,122.0,102.0,33.5,33.9,29.0,127.0
2026-08-21 13:00:00,2026-08-23 13:00:00,48,13,21,4,8,31.4,68.0,4.5,948.8,0.0,119.18055555555556,1.5,102.0,122.0,102.0,33.5,33.9,29.0,106.0
2026-08-21 13:00:00,2026-08-24 13:00:00,72,13,21,4,8,31.4,68.0,4.5,948.8,0.0,119.18055555555556,1.5,102.0,122.0,102.0,33.5,33.9,29.0,124.0
2026-08-21 14:00:00,2026-08-22 14:00:00,24,14,21,4,8,31.7,68.0,6.0,948.0,0.0,119.68055555555556,1.5,102.0,123.0,102.0,32.6,36.0,30.2,127.0
2026-08-21 14:00:00,2026-08-23 14:00:00,48,14,21,4,8,31.7,68.0,6.0,948.0,0.0,119.68055555555556,1.5,102.0,123.0,102.0,32.6,36.0,30.2,105.0
2026-08-21 14:00:00,2026-08-24 14:00:00,72,14,21,4,8,31.7,68.0,6.0,948.0,0.0,119.68055555555556,1.5,102.0,123.0,102.0,32.6,36.0,30.2,125.0
2026-08-21 15:00:00,2026-08-22 15:00:00,24,15,21,4,8,31.4,69.0,7.6,947.4,0.0,120.18055555555556,1.5,102.0,123.0,112.0,32.5,37.0,30.9,127.0
2026-08-21 15:00:00,2026-08-23 15:00:00,48,15,21,4,8,31.4,69.0,7.6,947.4,0.0,120.18055555555556,1.5,102.0,123.0,112.0,32.5,37.0,30.9,104.0
2026-08-21 15:00:00,2026-08-24 15:00:00,72,15,21,4,8,31.4,69.0,7.6,947.4,0.0,120.18055555555556,1.5,102.0,123.0,112.0,32.5,37.0,30.9,129.0
2026-08-21 16:00:00,2026-08-22 16:00:00,24,16,21,4,8,29.6,79.0,3.7,946.5,0.8,120.52777777777777,1.4583333333333333,101.0,124.0,135.0,31.9,34.7,31.2,130.0
2026-08-21 16:00:00,2026-08-23 16:00:00,48,16,21,4,8,29.6,79.0,3.7,946.5,0.8,120.52777777777777,1.4583333333333333,101.0,124.0,135.0,31.9,34.7,31.2,103.0
2026-08-21 16:00:00,2026-08-24 16:00:00,72,16,21,4,8,29.6,79.0,3.7,946.5,0.8,120.52777777777777,1.4583333333333333,101.0,124.0,135.0,31.9,34.7,31.2,165.0
2026-08-21 17:00:00,2026-08-22 17:00:00,24,17,21,4,8,31.5,67.0,6.6,946.3,0.2,120.55555555555556,1.5,101.0,125.0,155.0,50.1,41.4,46.7,149.0
2026-08-21 17:00:00,2026-08-23 17:00:00,48,17,21,4,8,31.5,67.0,6.6,946.3,0.2,120.55555555555556,1.5,101.0,125.0,155.0,50.1,41.4,46.7,113.0
2026-08-21 17:00:00,2026-08-24 17:00:00,72,17,21,4,8,31.5,67.0,6.6,946.3,0.2,120.55555555555556,1.5,101.0,125.0,155.0,50.1,41.4,46.7,191.0
2026-08-21 18:00:00,2026-08-22 18:00:00,24,18,21,4,8,30.4,75.0,6.5,946.3,0.0,120.30555555555556,1.5,102.0,124.0,165.0,51.1,42.5,54.1,155.0
2026-08-21 18:00:00,2026-08-23 18:00:00,48,18,21,4,8,30.4,75.0,6.5,946.3,0.0,120.30555555555556,1.5,102.0,124.0,165.0,51.1,42.5,54.1,129.0
2026-08-21 18:00:00,2026-08-24 18:00:00,72,18,21,4,8,30.4,75.0,6.5,946.3,0.0,120.30555555555556,1.5,102.0,124.0,165.0,51.1,42.5,54.1,201.0
2026-08-21 19:00:00,2026-08-22 19:00:00,24,19,21,4,8,29.0,81.0,7.7,946.4,0.0,119.97222222222223,1.625,103.0,122.0,163.0,61.9,45.3,63.1,152.0
2026-08-21 19:00:00,2026-08-23 19:00:00,48,19,21,4,8,29.0,81.0,7.7,946.4,0.0,119.97222222222223,1.625,103.0,122.0,163.0,61.9,45.3,63.1,136.0
2026-08-21 19:00:00,2026-08-24 19:00:00,72,19,21,4,8,29.0,81.0,7.7,946.4,0.0,119.97222222222223,1.625,103.0,122.0,163.0,61.9,45.3,63.1,196.0
2026-08-21 20:00:00,2026-08-22 20:00:00,24,20,21,4,8,28.0,86.0,6.0,946.8,0.0,119.65277777777777,1.5416666666666667,104.0,121.0,149.0,77.8,48.3,61.5,138.0
2026-08-21 20:00:00,2026-08-23 20:00:00,48,20,21,4,8,28.0,86.0,6.0,946.8,0.0,119.65277777777777,1.5416666666666667,104.0,121.0,149.0,77.8,48.3,61.5,130.0
2026-08-21 20:00:00,2026-08-24 20:00:00,72,20,21,4,8,28.0,86.0,6.0,946.8,0.0,119.65277777777777,1.5416666666666667,104.0,121.0,149.0,77.8,48.3,61.5,172.0
2026-08-21 21:00:00,2026-08-22 21:00:00,24,21,21,4,8,27.5,88.0,5.6,947.3,0.0,119.45833333333333,1.2916666666666667,108.0,119.0,120.0,90.6,51.1,61.9,127.0
2026-08-21 21:00:00,2026-08-23 21:00:00,48,21,21,4,8,27.5,88.0,5.6,947.3,0.0,119.45833333333333,1.2916666666666667,108.0,119.0,120.0,90.6,51.1,61.9,114.0
2026-08-21 21:00:00,2026-08-24 21:00:00,72,21,21,4,8,27.5,88.0,5.6,947.3,0.0,119.45833333333333,1.2916666666666667,108.0,119.0,120.0,90.6,51.1,61.9,134.0
2026-08-21 22:00:00,2026-08-22 22:00:00,24,22,21,4,8,27.1,90.0,4.3,947.5,0.0,119.63888888888889,1.0416666666666667,112.0,118.0,108.0,98.5,55.3,62.9,125.0
2026-08-21 22:00:00,2026-08-23 22:00:00,48,22,21,4,8,27.1,90.0,4.3,947.5,0.0,119.63888888888889,1.0416666666666667,112.0,118.0,108.0,98.5,55.3,62.9,96.0
2026-08-21 22:00:00,2026-08-24 22:00:00,72,22,21,4,8,27.1,90.0,4.3,947.5,0.0,119.63888888888889,1.0416666666666667,112.0,118.0,108.0,98.5,55.3,62.9,126.0
2026-08-21 23:00:00,2026-08-22 23:00:00,24,23,21,4,8,25.3,93.0,9.5,947.2,0.0,119.94444444444444,0.75,116.0,117.0,109.0,104.8,60.1,61.7,123.0
2026-08-21 23:00:00,2026-08-23 23:00:00,48,23,21,4,8,25.3,93.0,9.5,947.2,0.0,119.94444444444444,0.75,116.0,117.0,109.0,104.8,60.1,61.7,96.0
2026-08-21 23:00:00,2026-08-24 23:00:00,72,23,21,4,8,25.3,93.0,9.5,947.2,0.0,119.94444444444444,0.75,116.0,117.0,109.0,104.8,60.1,61.7,126.0
2026-08-22 00:00:00,2026-08-23 00:00:00,24,0,22,5,8,24.4,95.0,7.7,946.8,3.1,120.20833333333333,0.5,121.0,117.0,109.0,100.8,54.6,60.1,122.0
2026-08-22 00:00:00,2026-08-24 00:00:00,48,0,22,5,8,24.4,95.0,7.7,946.8,3.1,120.20833333333333,0.5,121.0,117.0,109.0,100.8,54.6,60.1,96.0
2026-08-22 00:00:00,2026-08-25 00:00:00,72,0,22,5,8,24.4,95.0,7.7,946.8,3.1,120.20833333333333,0.5,121.0,117.0,109.0,100.8,54.6,60.1,125.0
2026-08-22 01:00:00,2026-08-23 01:00:00,24,1,22,5,8,24.0,95.0,1.2,946.9,5.2,120.43055555555556,0.16666666666666666,126.0,116.0,110.0,87.5,48.7,58.6,121.0
2026-08-22 01:00:00,2026-08-24 01:00:00,48,1,22,5,8,24.0,95.0,1.2,946.9,5.2,120.43055555555556,0.16666666666666666,126.0,116.0,110.0,87.5,48.7,58.6,96.0
2026-08-22 01:00:00,2026-08-25 01:00:00,72,1,22,5,8,24.0,95.0,1.2,946.9,5.2,120.43055555555556,0.16666666666666666,126.0,116.0,110.0,87.5,48.7,58.6,125.0
2026-08-22 02:00:00,2026-08-23 02:00:00,24,2,22,5,8,23.8,96.0,6.5,947.3,2.5,120.59722222222223,-0.16666666666666666,130.0,115.0,111.0,78.0,27.8,58.1,119.0
2026-08-22 02:00:00,2026-08-24 02:00:00,48,2,22,5,8,23.8,96.0,6.5,947.3,2.5,120.59722222222223,-0.16666666666666666,130.0,115.0,111.0,78.0,27.8,58.1,96.0
2026-08-22 02:00:00,2026-08-25 02:00:00,72,2,22,5,8,23.8,96.0,6.5,947.3,2.5,120.59722222222223,-0.16666666666666666,130.0,115.0,111.0,78.0,27.8,58.1,124.0
2026-08-22 03:00:00,2026-08-23 03:00:00,24,3,22,5,8,23.6,96.0,6.2,946.9,2.0,120.73611111111111,-0.375,135.0,112.0,114.0,40.6,17.9,58.9,118.0
2026-08-22 03:00:00,2026-08-24 03:00:00,48,3,22,5,8,23.6,96.0,6.2,946.9,2.0,120.73611111111111,-0.375,135.0,112.0,114.0,40.6,17.9,58.9,97.0
2026-08-22 03:00:00,2026-08-25 03:00:00,72,3,22,5,8,23.6,96.0,6.2,946.9,2.0,120.73611111111111,-0.375,135.0,112.0,114.0,40.6,17.9,58.9,123.0
2026-08-22 04:00:00,2026-08-23 04:00:00,24,4,22,5,8,23.6,96.0,6.6,946.6,0.5,120.80555555555556,-0.6666666666666666,137.0,108.0,117.0,25.0,19.4,58.9,119.0
2026-08-22 04:00:00,2026-08-24 04:00:00,48,4,22,5,8,23.6,96.0,6.6,946.6,0.5,120.80555555555556,-0.6666666666666666,137.0,108.0,117.0,25.0,19.4,58.9,99.0
2026-08-22 04:00:00,2026-08-25 04:00:00,72,4,22,5,8,23.6,96.0,6.6,946.6,0.5,120.80555555555556,-0.6666666666666666,137.0,108.0,117.0,25.0,19.4,58.9,120.0
2026-08-22 05:00:00,2026-08-23 05:00:00,24,5,22,5,8,25.3,96.0,3.7,946.3,2.3,120.83333333333333,-0.75,138.0,104.0,120.0,26.9,24.6,36.4,119.0
2026-08-22 05:00:00,2026-08-24 05:00:00,48,5,22,5,8,25.3,96.0,3.7,946.3,2.3,120.83333333333333,-0.75,138.0,104.0,120.0,26.9,24.6,36.4,102.0
2026-08-22 05:00:00,2026-08-25 05:00:00,72,5,22,5,8,25.3,96.0,3.7,946.3,2.3,120.83333333333333,-0.75,138.0,104.0,120.0,26.9,24.6,36.4,118.0
2026-08-22 06:00:00,2026-08-23 06:00:00,24,6,22,5,8,24.8,98.0,1.2,947.3,0.1,120.81944444444444,-0.7916666666666666,138.0,103.0,121.0,24.0,23.2,35.6,116.0
2026-08-22 06:00:00,2026-08-24 06:00:00,48,6,22,5,8,24.8,98.0,1.2,947.3,0.1,120.81944444444444,-0.7916666666666666,138.0,103.0,121.0,24.0,23.2,35.6,108.0
2026-08-22 06:00:00,2026-08-25 06:00:00,72,6,22,5,8,24.8,98.0,1.2,947.3,0.1,120.81944444444444,-0.7916666666666666,138.0,103.0,121.0,24.0,23.2,35.6,115.0
2026-08-22 07:00:00,2026-08-23 07:00:00,24,7,22,5,8,25.4,96.0,4.0,947.8,0.4,120.83333333333333,-0.6666666666666666,138.0,101.0,122.0,20.0,24.6,28.7,113.0
2026-08-22 07:00:00,2026-08-24 07:00:00,48,7,22,5,8,25.4,96.0,4.0,947.8,0.4,120.83333333333333,-0.6666666666666666,138.0,101.0,122.0,20.0,24.6,28.7,113.0
2026-08-22 07:00:00,2026-08-25 07:00:00,72,7,22,5,8,25.4,96.0,4.0,947.8,0.4,120.83333333333333,-0.6666666666666666,138.0,101.0,122.0,20.0,24.6,28.7,112.0
2026-08-22 08:00:00,2026-08-23 08:00:00,24,8,22,5,8,26.4,93.0,6.2,948.4,0.2,120.84722222222223,-0.625,138.0,101.0,122.0,33.2,26.4,22.3,111.0
2026-08-22 08:00:00,2026-08-24 08:00:00,48,8,22,5,8,26.4,93.0,6.2,948.4,0.2,120.84722222222223,-0.625,138.0,101.0,122.0,33.2,26.4,22.3,118.0
2026-08-22 08:00:00,2026-08-25 08:00:00,72,8,22,5,8,26.4,93.0,6.2,948.4,0.2,120.84722222222223,-0.625,138.0,101.0,122.0,33.2,26.4,22.3,110.0
2026-08-22 09:00:00,2026-08-23 09:00:00,24,9,22,5,8,27.2,86.0,6.2,948.8,0.1,120.90277777777777,-0.5,138.0,101.0,122.0,30.7,27.8,23.1,109.0
2026-08-22 09:00:00,2026-08-24 09:00:00,48,9,22,5,8,27.2,86.0,6.2,948.8,0.1,120.90277777777777,-0.5,138.0,101.0,122.0,30.7,27.8,23.1,122.0
2026-08-22 09:00:00,2026-08-25 09:00:00,72,9,22,5,8,27.2,86.0,6.2,948.8,0.1,120.90277777777777,-0.5,138.0,101.0,122.0,30.7,27.8,23.1,107.0
2026-08-22 10:00:00,2026-08-23 10:00:00,24,10,22,5,8,28.8,76.0,9.3,948.9,0.0,120.95833333333333,-0.5,139.0,102.0,121.0,27.9,27.9,27.5,108.0
2026-08-22 10:00:00,2026-08-24 10:00:00,48,10,22,5,8,28.8,76.0,9.3,948.9,0.0,120.95833333333333,-0.5,139.0,102.0,121.0,27.9,27.9,27.5,123.0
2026-08-22 10:00:00,2026-08-25 10:00:00,72,10,22,5,8,28.8,76.0,9.3,948.9,0.0,120.95833333333333,-0.5,139.0,102.0,121.0,27.9,27.9,27.5,107.0
2026-08-22 11:00:00,2026-08-23 11:00:00,24,11,22,5,8,31.0,66.0,7.1,948.8,0.0,121.02777777777777,-0.5416666666666666,139.0,102.0,121.0,28.9,31.3,29.0,108.0
2026-08-22 11:00:00,2026-08-24 11:00:00,48,11,22,5,8,31.0,66.0,7.1,948.8,0.0,121.02777777777777,-0.5416666666666666,139.0,102.0,121.0,28.9,31.3,29.0,123.0
2026-08-22 11:00:00,2026-08-25 11:00:00,72,11,22,5,8,31.0,66.0,7.1,948.8,0.0,121.02777777777777,-0.5416666666666666,139.0,102.0,121.0,28.9,31.3,29.0,106.0
2026-08-22 12:00:00,2026-08-23 12:00:00,24,12,22,5,8,32.3,60.0,5.1,948.5,0.0,121.11111111111111,-0.5,138.0,102.0,121.0,28.6,31.9,32.8,107.0
2026-08-22 12:00:00,2026-08-24 12:00:00,48,12,22,5,8,32.3,60.0,5.1,948.5,0.0,121.11111111111111,-0.5,138.0,102.0,121.0,28.6,31.9,32.8,124.0
2026-08-22 12:00:00,2026-08-25 12:00:00,72,12,22,5,8,32.3,60.0,5.1,948.5,0.0,121.11111111111111,-0.5,138.0,102.0,121.0,28.6,31.9,32.8,106.0
2026-08-22 13:00:00,2026-08-23 13:00:00,24,13,22,5,8,32.9,57.0,5.9,948.1,0.0,121.19444444444444,-0.4583333333333333,138.0,102.0,122.0,30.0,33.5,33.9,106.0
2026-08-22 13:00:00,2026-08-24 13:00:00,48,13,22,5,8,32.9,57.0,5.9,948.1,0.0,121.19444444444444,-0.4583333333333333,138.0,102.0,122.0,30.0,33.5,33.9,124.0
2026-08-22 13:00:00,2026-08-25 13:00:00,72,13,22,5,8,32.9,57.0,5.9,948.1,0.0,121.19444444444444,-0.4583333333333333,138.0,102.0,122.0,30.0,33.5,33.9,106.0
2026-08-22 14:00:00,2026-08-23 14:00:00,24,14,22,5,8,32.9,56.0,5.8,947.2,1.0,121.26388888888889,-0.4583333333333333,138.0,102.0,123.0,30.6,32.6,36.0,105.0
2026-08-22 14:00:00,2026-08-24 14:00:00,48,14,22,5,8,32.9,56.0,5.8,947.2,1.0,121.26388888888889,-0.4583333333333333,138.0,102.0,123.0,30.6,32.6,36.0,125.0
2026-08-22 14:00:00,2026-08-25 14:00:00,72,14,22,5,8,32.9,56.0,5.8,947.2,1.0,121.26388888888889,-0.4583333333333333,138.0,102.0,123.0,30.6,32.6,36.0,110.0
2026-08-22 15:00:00,2026-08-23 15:00:00,24,15,22,5,8,33.0,56.0,6.1,946.7,0.3,121.31944444444444,-0.4583333333333333,137.0,102.0,123.0,30.7,32.5,37.0,104.0
2026-08-22 15:00:00,2026-08-24 15:00:00,48,15,22,5,8,33.0,56.0,6.1,946.7,0.3,121.31944444444444,-0.4583333333333333,137.0,102.0,123.0,30.7,32.5,37.0,129.0
2026-08-22 15:00:00,2026-08-25 15:00:00,72,15,22,5,8,33.0,56.0,6.1,946.7,0.3,121.31944444444444,-0.4583333333333333,137.0,102.0,123.0,30.7,32.5,37.0,143.0
2026-08-22 16:00:00,2026-08-23 16:00:00,24,16,22,5,8,32.7,58.0,7.5,946.2,0.0,121.375,-0.4166666666666667,137.0,101.0,124.0,30.4,31.9,34.7,103.0
2026-08-22 16:00:00,2026-08-24 16:00:00,48,16,22,5,8,32.7,58.0,7.5,946.2,0.0,121.375,-0.4166666666666667,137.0,101.0,124.0,30.4,31.9,34.7,165.0
2026-08-22 16:00:00,2026-08-25 16:00:00,72,16,22,5,8,32.7,58.0,7.5,946.2,0.0,121.375,-0.4166666666666667,137.0,101.0,124.0,30.4,31.9,34.7,164.0
2026-08-22 17:00:00,2026-08-23 17:00:00,24,17,22,5,8,30.9,69.0,3.5,946.4,0.0,121.45833333333333,-0.2916666666666667,137.0,101.0,125.0,42.6,50.1,41.4,113.0
2026-08-22 17:00:00,2026-08-24 17:00:00,48,17,22,5,8,30.9,69.0,3.5,946.4,0.0,121.45833333333333,-0.2916666666666667,137.0,101.0,125.0,42.6,50.1,41.4,191.0
2026-08-22 17:00:00,2026-08-25 17:00:00,72,17,22,5,8,30.9,69.0,3.5,946.4,0.0,121.45833333333333,-0.2916666666666667,137.0,101.0,125.0,42.6,50.1,41.4,178.0
2026-08-22 18:00:00,2026-08-23 18:00:00,24,18,22,5,8,30.3,77.0,3.1,946.2,0.0,121.79166666666667,0.5,141.0,102.0,124.0,43.1,51.1,42.5,129.0
2026-08-22 18:00:00,2026-08-24 18:00:00,48,18,22,5,8,30.3,77.0,3.1,946.2,0.0,121.79166666666667,0.5,141.0,102.0,124.0,43.1,51.1,42.5,201.0
2026-08-22 18:00:00,2026-08-25 18:00:00,72,18,22,5,8,30.3,77.0,3.1,946.2,0.0,121.79166666666667,0.5,141.0,102.0,124.0,43.1,51.1,42.5,184.0
2026-08-22 19:00:00,2026-08-23 19:00:00,24,19,22,5,8,29.0,83.0,2.6,946.2,0.0,122.22222222222223,0.5833333333333334,140.0,103.0,122.0,54.0,61.9,45.3,136.0
2026-08-22 19:00:00,2026-08-24 19:00:00,48,19,22,5,8,29.0,83.0,2.6,946.2,0.0,122.22222222222223,0.5833333333333334,140.0,103.0,122.0,54.0,61.9,45.3,196.0
2026-08-22 19:00:00,2026-08-25 19:00:00,72,19,22,5,8,29.0,83.0,2.6,946.2,0.0,122.22222222222223,0.5833333333333334,140.0,103.0,122.0,54.0,61.9,45.3,178.0
2026-08-22 20:00:00,2026-08-23 20:00:00,24,20,22,5,8,28.2,87.0,2.4,946.8,0.0,122.63888888888889,0.5,135.0,104.0,121.0,59.4,77.8,48.3,130.0
2026-08-22 20:00:00,2026-08-24 20:00:00,48,20,22,5,8,28.2,87.0,2.4,946.8,0.0,122.63888888888889,0.5,135.0,104.0,121.0,59.4,77.8,48.3,172.0
2026-08-22 20:00:00,2026-08-25 20:00:00,72,20,22,5,8,28.2,87.0,2.4,946.8,0.0,122.63888888888889,0.5,135.0,104.0,121.0,59.4,77.8,48.3,158.0
2026-08-22 21:00:00,2026-08-23 21:00:00,24,21,22,5,8,27.7,89.0,2.5,947.5,0.0,122.875,0.125,133.0,108.0,119.0,66.4,90.6,51.1,114.0
2026-08-22 21:00:00,2026-08-24 21:00:00,48,21,22,5,8,27.7,89.0,2.5,947.5,0.0,122.875,0.125,133.0,108.0,119.0,66.4,90.6,51.1,134.0
2026-08-22 21:00:00,2026-08-25 21:00:00,72,21,22,5,8,27.7,89.0,2.5,947.5,0.0,122.875,0.125,133.0,108.0,119.0,66.4,90.6,51.1,123.0
2026-08-22 22:00:00,2026-08-23 22:00:00,24,22,22,5,8,27.2,91.0,4.0,947.7,0.0,122.98611111111111,-0.25,130.0,112.0,118.0,73.8,98.5,55.3,96.0
2026-08-22 22:00:00,2026-08-24 22:00:00,48,22,22,5,8,27.2,91.0,4.0,947.7,0.0,122.98611111111111,-0.25,130.0,112.0,118.0,73.8,98.5,55.3,126.0
2026-08-22 22:00:00,2026-08-25 22:00:00,72,22,22,5,8,27.2,91.0,4.0,947.7,0.0,122.98611111111111,-0.25,130.0,112.0,118.0,73.8,98.5,55.3,108.0
2026-08-22 23:00:00,2026-08-23 23:00:00,24,23,22,5,8,27.4,94.0,6.0,947.1,0.0,123.08333333333333,-0.20833333333333334,128.0,116.0,117.0,75.7,104.8,60.1,96.0
2026-08-22 23:00:00,2026-08-24 23:00:00,48,23,22,5,8,27.4,94.0,6.0,947.1,0.0,123.08333333333333,-0.20833333333333334,128.0,116.0,117.0,75.7,104.8,60.1,126.0
2026-08-22 23:00:00,2026-08-25 23:00:00,72,23,22,5,8,27.4,94.0,6.0,947.1,0.0,123.08333333333333,-0.20833333333333334,128.0,116.0,117.0,75.7,104.8,60.1,108.0
2026-08-23 00:00:00,2026-08-24 00:00:00,24,0,23,6,8,24.5,96.0,10.7,947.3,2.1,123.16666666666667,-0.20833333333333334,125.0,121.0,117.0,77.1,100.8,54.6,96.0
2026-08-23 00:00:00,2026-08-25 00:00:00,48,0,23,6,8,24.5,96.0,10.7,947.3,2.1,123.16666666666667,-0.20833333333333334,125.0,121.0,117.0,77.1,100.8,54.6,125.0
2026-08-23 00:00:00,2026-08-26 00:00:00,72,0,23,6,8,24.5,96.0,10.7,947.3,2.1,123.16666666666667,-0.20833333333333334,125.0,121.0,117.0,77.1,100.8,54.6,108.0
2026-08-23 01:00:00,2026-08-24 01:00:00,24,1,23,6,8,23.6,97.0,7.4,948.3,2.1,123.23611111111111,-0.125,122.0,126.0,116.0,73.8,87.5,48.7,96.0
2026-08-23 01:00:00,2026-08-25 01:00:00,48,1,23,6,8,23.6,97.0,7.4,948.3,2.1,123.23611111111111,-0.125,122.0,126.0,116.0,73.8,87.5,48.7,125.0
2026-08-23 01:00:00,2026-08-26 01:00:00,72,1,23,6,8,23.6,97.0,7.4,948.3,2.1,123.23611111111111,-0.125,122.0,126.0,116.0,73.8,87.5,48.7,108.0
2026-08-23 02:00:00,2026-08-24 02:00:00,24,2,23,6,8,23.1,98.0,8.4,948.6,2.6,123.30555555555556,-0.041666666666666664,121.0,130.0,115.0,61.0,78.0,27.8,96.0
2026-08-23 02:00:00,2026-08-25 02:00:00,48,2,23,6,8,23.1,98.0,8.4,948.6,2.6,123.30555555555556,-0.041666666666666664,121.0,130.0,115.0,61.0,78.0,27.8,124.0
2026-08-23 02:00:00,2026-08-26 02:00:00,72,2,23,6,8,23.1,98.0,8.4,948.6,2.6,123.30555555555556,-0.041666666666666664,121.0,130.0,115.0,61.0,78.0,27.8,108.0
2026-08-23 03:00:00,2026-08-24 03:00:00,24,3,23,6,8,22.8,96.0,5.9,948.1,1.7,123.36111111111111,-0.08333333333333333,119.0,135.0,112.0,40.0,40.6,17.9,97.0
2026-08-23 03:00:00,2026-08-25 03:00:00,48,3,23,6,8,22.8,96.0,5.9,948.1,1.7,123.36111111111111,-0.08333333333333333,119.0,135.0,112.0,40.0,40.6,17.9,123.0
2026-08-23 03:00:00,2026-08-26 03:00:00,72,3,23,6,8,22.8,96.0,5.9,948.1,1.7,123.36111111111111,-0.08333333333333333,119.0,135.0,112.0,40.0,40.6,17.9,108.0
2026-08-23 04:00:00,2026-08-24 04:00:00,24,4,23,6,8,23.1,96.0,8.1,948.5,0.1,123.44444444444444,-0.041666666666666664,119.0,137.0,108.0,28.7,25.0,19.4,99.0
2026-08-23 04:00:00,2026-08-25 04:00:00,48,4,23,6,8,23.1,96.0,8.1,948.5,0.1,123.44444444444444,-0.041666666666666664,119.0,137.0,108.0,28.7,25.0,19.4,120.0
2026-08-23 04:00:00,2026-08-26 04:00:00,72,4,23,6,8,23.1,96.0,8.1,948.5,0.1,123.44444444444444,-0.041666666666666664,119.0,137.0,108.0,28.7,25.0,19.4,109.0
2026-08-23 05:00:00,2026-08-24 05:00:00,24,5,23,6,8,24.5,96.0,9.4,948.3,0.0,123.59722222222223,0.0,119.0,138.0,104.0,48.3,26.9,24.6,102.0
2026-08-23 05:00:00,2026-08-25 05:00:00,48,5,23,6,8,24.5,96.0,9.4,948.3,0.0,123.59722222222223,0.0,119.0,138.0,104.0,48.3,26.9,24.6,118.0
2026-08-23 05:00:00,2026-08-26 05:00:00,72,5,23,6,8,24.5,96.0,9.4,948.3,0.0,123.59722222222223,0.0,119.0,138.0,104.0,48.3,26.9,24.6,109.0
2026-08-23 06:00:00,2026-08-24 06:00:00,24,6,23,6,8,24.2,96.0,1.1,948.4,0.1,123.80555555555556,0.0,122.0,138.0,103.0,40.0,24.0,23.2,108.0
2026-08-23 06:00:00,2026-08-25 06:00:00,48,6,23,6,8,24.2,96.0,1.1,948.4,0.1,123.80555555555556,0.0,122.0,138.0,103.0,40.0,24.0,23.2,115.0
2026-08-23 06:00:00,2026-08-26 06:00:00,72,6,23,6,8,24.2,96.0,1.1,948.4,0.1,123.80555555555556,0.0,122.0,138.0,103.0,40.0,24.0,23.2,109.0
2026-08-23 07:00:00,2026-08-24 07:00:00,24,7,23,6,8,25.0,94.0,3.5,948.3,0.0,123.98611111111111,-0.25,123.0,138.0,101.0,43.2,20.0,24.6,113.0
2026-08-23 07:00:00,2026-08-25 07:00:00,48,7,23,6,8,25.0,94.0,3.5,948.3,0.0,123.98611111111111,-0.25,123.0,138.0,101.0,43.2,20.0,24.6,112.0
2026-08-23 07:00:00,2026-08-26 07:00:00,72,7,23,6,8,25.0,94.0,3.5,948.3,0.0,123.98611111111111,-0.25,123.0,138.0,101.0,43.2,20.0,24.6,108.0
2026-08-23 08:00:00,2026-08-24 08:00:00,24,8,23,6,8,26.3,90.0,3.5,949.6,0.0,124.15277777777777,-0.4166666666666667,126.0,138.0,101.0,38.1,33.2,26.4,118.0
2026-08-23 08:00:00,2026-08-25 08:00:00,48,8,23,6,8,26.3,90.0,3.5,949.6,0.0,124.15277777777777,-0.4166666666666667,126.0,138.0,101.0,38.1,33.2,26.4,110.0
2026-08-23 08:00:00,2026-08-26 08:00:00,72,8,23,6,8,26.3,90.0,3.5,949.6,0.0,124.15277777777777,-0.4166666666666667,126.0,138.0,101.0,38.1,33.2,26.4,108.0
2026-08-23 09:00:00,2026-08-24 09:00:00,24,9,23,6,8,27.3,84.0,2.9,950.1,0.0,124.29166666666667,-0.625,126.0,138.0,101.0,32.2,30.7,27.8,122.0
2026-08-23 09:00:00,2026-08-25 09:00:00,48,9,23,6,8,27.3,84.0,2.9,950.1,0.0,124.29166666666667,-0.625,126.0,138.0,101.0,32.2,30.7,27.8,107.0
2026-08-23 09:00:00,2026-08-26 09:00:00,72,9,23,6,8,27.3,84.0,2.9,950.1,0.0,124.29166666666667,-0.625,126.0,138.0,101.0,32.2,30.7,27.8,109.0
2026-08-23 10:00:00,2026-08-24 10:00:00,24,10,23,6,8,28.9,76.0,6.3,951.0,0.0,124.40277777777777,-0.7083333333333334,126.0,139.0,102.0,30.5,27.9,27.9,123.0
2026-08-23 10:00:00,2026-08-25 10:00:00,48,10,23,6,8,28.9,76.0,6.3,951.0,0.0,124.40277777777777,-0.7083333333333334,126.0,139.0,102.0,30.5,27.9,27.9,107.0
2026-08-23 10:00:00,2026-08-26 10:00:00,72,10,23,6,8,28.9,76.0,6.3,951.0,0.0,124.40277777777777,-0.7083333333333334,126.0,139.0,102.0,30.5,27.9,27.9,109.0
2026-08-23 11:00:00,2026-08-24 11:00:00,24,11,23,6,8,30.9,63.0,5.8,951.2,0.0,124.48611111111111,-0.75,127.0,139.0,102.0,30.2,28.9,31.3,123.0
2026-08-23 11:00:00,2026-08-25 11:00:00,48,11,23,6,8,30.9,63.0,5.8,951.2,0.0,124.48611111111111,-0.75,127.0,139.0,102.0,30.2,28.9,31.3,106.0
2026-08-23 11:00:00,2026-08-26 11:00:00,72,11,23,6,8,30.9,63.0,5.8,951.2,0.0,124.48611111111111,-0.75,127.0,139.0,102.0,30.2,28.9,31.3,110.0
2026-08-23 12:00:00,2026-08-24 12:00:00,24,12,23,6,8,31.1,62.0,8.1,951.3,0.0,124.56944444444444,-0.7916666666666666,127.0,138.0,102.0,30.2,28.6,31.9,124.0
2026-08-23 12:00:00,2026-08-25 12:00:00,48,12,23,6,8,31.1,62.0,8.1,951.3,0.0,124.56944444444444,-0.7916666666666666,127.0,138.0,102.0,30.2,28.6,31.9,106.0
2026-08-23 12:00:00,2026-08-26 12:00:00,72,12,23,6,8,31.1,62.0,8.1,951.3,0.0,124.56944444444444,-0.7916666666666666,127.0,138.0,102.0,30.2,28.6,31.9,110.0
2026-08-23 13:00:00,2026-08-24 13:00:00,24,13,23,6,8,31.2,60.0,6.7,950.8,0.1,124.63888888888889,-0.8333333333333334,127.0,138.0,102.0,32.0,30.0,33.5,124.0
2026-08-23 13:00:00,2026-08-25 13:00:00,48,13,23,6,8,31.2,60.0,6.7,950.8,0.1,124.63888888888889,-0.8333333333333334,127.0,138.0,102.0,32.0,30.0,33.5,106.0
2026-08-23 13:00:00,2026-08-26 13:00:00,72,13,23,6,8,31.2,60.0,6.7,950.8,0.1,124.63888888888889,-0.8333333333333334,127.0,138.0,102.0,32.0,30.0,33.5,111.0
2026-08-23 14:00:00,2026-08-24 14:00:00,24,14,23,6,8,31.6,59.0,1.7,950.3,0.2,124.69444444444444,-0.875,127.0,138.0,102.0,34.0,30.6,32.6,125.0
2026-08-23 14:00:00,2026-08-25 14:00:00,48,14,23,6,8,31.6,59.0,1.7,950.3,0.2,124.69444444444444,-0.875,127.0,138.0,102.0,34.0,30.6,32.6,110.0
2026-08-23 14:00:00,2026-08-26 14:00:00,72,14,23,6,8,31.6,59.0,1.7,950.3,0.2,124.69444444444444,-0.875,127.0,138.0,102.0,34.0,30.6,32.6,111.0
2026-08-23 15:00:00,2026-08-24 15:00:00,24,15,23,6,8,31.6,59.0,2.5,949.6,0.1,124.73611111111111,-0.9166666666666666,127.0,137.0,102.0,35.5,30.7,32.5,129.0
2026-08-23 15:00:00,2026-08-25 15:00:00,48,15,23,6,8,31.6,59.0,2.5,949.6,0.1,124.73611111111111,-0.9166666666666666,127.0,137.0,102.0,35.5,30.7,32.5,143.0
2026-08-23 15:00:00,2026-08-26 15:00:00,72,15,23,6,8,31.6,59.0,2.5,949.6,0.1,124.73611111111111,-0.9166666666666666,127.0,137.0,102.0,35.5,30.7,32.5,134.0
2026-08-23 16:00:00,2026-08-24 16:00:00,24,16,23,6,8,31.3,61.0,3.9,948.9,0.0,124.76388888888889,-0.9583333333333334,130.0,137.0,101.0,36.8,30.4,31.9,165.0
2026-08-23 16:00:00,2026-08-25 16:00:00,48,16,23,6,8,31.3,61.0,3.9,948.9,0.0,124.76388888888889,-0.9583333333333334,130.0,137.0,101.0,36.8,30.4,31.9,164.0
2026-08-23 16:00:00,2026-08-26 16:00:00,72,16,23,6,8,31.3,61.0,3.9,948.9,0.0,124.76388888888889,-0.9583333333333334,130.0,137.0,101.0,36.8,30.4,31.9,158.0
2026-08-23 17:00:00,2026-08-24 17:00:00,24,17,23,6,8,30.4,67.0,5.3,949.0,0.0,124.79166666666667,-1.125,149.0,137.0,101.0,38.4,42.6,50.1,191.0
2026-08-23 17:00:00,2026-08-25 17:00:00,48,17,23,6,8,30.4,67.0,5.3,949.0,0.0,124.79166666666667,-1.125,149.0,137.0,101.0,38.4,42.6,50.1,178.0
2026-08-23 17:00:00,2026-08-26 17:00:00,72,17,23,6,8,30.4,67.0,5.3,949.0,0.0,124.79166666666667,-1.125,149.0,137.0,101.0,38.4,42.6,50.1,174.0
2026-08-23 18:00:00,2026-08-24 18:00:00,24,18,23,6,8,29.9,76.0,0.3,948.8,0.0,124.95833333333333,-1.5,155.0,141.0,102.0,45.2,43.1,51.1,201.0
2026-08-23 18:00:00,2026-08-25 18:00:00,48,18,23,6,8,29.9,76.0,0.3,948.8,0.0,124.95833333333333,-1.5,155.0,141.0,102.0,45.2,43.1,51.1,184.0
2026-08-23 18:00:00,2026-08-26 18:00:00,72,18,23,6,8,29.9,76.0,0.3,948.8,0.0,124.95833333333333,-1.5,155.0,141.0,102.0,45.2,43.1,51.1,179.0
2026-08-23 19:00:00,2026-08-24 19:00:00,24,19,23,6,8,28.6,81.0,1.5,948.6,0.0,125.33333333333333,-1.0833333333333333,152.0,140.0,103.0,53.4,54.0,61.9,196.0
2026-08-23 19:00:00,2026-08-25 19:00:00,48,19,23,6,8,28.6,81.0,1.5,948.6,0.0,125.33333333333333,-1.0833333333333333,152.0,140.0,103.0,53.4,54.0,61.9,178.0
2026-08-23 19:00:00,2026-08-26 19:00:00,72,19,23,6,8,28.6,81.0,1.5,948.6,0.0,125.33333333333333,-1.0833333333333333,152.0,140.0,103.0,53.4,54.0,61.9,172.0
2026-08-23 20:00:00,2026-08-24 20:00:00,24,20,23,6,8,27.8,85.0,0.2,948.7,0.0,125.79166666666667,-0.6666666666666666,138.0,135.0,104.0,47.4,59.4,77.8,172.0
2026-08-23 20:00:00,2026-08-25 20:00:00,48,20,23,6,8,27.8,85.0,0.2,948.7,0.0,125.79166666666667,-0.6666666666666666,138.0,135.0,104.0,47.4,59.4,77.8,158.0
2026-08-23 20:00:00,2026-08-26 20:00:00,72,20,23,6,8,27.8,85.0,0.2,948.7,0.0,125.79166666666667,-0.6666666666666666,138.0,135.0,104.0,47.4,59.4,77.8,151.0
2026-08-23 21:00:00,2026-08-24 21:00:00,24,21,23,6,8,26.9,89.0,4.2,949.0,0.0,126.15277777777777,-0.3333333333333333,127.0,133.0,108.0,49.2,66.4,90.6,134.0
2026-08-23 21:00:00,2026-08-25 21:00:00,48,21,23,6,8,26.9,89.0,4.2,949.0,0.0,126.15277777777777,-0.3333333333333333,127.0,133.0,108.0,49.2,66.4,90.6,123.0
2026-08-23 21:00:00,2026-08-26 21:00:00,72,21,23,6,8,26.9,89.0,4.2,949.0,0.0,126.15277777777777,-0.3333333333333333,127.0,133.0,108.0,49.2,66.4,90.6,113.0
2026-08-23 22:00:00,2026-08-24 22:00:00,24,22,23,6,8,26.4,91.0,6.0,949.0,0.0,126.23611111111111,-0.5416666666666666,125.0,130.0,112.0,56.0,73.8,98.5,126.0
2026-08-23 22:00:00,2026-08-25 22:00:00,48,22,23,6,8,26.4,91.0,6.0,949.0,0.0,126.23611111111111,-0.5416666666666666,125.0,130.0,112.0,56.0,73.8,98.5,108.0
2026-08-23 22:00:00,2026-08-26 22:00:00,72,22,23,6,8,26.4,91.0,6.0,949.0,0.0,126.23611111111111,-0.5416666666666666,125.0,130.0,112.0,56.0,73.8,98.5,114.0
2026-08-23 23:00:00,2026-08-24 23:00:00,24,23,23,6,8,27.1,86.0,6.9,949.2,0.0,126.01388888888889,-1.2083333333333333,123.0,128.0,116.0,63.8,75.7,104.8,126.0
2026-08-23 23:00:00,2026-08-25 23:00:00,48,23,23,6,8,27.1,86.0,6.9,949.2,0.0,126.01388888888889,-1.2083333333333333,123.0,128.0,116.0,63.8,75.7,104.8,108.0
2026-08-23 23:00:00,2026-08-26 23:00:00,72,23,23,6,8,27.1,86.0,6.9,949.2,0.0,126.01388888888889,-1.2083333333333333,123.0,128.0,116.0,63.8,75.7,104.8,114.0
2026-08-24 00:00:00,2026-08-25 00:00:00,24,0,24,0,8,26.1,90.0,3.8,949.1,0.0,125.73611111111111,-1.125,122.0,125.0,121.0,63.6,77.1,100.8,125.0
2026-08-24 00:00:00,2026-08-26 00:00:00,48,0,24,0,8,26.1,90.0,3.8,949.1,0.0,125.73611111111111,-1.125,122.0,125.0,121.0,63.6,77.1,100.8,108.0
2026-08-24 00:00:00,2026-08-27 00:00:00,72,0,24,0,8,26.1,90.0,3.8,949.1,0.0,125.73611111111111,-1.125,122.0,125.0,121.0,63.6,77.1,100.8,115.0
2026-08-24 01:00:00,2026-08-25 01:00:00,24,1,24,0,8,25.6,92.0,0.4,948.9,0.0,125.38888888888889,-1.0833333333333333,121.0,122.0,126.0,60.5,73.8,87.5,125.0
2026-08-24 01:00:00,2026-08-26 01:00:00,48,1,24,0,8,25.6,92.0,0.4,948.9,0.0,125.38888888888889,-1.0833333333333333,121.0,122.0,126.0,60.5,73.8,87.5,108.0
2026-08-24 01:00:00,2026-08-27 01:00:00,72,1,24,0,8,25.6,92.0,0.4,948.9,0.0,125.38888888888889,-1.0833333333333333,121.0,122.0,126.0,60.5,73.8,87.5,116.0
2026-08-24 02:00:00,2026-08-25 02:00:00,24,2,24,0,8,25.1,95.0,1.9,948.6,0.0,124.97222222222223,-1.0416666666666667,119.0,121.0,130.0,49.8,61.0,78.0,124.0
2026-08-24 02:00:00,2026-08-26 02:00:00,48,2,24,0,8,25.1,95.0,1.9,948.6,0.0,124.97222222222223,-1.0416666666666667,119.0,121.0,130.0,49.8,61.0,78.0,108.0
2026-08-24 02:00:00,2026-08-27 02:00:00,72,2,24,0,8,25.1,95.0,1.9,948.6,0.0,124.97222222222223,-1.0416666666666667,119.0,121.0,130.0,49.8,61.0,78.0,117.0
2026-08-24 03:00:00,2026-08-25 03:00:00,24,3,24,0,8,24.9,95.0,0.6,948.8,0.0,124.5,-0.9583333333333334,118.0,119.0,135.0,44.5,40.0,40.6,123.0
2026-08-24 03:00:00,2026-08-26 03:00:00,48,3,24,0,8,24.9,95.0,0.6,948.8,0.0,124.5,-0.9583333333333334,118.0,119.0,135.0,44.5,40.0,40.6,108.0
2026-08-24 03:00:00,2026-08-27 03:00:00,72,3,24,0,8,24.9,95.0,0.6,948.8,0.0,124.5,-0.9583333333333334,118.0,119.0,135.0,44.5,40.0,40.6,118.0
2026-08-24 04:00:00,2026-08-25 04:00:00,24,4,24,0,8,24.9,94.0,1.4,948.9,0.0,123.97222222222223,-0.875,119.0,119.0,137.0,29.6,28.7,25.0,120.0
2026-08-24 04:00:00,2026-08-26 04:00:00,48,4,24,0,8,24.9,94.0,1.4,948.9,0.0,123.97222222222223,-0.875,119.0,119.0,137.0,29.6,28.7,25.0,109.0
2026-08-24 04:00:00,2026-08-27 04:00:00,72,4,24,0,8,24.9,94.0,1.4,948.9,0.0,123.97222222222223,-0.875,119.0,119.0,137.0,29.6,28.7,25.0,119.0
2026-08-24 05:00:00,2026-08-25 05:00:00,24,5,24,0,8,24.7,96.0,4.2,949.4,0.0,123.44444444444444,-0.8333333333333334,119.0,119.0,138.0,19.8,48.3,26.9,118.0
2026-08-24 05:00:00,2026-08-26 05:00:00,48,5,24,0,8,24.7,96.0,4.2,949.4,0.0,123.44444444444444,-0.8333333333333334,119.0,119.0,138.0,19.8,48.3,26.9,109.0
2026-08-24 05:00:00,2026-08-27 05:00:00,72,5,24,0,8,24.7,96.0,4.2,949.4,0.0,123.44444444444444,-0.8333333333333334,119.0,119.0,138.0,19.8,48.3,26.9,120.0
2026-08-24 06:00:00,2026-08-25 06:00:00,24,6,24,0,8,24.4,96.0,3.2,949.8,0.0,122.94444444444444,-0.7083333333333334,116.0,122.0,138.0,17.5,40.0,24.0,115.0
2026-08-24 06:00:00,2026-08-26 06:00:00,48,6,24,0,8,24.4,96.0,3.2,949.8,0.0,122.94444444444444,-0.7083333333333334,116.0,122.0,138.0,17.5,40.0,24.0,109.0
2026-08-24 06:00:00,2026-08-27 06:00:00,72,6,24,0,8,24.4,96.0,3.2,949.8,0.0,122.94444444444444,-0.7083333333333334,116.0,122.0,138.0,17.5,40.0,24.0,122.0
2026-08-24 07:00:00,2026-08-25 07:00:00,24,7,24,0,8,25.6,91.0,4.0,950.0,0.0,122.52777777777777,-0.3333333333333333,113.0,123.0,138.0,19.6,43.2,20.0,112.0
2026-08-24 07:00:00,2026-08-26 07:00:00,48,7,24,0,8,25.6,91.0,4.0,950.0,0.0,122.52777777777777,-0.3333333333333333,113.0,123.0,138.0,19.6,43.2,20.0,108.0
2026-08-24 07:00:00,2026-08-27 07:00:00,72,7,24,0,8,25.6,91.0,4.0,950.0,0.0,122.52777777777777,-0.3333333333333333,113.0,123.0,138.0,19.6,43.2,20.0,123.0
2026-08-24 08:00:00,2026-08-25 08:00:00,24,8,24,0,8,27.1,80.0,3.6,950.3,0.0,122.18055555555556,0.0,111.0,126.0,138.0,21.0,38.1,33.2,110.0
2026-08-24 08:00:00,2026-08-26 08:00:00,48,8,24,0,8,27.1,80.0,3.6,950.3,0.0,122.18055555555556,0.0,111.0,126.0,138.0,21.0,38.1,33.2,108.0
2026-08-24 08:00:00,2026-08-27 08:00:00,72,8,24,0,8,27.1,80.0,3.6,950.3,0.0,122.18055555555556,0.0,111.0,126.0,138.0,21.0,38.1,33.2,125.0
2026-08-24 09:00:00,2026-08-25 09:00:00,24,9,24,0,8,28.7,74.0,2.8,950.6,0.0,121.90277777777777,0.2916666666666667,109.0,126.0,138.0,23.0,32.2,30.7,107.0
2026-08-24 09:00:00,2026-08-26 09:00:00,48,9,24,0,8,28.7,74.0,2.8,950.6,0.0,121.90277777777777,0.2916666666666667,109.0,126.0,138.0,23.0,32.2,30.7,109.0
2026-08-24 09:00:00,2026-08-27 09:00:00,72,9,24,0,8,28.7,74.0,2.8,950.6,0.0,121.90277777777777,0.2916666666666667,109.0,126.0,138.0,23.0,32.2,30.7,126.0
2026-08-24 10:00:00,2026-08-25 10:00:00,24,10,24,0,8,30.1,70.0,0.7,950.7,0.0,121.68055555555556,0.5416666666666666,108.0,126.0,139.0,23.3,30.5,27.9,107.0
2026-08-24 10:00:00,2026-08-26 10:00:00,48,10,24,0,8,30.1,70.0,0.7,950.7,0.0,121.68055555555556,0.5416666666666666,108.0,126.0,139.0,23.3,30.5,27.9,109.0
2026-08-24 10:00:00,2026-08-27 10:00:00,72,10,24,0,8,30.1,70.0,0.7,950.7,0.0,121.68055555555556,0.5416666666666666,108.0,126.0,139.0,23.3,30.5,27.9,127.0
2026-08-24 11:00:00,2026-08-25 11:00:00,24,11,24,0,8,31.5,64.0,4.7,951.0,0.0,121.45833333333333,0.625,108.0,127.0,139.0,24.1,30.2,28.9,106.0
2026-08-24 11:00:00,2026-08-26 11:00:00,48,11,24,0,8,31.5,64.0,4.7,951.0,0.0,121.45833333333333,0.625,108.0,127.0,139.0,24.1,30.2,28.9,110.0
2026-08-24 11:00:00,2026-08-27 11:00:00,72,11,24,0,8,31.5,64.0,4.7,951.0,0.0,121.45833333333333,0.625,108.0,127.0,139.0,24.1,30.2,28.9,127.0
2026-08-24 12:00:00,2026-08-25 12:00:00,24,12,24,0,8,32.4,58.0,7.4,950.7,0.0,121.23611111111111,0.625,107.0,127.0,138.0,24.1,30.2,28.6,106.0
2026-08-24 12:00:00,2026-08-26 12:00:00,48,12,24,0,8,32.4,58.0,7.4,950.7,0.0,121.23611111111111,0.625,107.0,127.0,138.0,24.1,30.2,28.6,110.0
2026-08-24 12:00:00,2026-08-27 12:00:00,72,12,24,0,8,32.4,58.0,7.4,950.7,0.0,121.23611111111111,0.625,107.0,127.0,138.0,24.1,30.2,28.6,128.0
2026-08-24 13:00:00,2026-08-25 13:00:00,24,13,24,0,8,32.9,54.0,8.8,949.9,0.0,121.04166666666667,0.7083333333333334,106.0,127.0,138.0,24.3,32.0,30.0,106.0
2026-08-24 13:00:00,2026-08-26 13:00:00,48,13,24,0,8,32.9,54.0,8.8,949.9,0.0,121.04166666666667,0.7083333333333334,106.0,127.0,138.0,24.3,32.0,30.0,111.0
2026-08-24 13:00:00,2026-08-27 13:00:00,72,13,24,0,8,32.9,54.0,8.8,949.9,0.0,121.04166666666667,0.7083333333333334,106.0,127.0,138.0,24.3,32.0,30.0,129.0
2026-08-24 14:00:00,2026-08-25 14:00:00,24,14,24,0,8,33.3,53.0,8.3,949.1,0.0,120.84722222222223,0.75,105.0,127.0,138.0,24.0,34.0,30.6,110.0
2026-08-24 14:00:00,2026-08-26 14:00:00,48,14,24,0,8,33.3,53.0,8.3,949.1,0.0,120.84722222222223,0.75,105.0,127.0,138.0,24.0,34.0,30.6,111.0
2026-08-24 14:00:00,2026-08-27 14:00:00,72,14,24,0,8,33.3,53.0,8.3,949.1,0.0,120.84722222222223,0.75,105.0,127.0,138.0,24.0,34.0,30.6,130.0
2026-08-24 15:00:00,2026-08-25 15:00:00,24,15,24,0,8,33.3,52.0,8.2,948.7,0.0,120.66666666666667,0.8333333333333334,104.0,127.0,137.0,24.0,35.5,30.7,143.0
2026-08-24 15:00:00,2026-08-26 15:00:00,48,15,24,0,8,33.3,52.0,8.2,948.7,0.0,120.66666666666667,0.8333333333333334,104.0,127.0,137.0,24.0,35.5,30.7,134.0
2026-08-24 15:00:00,2026-08-27 15:00:00,72,15,24,0,8,33.3,52.0,8.2,948.7,0.0,120.66666666666667,0.8333333333333334,104.0,127.0,137.0,24.0,35.5,30.7,146.0
2026-08-24 16:00:00,2026-08-25 16:00:00,24,16,24,0,8,32.8,53.0,8.5,947.8,0.0,120.55555555555556,1.0416666666666667,103.0,130.0,137.0,23.7,36.8,30.4,164.0
2026-08-24 16:00:00,2026-08-26 16:00:00,48,16,24,0,8,32.8,53.0,8.5,947.8,0.0,120.55555555555556,1.0416666666666667,103.0,130.0,137.0,23.7,36.8,30.4,158.0
2026-08-24 16:00:00,2026-08-27 16:00:00,72,16,24,0,8,32.8,53.0,8.5,947.8,0.0,120.55555555555556,1.0416666666666667,103.0,130.0,137.0,23.7,36.8,30.4,169.0
2026-08-24 17:00:00,2026-08-25 17:00:00,24,17,24,0,8,33.2,52.0,3.8,947.7,0.0,120.94444444444444,2.5833333333333335,113.0,149.0,137.0,21.0,38.4,42.6,178.0
2026-08-24 17:00:00,2026-08-26 17:00:00,48,17,24,0,8,33.2,52.0,3.8,947.7,0.0,120.94444444444444,2.5833333333333335,113.0,149.0,137.0,21.0,38.4,42.6,174.0
2026-08-24 17:00:00,2026-08-27 17:00:00,72,17,24,0,8,33.2,52.0,3.8,947.7,0.0,120.94444444444444,2.5833333333333335,113.0,149.0,137.0,21.0,38.4,42.6,184.0
2026-08-24 18:00:00,2026-08-25 18:00:00,24,18,24,0,8,31.9,61.0,4.4,947.3,0.0,121.69444444444444,3.25,129.0,155.0,141.0,25.6,45.2,43.1,184.0
2026-08-24 18:00:00,2026-08-26 18:00:00,48,18,24,0,8,31.9,61.0,4.4,947.3,0.0,121.69444444444444,3.25,129.0,155.0,141.0,25.6,45.2,43.1,179.0
2026-08-24 18:00:00,2026-08-27 18:00:00,72,18,24,0,8,31.9,61.0,4.4,947.3,0.0,121.69444444444444,3.25,129.0,155.0,141.0,25.6,45.2,43.1,191.0
2026-08-24 19:00:00,2026-08-25 19:00:00,24,19,24,0,8,29.5,72.0,2.7,946.9,0.0,122.52777777777777,3.0,136.0,152.0,140.0,31.2,53.4,54.0,178.0
2026-08-24 19:00:00,2026-08-26 19:00:00,48,19,24,0,8,29.5,72.0,2.7,946.9,0.0,122.52777777777777,3.0,136.0,152.0,140.0,31.2,53.4,54.0,172.0
2026-08-24 19:00:00,2026-08-27 19:00:00,72,19,24,0,8,29.5,72.0,2.7,946.9,0.0,122.52777777777777,3.0,136.0,152.0,140.0,31.2,53.4,54.0,187.0
2026-08-24 20:00:00,2026-08-25 20:00:00,24,20,24,0,8,28.3,76.0,0.3,947.2,0.0,123.30555555555556,2.5,130.0,138.0,135.0,40.2,47.4,59.4,158.0
2026-08-24 20:00:00,2026-08-26 20:00:00,48,20,24,0,8,28.3,76.0,0.3,947.2,0.0,123.30555555555556,2.5,130.0,138.0,135.0,40.2,47.4,59.4,151.0
2026-08-24 20:00:00,2026-08-27 20:00:00,72,20,24,0,8,28.3,76.0,0.3,947.2,0.0,123.30555555555556,2.5,130.0,138.0,135.0,40.2,47.4,59.4,170.0
2026-08-24 21:00:00,2026-08-25 21:00:00,24,21,24,0,8,26.9,83.0,2.3,948.0,0.0,123.81944444444444,1.75,114.0,127.0,133.0,47.5,49.2,66.4,123.0
2026-08-24 21:00:00,2026-08-26 21:00:00,48,21,24,0,8,26.9,83.0,2.3,948.0,0.0,123.81944444444444,1.75,114.0,127.0,133.0,47.5,49.2,66.4,113.0
2026-08-24 21:00:00,2026-08-27 21:00:00,72,21,24,0,8,26.9,83.0,2.3,948.0,0.0,123.81944444444444,1.75,114.0,127.0,133.0,47.5,49.2,66.4,143.0
2026-08-24 22:00:00,2026-08-25 22:00:00,24,22,24,0,8,26.4,86.0,1.3,948.1,0.0,123.83333333333333,0.8333333333333334,96.0,125.0,130.0,56.3,56.0,73.8,108.0
2026-08-24 22:00:00,2026-08-26 22:00:00,48,22,24,0,8,26.4,86.0,1.3,948.1,0.0,123.83333333333333,0.8333333333333334,96.0,125.0,130.0,56.3,56.0,73.8,114.0
2026-08-24 22:00:00,2026-08-27 22:00:00,72,22,24,0,8,26.4,86.0,1.3,948.1,0.0,123.83333333333333,0.8333333333333334,96.0,125.0,130.0,56.3,56.0,73.8,139.0
2026-08-24 23:00:00,2026-08-25 23:00:00,24,23,24,0,8,26.9,84.0,1.7,948.4,0.0,123.77777777777777,1.25,96.0,123.0,128.0,61.7,63.8,75.7,108.0
2026-08-24 23:00:00,2026-08-26 23:00:00,48,23,24,0,8,26.9,84.0,1.7,948.4,0.0,123.77777777777777,1.25,96.0,123.0,128.0,61.7,63.8,75.7,114.0
2026-08-24 23:00:00,2026-08-27 23:00:00,72,23,24,0,8,26.9,84.0,1.7,948.4,0.0,123.77777777777777,1.25,96.0,123.0,128.0,61.7,63.8,75.7,140.0
2026-08-25 00:00:00,2026-08-26 00:00:00,24,0,25,1,8,26.2,86.0,5.1,948.7,0.0,123.75,1.25,96.0,122.0,125.0,63.6,63.6,77.1,108.0
2026-08-25 00:00:00,2026-08-27 00:00:00,48,0,25,1,8,26.2,86.0,5.1,948.7,0.0,123.75,1.25,96.0,122.0,125.0,63.6,63.6,77.1,115.0
2026-08-25 00:00:00,2026-08-28 00:00:00,72,0,25,1,8,26.2,86.0,5.1,948.7,0.0,123.75,1.25,96.0,122.0,125.0,63.6,63.6,77.1,141.0
2026-08-25 01:00:00,2026-08-26 01:00:00,24,1,25,1,8,25.7,85.0,5.9,948.6,0.0,123.75,1.2083333333333333,96.0,121.0,122.0,64.0,60.5,73.8,108.0
2026-08-25 01:00:00,2026-08-27 01:00:00,48,1,25,1,8,25.7,85.0,5.9,948.6,0.0,123.75,1.2083333333333333,96.0,121.0,122.0,64.0,60.5,73.8,116.0
2026-08-25 01:00:00,2026-08-28 01:00:00,72,1,25,1,8,25.7,85.0,5.9,948.6,0.0,123.75,1.2083333333333333,96.0,121.0,122.0,64.0,60.5,73.8,142.0
2026-08-25 02:00:00,2026-08-26 02:00:00,24,2,25,1,8,25.4,86.0,3.7,948.5,0.0,123.79166666666667,1.2083333333333333,96.0,119.0,121.0,64.5,49.8,61.0,108.0
2026-08-25 02:00:00,2026-08-27 02:00:00,48,2,25,1,8,25.4,86.0,3.7,948.5,0.0,123.79166666666667,1.2083333333333333,96.0,119.0,121.0,64.5,49.8,61.0,117.0
2026-08-25 02:00:00,2026-08-28 02:00:00,72,2,25,1,8,25.4,86.0,3.7,948.5,0.0,123.79166666666667,1.2083333333333333,96.0,119.0,121.0,64.5,49.8,61.0,142.0
2026-08-25 03:00:00,2026-08-26 03:00:00,24,3,25,1,8,25.1,87.0,3.3,948.6,0.0,123.83333333333333,1.1666666666666667,97.0,118.0,119.0,64.3,44.5,40.0,108.0
2026-08-25 03:00:00,2026-08-27 03:00:00,48,3,25,1,8,25.1,87.0,3.3,948.6,0.0,123.83333333333333,1.1666666666666667,97.0,118.0,119.0,64.3,44.5,40.0,118.0
2026-08-25 03:00:00,2026-08-28 03:00:00,72,3,25,1,8,25.1,87.0,3.3,948.6,0.0,123.83333333333333,1.1666666666666667,97.0,118.0,119.0,64.3,44.5,40.0,143.0
2026-08-25 04:00:00,2026-08-26 04:00:00,24,4,25,1,8,24.9,87.0,4.2,948.7,0.0,123.88888888888889,1.0833333333333333,99.0,119.0,119.0,61.0,29.6,28.7,109.0
2026-08-25 04:00:00,2026-08-27 04:00:00,48,4,25,1,8,24.9,87.0,4.2,948.7,0.0,123.88888888888889,1.0833333333333333,99.0,119.0,119.0,61.0,29.6,28.7,119.0
2026-08-25 04:00:00,2026-08-28 04:00:00,72,4,25,1,8,24.9,87.0,4.2,948.7,0.0,123.88888888888889,1.0833333333333333,99.0,119.0,119.0,61.0,29.6,28.7,143.0
2026-08-25 05:00:00,2026-08-26 05:00:00,24,5,25,1,8,25.6,83.0,6.2,948.5,0.0,123.90277777777777,0.875,102.0,119.0,119.0,75.4,19.8,48.3,109.0
2026-08-25 05:00:00,2026-08-27 05:00:00,48,5,25,1,8,25.6,83.0,6.2,948.5,0.0,123.90277777777777,0.875,102.0,119.0,119.0,75.4,19.8,48.3,120.0
2026-08-25 05:00:00,2026-08-28 05:00:00,72,5,25,1,8,25.6,83.0,6.2,948.5,0.0,123.90277777777777,0.875,102.0,119.0,119.0,75.4,19.8,48.3,144.0
2026-08-25 06:00:00,2026-08-26 06:00:00,24,6,25,1,8,25.2,85.0,4.2,948.8,0.0,123.88888888888889,0.6666666666666666,108.0,116.0,122.0,73.3,17.5,40.0,109.0
2026-08-25 06:00:00,2026-08-27 06:00:00,48,6,25,1,8,25.2,85.0,4.2,948.8,0.0,123.88888888888889,0.6666666666666666,108.0,116.0,122.0,73.3,17.5,40.0,122.0
2026-08-25 06:00:00,2026-08-28 06:00:00,72,6,25,1,8,25.2,85.0,4.2,948.8,0.0,123.88888888888889,0.6666666666666666,108.0,116.0,122.0,73.3,17.5,40.0,142.0
2026-08-25 07:00:00,2026-08-26 07:00:00,24,7,25,1,8,26.7,80.0,3.3,949.4,0.0,123.79166666666667,0.2916666666666667,113.0,113.0,123.0,65.4,19.6,43.2,108.0
2026-08-25 07:00:00,2026-08-27 07:00:00,48,7,25,1,8,26.7,80.0,3.3,949.4,0.0,123.79166666666667,0.2916666666666667,113.0,113.0,123.0,65.4,19.6,43.2,123.0
2026-08-25 07:00:00,2026-08-28 07:00:00,72,7,25,1,8,26.7,80.0,3.3,949.4,0.0,123.79166666666667,0.2916666666666667,113.0,113.0,123.0,65.4,19.6,43.2,140.0
2026-08-25 08:00:00,2026-08-26 08:00:00,24,8,25,1,8,28.3,77.0,2.2,950.0,0.0,123.63888888888889,-0.041666666666666664,118.0,111.0,126.0,56.3,21.0,38.1,108.0
2026-08-25 08:00:00,2026-08-27 08:00:00,48,8,25,1,8,28.3,77.0,2.2,950.0,0.0,123.63888888888889,-0.041666666666666664,118.0,111.0,126.0,56.3,21.0,38.1,125.0
2026-08-25 08:00:00,2026-08-28 08:00:00,72,8,25,1,8,28.3,77.0,2.2,950.0,0.0,123.63888888888889,-0.041666666666666664,118.0,111.0,126.0,56.3,21.0,38.1,139.0
2026-08-25 09:00:00,2026-08-26 09:00:00,24,9,25,1,8,29.8,76.0,3.6,950.3,0.0,123.41666666666667,-0.3333333333333333,122.0,109.0,126.0,33.5,23.0,32.2,109.0
2026-08-25 09:00:00,2026-08-27 09:00:00,48,9,25,1,8,29.8,76.0,3.6,950.3,0.0,123.41666666666667,-0.3333333333333333,122.0,109.0,126.0,33.5,23.0,32.2,126.0
2026-08-25 09:00:00,2026-08-28 09:00:00,72,9,25,1,8,29.8,76.0,3.6,950.3,0.0,123.41666666666667,-0.3333333333333333,122.0,109.0,126.0,33.5,23.0,32.2,138.0
2026-08-25 10:00:00,2026-08-26 10:00:00,24,10,25,1,8,31.2,72.0,3.5,950.7,0.0,123.15277777777777,-0.625,123.0,108.0,126.0,28.5,23.3,30.5,109.0
2026-08-25 10:00:00,2026-08-27 10:00:00,48,10,25,1,8,31.2,72.0,3.5,950.7,0.0,123.15277777777777,-0.625,123.0,108.0,126.0,28.5,23.3,30.5,127.0
2026-08-25 10:00:00,2026-08-28 10:00:00,72,10,25,1,8,31.2,72.0,3.5,950.7,0.0,123.15277777777777,-0.625,123.0,108.0,126.0,28.5,23.3,30.5,138.0
2026-08-25 11:00:00,2026-08-26 11:00:00,24,11,25,1,8,32.5,56.0,4.0,951.1,0.0,122.88888888888889,-0.6666666666666666,123.0,108.0,127.0,28.9,24.1,30.2,110.0
2026-08-25 11:00:00,2026-08-27 11:00:00,48,11,25,1,8,32.5,56.0,4.0,951.1,0.0,122.88888888888889,-0.6666666666666666,123.0,108.0,127.0,28.9,24.1,30.2,127.0
2026-08-25 11:00:00,2026-08-28 11:00:00,72,11,25,1,8,32.5,56.0,4.0,951.1,0.0,122.88888888888889,-0.6666666666666666,123.0,108.0,127.0,28.9,24.1,30.2,138.0
2026-08-25 12:00:00,2026-08-26 12:00:00,24,12,25,1,8,33.2,53.0,3.6,951.0,0.0,122.59722222222223,-0.7083333333333334,124.0,107.0,127.0,28.5,24.1,30.2,110.0
2026-08-25 12:00:00,2026-08-27 12:00:00,48,12,25,1,8,33.2,53.0,3.6,951.0,0.0,122.59722222222223,-0.7083333333333334,124.0,107.0,127.0,28.5,24.1,30.2,128.0
2026-08-25 12:00:00,2026-08-28 12:00:00,72,12,25,1,8,33.2,53.0,3.6,951.0,0.0,122.59722222222223,-0.7083333333333334,124.0,107.0,127.0,28.5,24.1,30.2,137.0
2026-08-25 13:00:00,2026-08-26 13:00:00,24,13,25,1,8,33.8,50.0,3.6,950.6,0.0,122.30555555555556,-0.75,124.0,106.0,127.0,27.9,24.3,32.0,111.0
2026-08-25 13:00:00,2026-08-27 13:00:00,48,13,25,1,8,33.8,50.0,3.6,950.6,0.0,122.30555555555556,-0.75,124.0,106.0,127.0,27.9,24.3,32.0,129.0
2026-08-25 13:00:00,2026-08-28 13:00:00,72,13,25,1,8,33.8,50.0,3.6,950.6,0.0,122.30555555555556,-0.75,124.0,106.0,127.0,27.9,24.3,32.0,138.0
2026-08-25 14:00:00,2026-08-26 14:00:00,24,14,25,1,8,34.0,49.0,3.5,949.5,0.0,122.01388888888889,-0.75,125.0,105.0,127.0,27.5,24.0,34.0,111.0
2026-08-25 14:00:00,2026-08-27 14:00:00,48,14,25,1,8,34.0,49.0,3.5,949.5,0.0,122.01388888888889,-0.75,125.0,105.0,127.0,27.5,24.0,34.0,130.0
2026-08-25 14:00:00,2026-08-28 14:00:00,72,14,25,1,8,34.0,49.0,3.5,949.5,0.0,122.01388888888889,-0.75,125.0,105.0,127.0,27.5,24.0,34.0,138.0
2026-08-25 15:00:00,2026-08-26 15:00:00,24,15,25,1,8,34.1,50.0,3.7,949.0,0.0,121.77777777777777,-0.625,129.0,104.0,127.0,27.1,24.0,35.5,134.0
2026-08-25 15:00:00,2026-08-27 15:00:00,48,15,25,1,8,34.1,50.0,3.7,949.0,0.0,121.77777777777777,-0.625,129.0,104.0,127.0,27.1,24.0,35.5,146.0
2026-08-25 15:00:00,2026-08-28 15:00:00,72,15,25,1,8,34.1,50.0,3.7,949.0,0.0,121.77777777777777,-0.625,129.0,104.0,127.0,27.1,24.0,35.5,144.0
2026-08-25 16:00:00,2026-08-26 16:00:00,24,16,25,1,8,33.9,51.0,3.6,948.5,0.0,122.0,0.5833333333333334,165.0,103.0,130.0,26.8,23.7,36.8,158.0
2026-08-25 16:00:00,2026-08-27 16:00:00,48,16,25,1,8,33.9,51.0,3.6,948.5,0.0,122.0,0.5833333333333334,165.0,103.0,130.0,26.8,23.7,36.8,169.0
2026-08-25 16:00:00,2026-08-28 16:00:00,72,16,25,1,8,33.9,51.0,3.6,948.5,0.0,122.0,0.5833333333333334,165.0,103.0,130.0,26.8,23.7,36.8,160.0
2026-08-25 17:00:00,2026-08-26 17:00:00,24,17,25,1,8,33.2,59.0,7.4,948.2,0.0,122.47222222222223,-0.041666666666666664,191.0,113.0,149.0,17.5,21.0,38.4,174.0
2026-08-25 17:00:00,2026-08-27 17:00:00,48,17,25,1,8,33.2,59.0,7.4,948.2,0.0,122.47222222222223,-0.041666666666666664,191.0,113.0,149.0,17.5,21.0,38.4,184.0
2026-08-25 17:00:00,2026-08-28 17:00:00,72,17,25,1,8,33.2,59.0,7.4,948.2,0.0,122.47222222222223,-0.041666666666666664,191.0,113.0,149.0,17.5,21.0,38.4,172.0
2026-08-25 18:00:00,2026-08-26 18:00:00,24,18,25,1,8,31.4,67.0,4.8,947.8,0.0,122.875,-0.5416666666666666,201.0,129.0,155.0,24.3,25.6,45.2,179.0
2026-08-25 18:00:00,2026-08-27 18:00:00,48,18,25,1,8,31.4,67.0,4.8,947.8,0.0,122.875,-0.5416666666666666,201.0,129.0,155.0,24.3,25.6,45.2,191.0
2026-08-25 18:00:00,2026-08-28 18:00:00,72,18,25,1,8,31.4,67.0,4.8,947.8,0.0,122.875,-0.5416666666666666,201.0,129.0,155.0,24.3,25.6,45.2,177.0
2026-08-25 19:00:00,2026-08-26 19:00:00,24,19,25,1,8,30.0,72.0,2.8,947.7,0.0,123.27777777777777,-0.7083333333333334,196.0,136.0,152.0,32.7,31.2,53.4,172.0
2026-08-25 19:00:00,2026-08-27 19:00:00,48,19,25,1,8,30.0,72.0,2.8,947.7,0.0,123.27777777777777,-0.7083333333333334,196.0,136.0,152.0,32.7,31.2,53.4,187.0
2026-08-25 19:00:00,2026-08-28 19:00:00,72,19,25,1,8,30.0,72.0,2.8,947.7,0.0,123.27777777777777,-0.7083333333333334,196.0,136.0,152.0,32.7,31.2,53.4,174.0
2026-08-25 20:00:00,2026-08-26 20:00:00,24,20,25,1,8,29.2,76.0,1.9,948.3,0.0,123.63888888888889,-0.75,172.0,130.0,138.0,41.3,40.2,47.4,151.0
2026-08-25 20:00:00,2026-08-27 20:00:00,48,20,25,1,8,29.2,76.0,1.9,948.3,0.0,123.63888888888889,-0.75,172.0,130.0,138.0,41.3,40.2,47.4,170.0
2026-08-25 20:00:00,2026-08-28 20:00:00,72,20,25,1,8,29.2,76.0,1.9,948.3,0.0,123.63888888888889,-0.75,172.0,130.0,138.0,41.3,40.2,47.4,159.0
2026-08-25 21:00:00,2026-08-26 21:00:00,24,21,25,1,8,28.4,81.0,2.5,949.1,0.0,123.91666666666667,-0.5833333333333334,134.0,114.0,127.0,48.8,47.5,49.2,113.0
2026-08-25 21:00:00,2026-08-27 21:00:00,48,21,25,1,8,28.4,81.0,2.5,949.1,0.0,123.91666666666667,-0.5833333333333334,134.0,114.0,127.0,48.8,47.5,49.2,143.0
2026-08-25 21:00:00,2026-08-28 21:00:00,72,21,25,1,8,28.4,81.0,2.5,949.1,0.0,123.91666666666667,-0.5833333333333334,134.0,114.0,127.0,48.8,47.5,49.2,139.0
2026-08-25 22:00:00,2026-08-26 22:00:00,24,22,25,1,8,27.5,84.0,4.1,949.2,0.0,123.86111111111111,-0.4583333333333333,126.0,96.0,125.0,54.9,56.3,56.0,114.0
2026-08-25 22:00:00,2026-08-27 22:00:00,48,22,25,1,8,27.5,84.0,4.1,949.2,0.0,123.86111111111111,-0.4583333333333333,126.0,96.0,125.0,54.9,56.3,56.0,139.0
2026-08-25 22:00:00,2026-08-28 22:00:00,72,22,25,1,8,27.5,84.0,4.1,949.2,0.0,123.86111111111111,-0.4583333333333333,126.0,96.0,125.0,54.9,56.3,56.0,139.0
2026-08-25 23:00:00,2026-08-26 23:00:00,24,23,25,1,8,28.0,83.0,3.8,949.1,0.0,123.625,-0.75,126.0,96.0,123.0,60.5,61.7,63.8,114.0
2026-08-25 23:00:00,2026-08-27 23:00:00,48,23,25,1,8,28.0,83.0,3.8,949.1,0.0,123.625,-0.75,126.0,96.0,123.0,60.5,61.7,63.8,140.0
2026-08-25 23:00:00,2026-08-28 23:00:00,72,23,25,1,8,28.0,83.0,3.8,949.1,0.0,123.625,-0.75,126.0,96.0,123.0,60.5,61.7,63.8,138.0
2026-08-26 00:00:00,2026-08-27 00:00:00,24,0,26,2,8,26.9,85.0,3.7,949.1,0.0,123.41666666666667,-0.75,125.0,96.0,122.0,62.4,63.6,63.6,115.0
2026-08-26 00:00:00,2026-08-28 00:00:00,48,0,26,2,8,26.9,85.0,3.7,949.1,0.0,123.41666666666667,-0.75,125.0,96.0,122.0,62.4,63.6,63.6,141.0
2026-08-26 00:00:00,2026-08-29 00:00:00,72,0,26,2,8,26.9,85.0,3.7,949.1,0.0,123.41666666666667,-0.75,125.0,96.0,122.0,62.4,63.6,63.6,137.0
2026-08-26 01:00:00,2026-08-27 01:00:00,24,1,26,2,8,26.3,88.0,2.8,948.9,0.0,123.22222222222223,-0.7083333333333334,125.0,96.0,121.0,54.1,64.0,60.5,116.0
2026-08-26 01:00:00,2026-08-28 01:00:00,48,1,26,2,8,26.3,88.0,2.8,948.9,0.0,123.22222222222223,-0.7083333333333334,125.0,96.0,121.0,54.1,64.0,60.5,142.0
2026-08-26 01:00:00,2026-08-29 01:00:00,72,1,26,2,8,26.3,88.0,2.8,948.9,0.0,123.22222222222223,-0.7083333333333334,125.0,96.0,121.0,54.1,64.0,60.5,136.0
2026-08-26 02:00:00,2026-08-27 02:00:00,24,2,26,2,8,26.0,88.0,5.7,948.8,0.0,123.04166666666667,-0.7083333333333334,124.0,96.0,119.0,47.5,64.5,49.8,117.0
2026-08-26 02:00:00,2026-08-28 02:00:00,48,2,26,2,8,26.0,88.0,5.7,948.8,0.0,123.04166666666667,-0.7083333333333334,124.0,96.0,119.0,47.5,64.5,49.8,142.0
2026-08-26 02:00:00,2026-08-29 02:00:00,72,2,26,2,8,26.0,88.0,5.7,948.8,0.0,123.04166666666667,-0.7083333333333334,124.0,96.0,119.0,47.5,64.5,49.8,135.0
2026-08-26 03:00:00,2026-08-27 03:00:00,24,3,26,2,8,26.0,85.0,5.9,948.6,0.0,122.88888888888889,-0.6666666666666666,123.0,97.0,118.0,42.0,64.3,44.5,118.0
2026-08-26 03:00:00,2026-08-28 03:00:00,48,3,26,2,8,26.0,85.0,5.9,948.6,0.0,122.88888888888889,-0.6666666666666666,123.0,97.0,118.0,42.0,64.3,44.5,143.0
2026-08-26 03:00:00,2026-08-29 03:00:00,72,3,26,2,8,26.0,85.0,5.9,948.6,0.0,122.88888888888889,-0.6666666666666666,123.0,97.0,118.0,42.0,64.3,44.5,134.0
2026-08-26 04:00:00,2026-08-27 04:00:00,24,4,26,2,8,25.7,85.0,5.5,948.6,0.0,122.75,-0.625,120.0,99.0,119.0,36.7,61.0,29.6,119.0
2026-08-26 04:00:00,2026-08-28 04:00:00,48,4,26,2,8,25.7,85.0,5.5,948.6,0.0,122.75,-0.625,120.0,99.0,119.0,36.7,61.0,29.6,143.0
2026-08-26 04:00:00,2026-08-29 04:00:00,72,4,26,2,8,25.7,85.0,5.5,948.6,0.0,122.75,-0.625,120.0,99.0,119.0,36.7,61.0,29.6,133.0
2026-08-26 05:00:00,2026-08-27 05:00:00,24,5,26,2,8,26.5,83.0,5.4,948.9,0.0,122.61111111111111,-0.4583333333333333,118.0,102.0,119.0,48.3,75.4,19.8,120.0
2026-08-26 05:00:00,2026-08-28 05:00:00,48,5,26,2,8,26.5,83.0,5.4,948.9,0.0,122.61111111111111,-0.4583333333333333,118.0,102.0,119.0,48.3,75.4,19.8,144.0
2026-08-26 05:00:00,2026-08-29 05:00:00,72,5,26,2,8,26.5,83.0,5.4,948.9,0.0,122.61111111111111,-0.4583333333333333,118.0,102.0,119.0,48.3,75.4,19.8,133.0
2026-08-26 06:00:00,2026-08-27 06:00:00,24,6,26,2,8,26.0,85.0,4.2,949.3,0.0,122.47222222222223,-0.375,115.0,108.0,116.0,46.9,73.3,17.5,122.0
2026-08-26 06:00:00,2026-08-28 06:00:00,48,6,26,2,8,26.0,85.0,4.2,949.3,0.0,122.47222222222223,-0.375,115.0,108.0,116.0,46.9,73.3,17.5,142.0
2026-08-26 06:00:00,2026-08-29 06:00:00,72,6,26,2,8,26.0,85.0,4.2,949.3,0.0,122.47222222222223,-0.375,115.0,108.0,116.0,46.9,73.3,17.5,133.0
2026-08-26 07:00:00,2026-08-27 07:00:00,24,7,26,2,8,27.1,83.0,2.8,949.7,0.0,122.375,-0.25,112.0,113.0,113.0,43.5,65.4,19.6,123.0
2026-08-26 07:00:00,2026-08-28 07:00:00,48,7,26,2,8,27.1,83.0,2.8,949.7,0.0,122.375,-0.25,112.0,113.0,113.0,43.5,65.4,19.6,140.0
2026-08-26 07:00:00,2026-08-29 07:00:00,72,7,26,2,8,27.1,83.0,2.8,949.7,0.0,122.375,-0.25,112.0,113.0,113.0,43.5,65.4,19.6,133.0
2026-08-26 08:00:00,2026-08-27 08:00:00,24,8,26,2,8,28.5,78.0,3.6,950.1,0.0,122.30555555555556,-0.16666666666666666,110.0,118.0,111.0,31.4,56.3,21.0,125.0
2026-08-26 08:00:00,2026-08-28 08:00:00,48,8,26,2,8,28.5,78.0,3.6,950.1,0.0,122.30555555555556,-0.16666666666666666,110.0,118.0,111.0,31.4,56.3,21.0,139.0
2026-08-26 08:00:00,2026-08-29 08:00:00,72,8,26,2,8,28.5,78.0,3.6,950.1,0.0,122.30555555555556,-0.16666666666666666,110.0,118.0,111.0,31.4,56.3,21.0,132.0
2026-08-26 09:00:00,2026-08-27 09:00:00,24,9,26,2,8,30.1,73.0,5.3,950.3,0.0,122.26388888888889,-0.08333333333333333,107.0,122.0,109.0,27.6,33.5,23.0,126.0
2026-08-26 09:00:00,2026-08-28 09:00:00,48,9,26,2,8,30.1,73.0,5.3,950.3,0.0,122.26388888888889,-0.08333333333333333,107.0,122.0,109.0,27.6,33.5,23.0,138.0
2026-08-26 09:00:00,2026-08-29 09:00:00,72,9,26,2,8,30.1,73.0,5.3,950.3,0.0,122.26388888888889,-0.08333333333333333,107.0,122.0,109.0,27.6,33.5,23.0,132.0
2026-08-26 10:00:00,2026-08-27 10:00:00,24,10,26,2,8,31.4,70.0,3.1,950.3,0.0,122.26388888888889,0.08333333333333333,107.0,123.0,108.0,27.2,28.5,23.3,127.0
2026-08-26 10:00:00,2026-08-28 10:00:00,48,10,26,2,8,31.4,70.0,3.1,950.3,0.0,122.26388888888889,0.08333333333333333,107.0,123.0,108.0,27.2,28.5,23.3,138.0
2026-08-26 10:00:00,2026-08-29 10:00:00,72,10,26,2,8,31.4,70.0,3.1,950.3,0.0,122.26388888888889,0.08333333333333333,107.0,123.0,108.0,27.2,28.5,23.3,132.0
2026-08-26 11:00:00,2026-08-27 11:00:00,24,11,26,2,8,32.6,58.0,2.4,950.4,0.0,122.27777777777777,0.08333333333333333,106.0,123.0,108.0,25.8,28.9,24.1,127.0
2026-08-26 11:00:00,2026-08-28 11:00:00,48,11,26,2,8,32.6,58.0,2.4,950.4,0.0,122.27777777777777,0.08333333333333333,106.0,123.0,108.0,25.8,28.9,24.1,138.0
2026-08-26 11:00:00,2026-08-29 11:00:00,72,11,26,2,8,32.6,58.0,2.4,950.4,0.0,122.27777777777777,0.08333333333333333,106.0,123.0,108.0,25.8,28.9,24.1,132.0
2026-08-26 12:00:00,2026-08-27 12:00:00,24,12,26,2,8,33.3,55.0,5.6,949.9,0.0,122.30555555555556,0.16666666666666666,106.0,124.0,107.0,25.3,28.5,24.1,128.0
2026-08-26 12:00:00,2026-08-28 12:00:00,48,12,26,2,8,33.3,55.0,5.6,949.9,0.0,122.30555555555556,0.16666666666666666,106.0,124.0,107.0,25.3,28.5,24.1,137.0
2026-08-26 12:00:00,2026-08-29 12:00:00,72,12,26,2,8,33.3,55.0,5.6,949.9,0.0,122.30555555555556,0.16666666666666666,106.0,124.0,107.0,25.3,28.5,24.1,132.0
2026-08-26 13:00:00,2026-08-27 13:00:00,24,13,26,2,8,33.7,54.0,7.4,949.1,0.0,122.34722222222223,0.16666666666666666,106.0,124.0,106.0,25.5,27.9,24.3,129.0
2026-08-26 13:00:00,2026-08-28 13:00:00,48,13,26,2,8,33.7,54.0,7.4,949.1,0.0,122.34722222222223,0.16666666666666666,106.0,124.0,106.0,25.5,27.9,24.3,138.0
2026-08-26 13:00:00,2026-08-29 13:00:00,72,13,26,2,8,33.7,54.0,7.4,949.1,0.0,122.34722222222223,0.16666666666666666,106.0,124.0,106.0,25.5,27.9,24.3,132.0
2026-08-26 14:00:00,2026-08-27 14:00:00,24,14,26,2,8,34.1,53.0,8.4,948.3,0.0,122.41666666666667,0.20833333333333334,110.0,125.0,105.0,25.8,27.5,24.0,130.0
2026-08-26 14:00:00,2026-08-28 14:00:00,48,14,26,2,8,34.1,53.0,8.4,948.3,0.0,122.41666666666667,0.20833333333333334,110.0,125.0,105.0,25.8,27.5,24.0,138.0
2026-08-26 14:00:00,2026-08-29 14:00:00,72,14,26,2,8,34.1,53.0,8.4,948.3,0.0,122.41666666666667,0.20833333333333334,110.0,125.0,105.0,25.8,27.5,24.0,135.0
2026-08-26 15:00:00,2026-08-27 15:00:00,24,15,26,2,8,34.1,53.0,7.7,947.4,0.0,122.5,0.041666666666666664,143.0,129.0,104.0,25.7,27.1,24.0,146.0
2026-08-26 15:00:00,2026-08-28 15:00:00,48,15,26,2,8,34.1,53.0,7.7,947.4,0.0,122.5,0.041666666666666664,143.0,129.0,104.0,25.7,27.1,24.0,144.0
2026-08-26 15:00:00,2026-08-29 15:00:00,72,15,26,2,8,34.1,53.0,7.7,947.4,0.0,122.5,0.041666666666666664,143.0,129.0,104.0,25.7,27.1,24.0,155.0
2026-08-26 16:00:00,2026-08-27 16:00:00,24,16,26,2,8,33.8,55.0,7.6,946.6,0.0,122.91666666666667,-0.375,164.0,165.0,103.0,25.7,26.8,23.7,169.0
2026-08-26 16:00:00,2026-08-28 16:00:00,48,16,26,2,8,33.8,55.0,7.6,946.6,0.0,122.91666666666667,-0.375,164.0,165.0,103.0,25.7,26.8,23.7,160.0
2026-08-26 16:00:00,2026-08-29 16:00:00,72,16,26,2,8,33.8,55.0,7.6,946.6,0.0,122.91666666666667,-0.375,164.0,165.0,103.0,25.7,26.8,23.7,169.0
2026-08-26 17:00:00,2026-08-27 17:00:00,24,17,26,2,8,34.2,57.0,4.8,946.5,0.0,123.68055555555556,-0.25,178.0,191.0,113.0,24.4,17.5,21.0,184.0
2026-08-26 17:00:00,2026-08-28 17:00:00,48,17,26,2,8,34.2,57.0,4.8,946.5,0.0,123.68055555555556,-0.25,178.0,191.0,113.0,24.4,17.5,21.0,172.0
2026-08-26 17:00:00,2026-08-29 17:00:00,72,17,26,2,8,34.2,57.0,4.8,946.5,0.0,123.68055555555556,-0.25,178.0,191.0,113.0,24.4,17.5,21.0,179.0
2026-08-26 18:00:00,2026-08-27 18:00:00,24,18,26,2,8,32.4,72.0,2.7,946.3,0.0,124.52777777777777,-0.16666666666666666,184.0,201.0,129.0,31.1,24.3,25.6,191.0
2026-08-26 18:00:00,2026-08-28 18:00:00,48,18,26,2,8,32.4,72.0,2.7,946.3,0.0,124.52777777777777,-0.16666666666666666,184.0,201.0,129.0,31.1,24.3,25.6,177.0
2026-08-26 18:00:00,2026-08-29 18:00:00,72,18,26,2,8,32.4,72.0,2.7,946.3,0.0,124.52777777777777,-0.16666666666666666,184.0,201.0,129.0,31.1,24.3,25.6,183.0
2026-08-26 19:00:00,2026-08-27 19:00:00,24,19,26,2,8,30.3,81.0,1.9,946.2,0.0,125.22222222222223,-0.20833333333333334,178.0,196.0,136.0,41.8,32.7,31.2,187.0
2026-08-26 19:00:00,2026-08-28 19:00:00,48,19,26,2,8,30.3,81.0,1.9,946.2,0.0,125.22222222222223,-0.20833333333333334,178.0,196.0,136.0,41.8,32.7,31.2,174.0
2026-08-26 19:00:00,2026-08-29 19:00:00,72,19,26,2,8,30.3,81.0,1.9,946.2,0.0,125.22222222222223,-0.20833333333333334,178.0,196.0,136.0,41.8,32.7,31.2,178.0
2026-08-26 20:00:00,2026-08-27 20:00:00,24,20,26,2,8,29.5,85.0,0.4,946.6,0.0,125.72222222222223,-0.25,158.0,172.0,130.0,48.7,41.3,40.2,170.0
2026-08-26 20:00:00,2026-08-28 20:00:00,48,20,26,2,8,29.5,85.0,0.4,946.6,0.0,125.72222222222223,-0.25,158.0,172.0,130.0,48.7,41.3,40.2,159.0
2026-08-26 20:00:00,2026-08-29 20:00:00,72,20,26,2,8,29.5,85.0,0.4,946.6,0.0,125.72222222222223,-0.25,158.0,172.0,130.0,48.7,41.3,40.2,163.0
2026-08-26 21:00:00,2026-08-27 21:00:00,24,21,26,2,8,28.8,88.0,1.7,947.0,0.0,126.01388888888889,-0.2916666666666667,123.0,134.0,114.0,49.8,48.8,47.5,143.0
2026-08-26 21:00:00,2026-08-28 21:00:00,48,21,26,2,8,28.8,88.0,1.7,947.0,0.0,126.01388888888889,-0.2916666666666667,123.0,134.0,114.0,49.8,48.8,47.5,139.0
2026-08-26 21:00:00,2026-08-29 21:00:00,72,21,26,2,8,28.8,88.0,1.7,947.0,0.0,126.01388888888889,-0.2916666666666667,123.0,134.0,114.0,49.8,48.8,47.5,138.0
2026-08-26 22:00:00,2026-08-27 22:00:00,24,22,26,2,8,28.2,90.0,2.0,947.3,0.0,126.0,-0.4166666666666667,108.0,126.0,96.0,53.8,54.9,56.3,139.0
2026-08-26 22:00:00,2026-08-28 22:00:00,48,22,26,2,8,28.2,90.0,2.0,947.3,0.0,126.0,-0.4166666666666667,108.0,126.0,96.0,53.8,54.9,56.3,139.0
2026-08-26 22:00:00,2026-08-29 22:00:00,72,22,26,2,8,28.2,90.0,2.0,947.3,0.0,126.0,-0.4166666666666667,108.0,126.0,96.0,53.8,54.9,56.3,129.0
2026-08-26 23:00:00,2026-08-27 23:00:00,24,23,26,2,8,29.1,84.0,3.4,946.8,0.0,126.25,0.25,108.0,126.0,96.0,60.5,60.5,61.7,140.0
2026-08-26 23:00:00,2026-08-28 23:00:00,48,23,26,2,8,29.1,84.0,3.4,946.8,0.0,126.25,0.25,108.0,126.0,96.0,60.5,60.5,61.7,138.0
2026-08-26 23:00:00,2026-08-29 23:00:00,72,23,26,2,8,29.1,84.0,3.4,946.8,0.0,126.25,0.25,108.0,126.0,96.0,60.5,60.5,61.7,128.0
2026-08-27 00:00:00,2026-08-28 00:00:00,24,0,27,3,8,28.5,85.0,2.2,946.6,0.0,126.5,0.25,108.0,125.0,96.0,59.4,62.4,63.6,141.0
2026-08-27 00:00:00,2026-08-29 00:00:00,48,0,27,3,8,28.5,85.0,2.2,946.6,0.0,126.5,0.25,108.0,125.0,96.0,59.4,62.4,63.6,137.0
2026-08-27 00:00:00,2026-08-30 00:00:00,72,0,27,3,8,28.5,85.0,2.2,946.6,0.0,126.5,0.25,108.0,125.0,96.0,59.4,62.4,63.6,127.0
2026-08-27 01:00:00,2026-08-28 01:00:00,24,1,27,3,8,28.5,82.0,0.6,946.5,0.0,126.76388888888889,0.2916666666666667,108.0,125.0,96.0,54.7,54.1,64.0,142.0
2026-08-27 01:00:00,2026-08-29 01:00:00,48,1,27,3,8,28.5,82.0,0.6,946.5,0.0,126.76388888888889,0.2916666666666667,108.0,125.0,96.0,54.7,54.1,64.0,136.0
2026-08-27 01:00:00,2026-08-30 01:00:00,72,1,27,3,8,28.5,82.0,0.6,946.5,0.0,126.76388888888889,0.2916666666666667,108.0,125.0,96.0,54.7,54.1,64.0,126.0
2026-08-27 02:00:00,2026-08-28 02:00:00,24,2,27,3,8,27.9,85.0,2.3,946.3,0.0,127.04166666666667,0.3333333333333333,108.0,124.0,96.0,49.8,47.5,64.5,142.0
2026-08-27 02:00:00,2026-08-29 02:00:00,48,2,27,3,8,27.9,85.0,2.3,946.3,0.0,127.04166666666667,0.3333333333333333,108.0,124.0,96.0,49.8,47.5,64.5,135.0
2026-08-27 02:00:00,2026-08-30 02:00:00,72,2,27,3,8,27.9,85.0,2.3,946.3,0.0,127.04166666666667,0.3333333333333333,108.0,124.0,96.0,49.8,47.5,64.5,125.0
2026-08-27 03:00:00,2026-08-28 03:00:00,24,3,27,3,8,27.4,87.0,1.4,946.3,0.0,127.33333333333333,0.375,108.0,123.0,97.0,45.2,42.0,64.3,143.0
2026-08-27 03:00:00,2026-08-29 03:00:00,48,3,27,3,8,27.4,87.0,1.4,946.3,0.0,127.33333333333333,0.375,108.0,123.0,97.0,45.2,42.0,64.3,134.0
2026-08-27 03:00:00,2026-08-30 03:00:00,72,3,27,3,8,27.4,87.0,1.4,946.3,0.0,127.33333333333333,0.375,108.0,123.0,97.0,45.2,42.0,64.3,124.0
2026-08-27 04:00:00,2026-08-28 04:00:00,24,4,27,3,8,26.9,89.0,2.2,946.2,0.0,127.625,0.4166666666666667,109.0,120.0,99.0,39.5,36.7,61.0,143.0
2026-08-27 04:00:00,2026-08-29 04:00:00,48,4,27,3,8,26.9,89.0,2.2,946.2,0.0,127.625,0.4166666666666667,109.0,120.0,99.0,39.5,36.7,61.0,133.0
2026-08-27 04:00:00,2026-08-30 04:00:00,72,4,27,3,8,26.9,89.0,2.2,946.2,0.0,127.625,0.4166666666666667,109.0,120.0,99.0,39.5,36.7,61.0,122.0
2026-08-27 05:00:00,2026-08-28 05:00:00,24,5,27,3,8,27.5,87.0,5.0,946.3,0.0,127.90277777777777,0.4166666666666667,109.0,118.0,102.0,46.8,48.3,75.4,144.0
2026-08-27 05:00:00,2026-08-29 05:00:00,48,5,27,3,8,27.5,87.0,5.0,946.3,0.0,127.90277777777777,0.4166666666666667,109.0,118.0,102.0,46.8,48.3,75.4,133.0
2026-08-27 05:00:00,2026-08-30 05:00:00,72,5,27,3,8,27.5,87.0,5.0,946.3,0.0,127.90277777777777,0.4166666666666667,109.0,118.0,102.0,46.8,48.3,75.4,121.0
2026-08-27 06:00:00,2026-08-28 06:00:00,24,6,27,3,8,27.2,86.0,4.4,946.8,0.0,128.15277777777777,0.4583333333333333,109.0,115.0,108.0,44.2,46.9,73.3,142.0
2026-08-27 06:00:00,2026-08-29 06:00:00,48,6,27,3,8,27.2,86.0,4.4,946.8,0.0,128.15277777777777,0.4583333333333333,109.0,115.0,108.0,44.2,46.9,73.3,133.0
2026-08-27 06:00:00,2026-08-30 06:00:00,72,6,27,3,8,27.2,86.0,4.4,946.8,0.0,128.15277777777777,0.4583333333333333,109.0,115.0,108.0,44.2,46.9,73.3,119.0
2026-08-27 07:00:00,2026-08-28 07:00:00,24,7,27,3,8,27.9,85.0,5.1,947.5,0.0,128.34722222222223,0.5416666666666666,108.0,112.0,113.0,41.6,43.5,65.4,140.0
2026-08-27 07:00:00,2026-08-29 07:00:00,48,7,27,3,8,27.9,85.0,5.1,947.5,0.0,128.34722222222223,0.5416666666666666,108.0,112.0,113.0,41.6,43.5,65.4,133.0
2026-08-27 07:00:00,2026-08-30 07:00:00,72,7,27,3,8,27.9,85.0,5.1,947.5,0.0,128.34722222222223,0.5416666666666666,108.0,112.0,113.0,41.6,43.5,65.4,117.0
2026-08-27 08:00:00,2026-08-28 08:00:00,24,8,27,3,8,29.3,80.0,5.9,947.9,0.0,128.48611111111111,0.625,108.0,110.0,118.0,35.4,31.4,56.3,139.0
2026-08-27 08:00:00,2026-08-29 08:00:00,48,8,27,3,8,29.3,80.0,5.9,947.9,0.0,128.48611111111111,0.625,108.0,110.0,118.0,35.4,31.4,56.3,132.0
2026-08-27 08:00:00,2026-08-30 08:00:00,72,8,27,3,8,29.3,80.0,5.9,947.9,0.0,128.48611111111111,0.625,108.0,110.0,118.0,35.4,31.4,56.3,115.0
2026-08-27 09:00:00,2026-08-28 09:00:00,24,9,27,3,8,30.8,75.0,6.9,948.5,0.0,128.58333333333334,0.7083333333333334,109.0,107.0,122.0,32.2,27.6,33.5,138.0
2026-08-27 09:00:00,2026-08-29 09:00:00,48,9,27,3,8,30.8,75.0,6.9,948.5,0.0,128.58333333333334,0.7083333333333334,109.0,107.0,122.0,32.2,27.6,33.5,132.0
2026-08-27 09:00:00,2026-08-30 09:00:00,72,9,27,3,8,30.8,75.0,6.9,948.5,0.0,128.58333333333334,0.7083333333333334,109.0,107.0,122.0,32.2,27.6,33.5,115.0
2026-08-27 10:00:00,2026-08-28 10:00:00,24,10,27,3,8,31.7,71.0,7.6,948.7,0.0,128.63888888888889,0.7083333333333334,109.0,107.0,123.0,32.7,27.2,28.5,138.0
2026-08-27 10:00:00,2026-08-29 10:00:00,48,10,27,3,8,31.7,71.0,7.6,948.7,0.0,128.63888888888889,0.7083333333333334,109.0,107.0,123.0,32.7,27.2,28.5,132.0
2026-08-27 10:00:00,2026-08-30 10:00:00,72,10,27,3,8,31.7,71.0,7.6,948.7,0.0,128.63888888888889,0.7083333333333334,109.0,107.0,123.0,32.7,27.2,28.5,115.0
2026-08-27 11:00:00,2026-08-28 11:00:00,24,11,27,3,8,32.8,61.0,4.2,948.8,0.0,128.69444444444446,0.75,110.0,106.0,123.0,31.5,25.8,28.9,138.0
2026-08-27 11:00:00,2026-08-29 11:00:00,48,11,27,3,8,32.8,61.0,4.2,948.8,0.0,128.69444444444446,0.75,110.0,106.0,123.0,31.5,25.8,28.9,132.0
2026-08-27 11:00:00,2026-08-30 11:00:00,72,11,27,3,8,32.8,61.0,4.2,948.8,0.0,128.69444444444446,0.75,110.0,106.0,123.0,31.5,25.8,28.9,115.0
2026-08-27 12:00:00,2026-08-28 12:00:00,24,12,27,3,8,33.7,55.0,3.6,948.1,0.1,128.75,0.7083333333333334,110.0,106.0,124.0,29.4,25.3,28.5,137.0
2026-08-27 12:00:00,2026-08-29 12:00:00,48,12,27,3,8,33.7,55.0,3.6,948.1,0.1,128.75,0.7083333333333334,110.0,106.0,124.0,29.4,25.3,28.5,132.0
2026-08-27 12:00:00,2026-08-30 12:00:00,72,12,27,3,8,33.7,55.0,3.6,948.1,0.1,128.75,0.7083333333333334,110.0,106.0,124.0,29.4,25.3,28.5,115.0
2026-08-27 13:00:00,2026-08-28 13:00:00,24,13,27,3,8,34.3,51.0,3.0,947.4,0.0,128.80555555555554,0.75,111.0,106.0,124.0,29.0,25.5,27.9,138.0
2026-08-27 13:00:00,2026-08-29 13:00:00,48,13,27,3,8,34.3,51.0,3.0,947.4,0.0,128.80555555555554,0.75,111.0,106.0,124.0,29.0,25.5,27.9,132.0
2026-08-27 13:00:00,2026-08-30 13:00:00,72,13,27,3,8,34.3,51.0,3.0,947.4,0.0,128.80555555555554,0.75,111.0,106.0,124.0,29.0,25.5,27.9,115.0
2026-08-27 14:00:00,2026-08-28 14:00:00,24,14,27,3,8,34.7,48.0,4.2,946.7,0.0,128.875,0.75,111.0,110.0,125.0,29.0,25.8,27.5,138.0
2026-08-27 14:00:00,2026-08-29 14:00:00,48,14,27,3,8,34.7,48.0,4.2,946.7,0.0,128.875,0.75,111.0,110.0,125.0,29.0,25.8,27.5,135.0
2026-08-27 14:00:00,2026-08-30 14:00:00,72,14,27,3,8,34.7,48.0,4.2,946.7,0.0,128.875,0.75,111.0,110.0,125.0,29.0,25.8,27.5,125.0
2026-08-27 15:00:00,2026-08-28 15:00:00,24,15,27,3,8,34.8,47.0,4.3,946.2,0.0,128.94444444444446,0.7916666666666666,134.0,143.0,129.0,29.2,25.7,27.1,144.0
2026-08-27 15:00:00,2026-08-29 15:00:00,48,15,27,3,8,34.8,47.0,4.3,946.2,0.0,128.94444444444446,0.7916666666666666,134.0,143.0,129.0,29.2,25.7,27.1,155.0
2026-08-27 15:00:00,2026-08-30 15:00:00,72,15,27,3,8,34.8,47.0,4.3,946.2,0.0,128.94444444444446,0.7916666666666666,134.0,143.0,129.0,29.2,25.7,27.1,146.0
2026-08-27 16:00:00,2026-08-28 16:00:00,24,16,27,3,8,34.7,48.0,3.4,945.8,0.0,129.18055555555554,0.5,158.0,164.0,165.0,29.3,25.7,26.8,160.0
2026-08-27 16:00:00,2026-08-29 16:00:00,48,16,27,3,8,34.7,48.0,3.4,945.8,0.0,129.18055555555554,0.5,158.0,164.0,165.0,29.3,25.7,26.8,169.0
2026-08-27 16:00:00,2026-08-30 16:00:00,72,16,27,3,8,34.7,48.0,3.4,945.8,0.0,129.18055555555554,0.5,158.0,164.0,165.0,29.3,25.7,26.8,162.0
2026-08-27 17:00:00,2026-08-28 17:00:00,24,17,27,3,8,34.7,51.0,4.7,945.7,0.0,129.23611111111111,0.4583333333333333,174.0,178.0,191.0,25.1,24.4,17.5,172.0
2026-08-27 17:00:00,2026-08-29 17:00:00,48,17,27,3,8,34.7,51.0,4.7,945.7,0.0,129.23611111111111,0.4583333333333333,174.0,178.0,191.0,25.1,24.4,17.5,179.0
2026-08-27 17:00:00,2026-08-30 17:00:00,72,17,27,3,8,34.7,51.0,4.7,945.7,0.0,129.23611111111111,0.4583333333333333,174.0,178.0,191.0,25.1,24.4,17.5,174.0
2026-08-27 18:00:00,2026-08-28 18:00:00,24,18,27,3,8,32.2,72.0,2.4,945.4,0.0,129.13888888888889,0.4166666666666667,179.0,184.0,201.0,32.8,31.1,24.3,177.0
2026-08-27 18:00:00,2026-08-29 18:00:00,48,18,27,3,8,32.2,72.0,2.4,945.4,0.0,129.13888888888889,0.4166666666666667,179.0,184.0,201.0,32.8,31.1,24.3,183.0
2026-08-27 18:00:00,2026-08-30 18:00:00,72,18,27,3,8,32.2,72.0,2.4,945.4,0.0,129.13888888888889,0.4166666666666667,179.0,184.0,201.0,32.8,31.1,24.3,174.0
2026-08-27 19:00:00,2026-08-28 19:00:00,24,19,27,3,8,30.7,76.0,6.0,945.6,0.0,129.0,0.5,172.0,178.0,196.0,44.6,41.8,32.7,174.0
2026-08-27 19:00:00,2026-08-29 19:00:00,48,19,27,3,8,30.7,76.0,6.0,945.6,0.0,129.0,0.5,172.0,178.0,196.0,44.6,41.8,32.7,178.0
2026-08-27 19:00:00,2026-08-30 19:00:00,72,19,27,3,8,30.7,76.0,6.0,945.6,0.0,129.0,0.5,172.0,178.0,196.0,44.6,41.8,32.7,166.0
2026-08-27 20:00:00,2026-08-28 20:00:00,24,20,27,3,8,29.8,78.0,7.2,946.3,0.0,128.875,0.625,151.0,158.0,172.0,52.2,48.7,41.3,159.0
2026-08-27 20:00:00,2026-08-29 20:00:00,48,20,27,3,8,29.8,78.0,7.2,946.3,0.0,128.875,0.625,151.0,158.0,172.0,52.2,48.7,41.3,163.0
2026-08-27 20:00:00,2026-08-30 20:00:00,72,20,27,3,8,29.8,78.0,7.2,946.3,0.0,128.875,0.625,151.0,158.0,172.0,52.2,48.7,41.3,151.0
2026-08-27 21:00:00,2026-08-28 21:00:00,24,21,27,3,8,29.1,82.0,5.8,946.8,0.0,128.84722222222223,0.7916666666666666,113.0,123.0,134.0,55.3,49.8,48.8,139.0
2026-08-27 21:00:00,2026-08-29 21:00:00,48,21,27,3,8,29.1,82.0,5.8,946.8,0.0,128.84722222222223,0.7916666666666666,113.0,123.0,134.0,55.3,49.8,48.8,138.0
2026-08-27 21:00:00,2026-08-30 21:00:00,72,21,27,3,8,29.1,82.0,5.8,946.8,0.0,128.84722222222223,0.7916666666666666,113.0,123.0,134.0,55.3,49.8,48.8,127.0
2026-08-27 22:00:00,2026-08-28 22:00:00,24,22,27,3,8,28.5,83.0,4.7,946.8,0.0,128.97222222222223,1.25,114.0,108.0,126.0,58.7,53.8,54.9,139.0
2026-08-27 22:00:00,2026-08-29 22:00:00,48,22,27,3,8,28.5,83.0,4.7,946.8,0.0,128.97222222222223,1.25,114.0,108.0,126.0,58.7,53.8,54.9,129.0
2026-08-27 22:00:00,2026-08-30 22:00:00,72,22,27,3,8,28.5,83.0,4.7,946.8,0.0,128.97222222222223,1.25,114.0,108.0,126.0,58.7,53.8,54.9,113.0
2026-08-27 23:00:00,2026-08-28 23:00:00,24,23,27,3,8,29.0,83.0,5.0,946.7,0.0,129.15277777777777,1.0416666666666667,114.0,108.0,126.0,65.2,60.5,60.5,138.0
2026-08-27 23:00:00,2026-08-29 23:00:00,48,23,27,3,8,29.0,83.0,5.0,946.7,0.0,129.15277777777777,1.0416666666666667,114.0,108.0,126.0,65.2,60.5,60.5,128.0
2026-08-27 23:00:00,2026-08-30 23:00:00,72,23,27,3,8,29.0,83.0,5.0,946.7,0.0,129.15277777777777,1.0416666666666667,114.0,108.0,126.0,65.2,60.5,60.5,111.0
2026-08-28 00:00:00,2026-08-29 00:00:00,24,0,28,4,8,28.4,86.0,2.9,946.4,0.0,129.34722222222223,1.0833333333333333,115.0,108.0,125.0,69.4,59.4,62.4,137.0
2026-08-28 00:00:00,2026-08-30 00:00:00,48,0,28,4,8,28.4,86.0,2.9,946.4,0.0,129.34722222222223,1.0833333333333333,115.0,108.0,125.0,69.4,59.4,62.4,127.0
2026-08-28 00:00:00,2026-08-31 00:00:00,72,0,28,4,8,28.4,86.0,2.9,946.4,0.0,129.34722222222223,1.0833333333333333,115.0,108.0,125.0,69.4,59.4,62.4,108.0
2026-08-28 01:00:00,2026-08-29 01:00:00,24,1,28,4,8,27.9,88.0,3.1,946.0,0.0,129.56944444444446,1.0833333333333333,116.0,108.0,125.0,65.9,54.7,54.1,136.0
2026-08-28 01:00:00,2026-08-30 01:00:00,48,1,28,4,8,27.9,88.0,3.1,946.0,0.0,129.56944444444446,1.0833333333333333,116.0,108.0,125.0,65.9,54.7,54.1,126.0
2026-08-28 01:00:00,2026-08-31 01:00:00,72,1,28,4,8,27.9,88.0,3.1,946.0,0.0,129.56944444444446,1.0833333333333333,116.0,108.0,125.0,65.9,54.7,54.1,105.0
2026-08-28 02:00:00,2026-08-29 02:00:00,24,2,28,4,8,27.6,89.0,4.0,945.8,0.0,129.80555555555554,1.0833333333333333,117.0,108.0,124.0,60.5,49.8,47.5,135.0
2026-08-28 02:00:00,2026-08-30 02:00:00,48,2,28,4,8,27.6,89.0,4.0,945.8,0.0,129.80555555555554,1.0833333333333333,117.0,108.0,124.0,60.5,49.8,47.5,125.0
2026-08-28 02:00:00,2026-08-31 02:00:00,72,2,28,4,8,27.6,89.0,4.0,945.8,0.0,129.80555555555554,1.0833333333333333,117.0,108.0,124.0,60.5,49.8,47.5,102.0
2026-08-28 03:00:00,2026-08-29 03:00:00,24,3,28,4,8,27.4,89.0,5.2,945.8,0.0,130.05555555555554,1.0416666666666667,118.0,108.0,123.0,54.1,45.2,42.0,134.0
2026-08-28 03:00:00,2026-08-30 03:00:00,48,3,28,4,8,27.4,89.0,5.2,945.8,0.0,130.05555555555554,1.0416666666666667,118.0,108.0,123.0,54.1,45.2,42.0,124.0
2026-08-28 03:00:00,2026-08-31 03:00:00,72,3,28,4,8,27.4,89.0,5.2,945.8,0.0,130.05555555555554,1.0416666666666667,118.0,108.0,123.0,54.1,45.2,42.0,100.0
2026-08-28 04:00:00,2026-08-29 04:00:00,24,4,28,4,8,27.2,89.0,6.0,946.1,0.0,130.33333333333334,1.0416666666666667,119.0,109.0,120.0,47.3,39.5,36.7,133.0
2026-08-28 04:00:00,2026-08-30 04:00:00,48,4,28,4,8,27.2,89.0,6.0,946.1,0.0,130.33333333333334,1.0416666666666667,119.0,109.0,120.0,47.3,39.5,36.7,122.0
2026-08-28 04:00:00,2026-08-31 04:00:00,72,4,28,4,8,27.2,89.0,6.0,946.1,0.0,130.33333333333334,1.0416666666666667,119.0,109.0,120.0,47.3,39.5,36.7,98.0
2026-08-28 05:00:00,2026-08-29 05:00:00,24,5,28,4,8,27.5,90.0,7.6,946.4,0.1,130.65277777777777,1.0,120.0,109.0,118.0,66.1,46.8,48.3,133.0
2026-08-28 05:00:00,2026-08-30 05:00:00,48,5,28,4,8,27.5,90.0,7.6,946.4,0.1,130.65277777777777,1.0,120.0,109.0,118.0,66.1,46.8,48.3,121.0
2026-08-28 05:00:00,2026-08-31 05:00:00,72,5,28,4,8,27.5,90.0,7.6,946.4,0.1,130.65277777777777,1.0,120.0,109.0,118.0,66.1,46.8,48.3,96.0
2026-08-28 06:00:00,2026-08-29 06:00:00,24,6,28,4,8,27.4,90.0,8.6,947.2,0.1,131.01388888888889,1.0,122.0,109.0,115.0,61.0,44.2,46.9,133.0
2026-08-28 06:00:00,2026-08-30 06:00:00,48,6,28,4,8,27.4,90.0,8.6,947.2,0.1,131.01388888888889,1.0,122.0,109.0,115.0,61.0,44.2,46.9,119.0
2026-08-28 06:00:00,2026-08-31 06:00:00,72,6,28,4,8,27.4,90.0,8.6,947.2,0.1,131.01388888888889,1.0,122.0,109.0,115.0,61.0,44.2,46.9,96.0
2026-08-28 07:00:00,2026-08-29 07:00:00,24,7,28,4,8,28.0,81.0,10.5,947.9,0.0,131.38888888888889,0.8333333333333334,123.0,108.0,112.0,56.2,41.6,43.5,133.0
2026-08-28 07:00:00,2026-08-30 07:00:00,48,7,28,4,8,28.0,81.0,10.5,947.9,0.0,131.38888888888889,0.8333333333333334,123.0,108.0,112.0,56.2,41.6,43.5,117.0
2026-08-28 07:00:00,2026-08-31 07:00:00,72,7,28,4,8,28.0,81.0,10.5,947.9,0.0,131.38888888888889,0.8333333333333334,123.0,108.0,112.0,56.2,41.6,43.5,96.0
2026-08-28 08:00:00,2026-08-29 08:00:00,24,8,28,4,8,28.8,74.0,10.1,948.3,0.0,131.77777777777777,0.7083333333333334,125.0,108.0,110.0,42.8,35.4,31.4,132.0
2026-08-28 08:00:00,2026-08-30 08:00:00,48,8,28,4,8,28.8,74.0,10.1,948.3,0.0,131.77777777777777,0.7083333333333334,125.0,108.0,110.0,42.8,35.4,31.4,115.0
2026-08-28 08:00:00,2026-08-31 08:00:00,72,8,28,4,8,28.8,74.0,10.1,948.3,0.0,131.77777777777777,0.7083333333333334,125.0,108.0,110.0,42.8,35.4,31.4,95.0
2026-08-28 09:00:00,2026-08-29 09:00:00,24,9,28,4,8,29.7,73.0,10.3,948.7,0.0,132.18055555555554,0.5833333333333334,126.0,109.0,107.0,39.8,32.2,27.6,132.0
2026-08-28 09:00:00,2026-08-30 09:00:00,48,9,28,4,8,29.7,73.0,10.3,948.7,0.0,132.18055555555554,0.5833333333333334,126.0,109.0,107.0,39.8,32.2,27.6,115.0
2026-08-28 09:00:00,2026-08-31 09:00:00,72,9,28,4,8,29.7,73.0,10.3,948.7,0.0,132.18055555555554,0.5833333333333334,126.0,109.0,107.0,39.8,32.2,27.6,95.0
2026-08-28 10:00:00,2026-08-29 10:00:00,24,10,28,4,8,30.7,71.0,11.8,949.0,0.0,132.61111111111111,0.5,127.0,109.0,107.0,40.4,32.7,27.2,132.0
2026-08-28 10:00:00,2026-08-30 10:00:00,48,10,28,4,8,30.7,71.0,11.8,949.0,0.0,132.61111111111111,0.5,127.0,109.0,107.0,40.4,32.7,27.2,115.0
2026-08-28 10:00:00,2026-08-31 10:00:00,72,10,28,4,8,30.7,71.0,11.8,949.0,0.0,132.61111111111111,0.5,127.0,109.0,107.0,40.4,32.7,27.2,94.0
2026-08-28 11:00:00,2026-08-29 11:00:00,24,11,28,4,8,30.8,70.0,8.3,949.0,0.0,133.04166666666666,0.4583333333333333,127.0,110.0,106.0,40.5,31.5,25.8,132.0
2026-08-28 11:00:00,2026-08-30 11:00:00,48,11,28,4,8,30.8,70.0,8.3,949.0,0.0,133.04166666666666,0.4583333333333333,127.0,110.0,106.0,40.5,31.5,25.8,115.0
2026-08-28 11:00:00,2026-08-31 11:00:00,72,11,28,4,8,30.8,70.0,8.3,949.0,0.0,133.04166666666666,0.4583333333333333,127.0,110.0,106.0,40.5,31.5,25.8,94.0
2026-08-28 12:00:00,2026-08-29 12:00:00,24,12,28,4,8,32.0,65.0,4.4,948.6,0.0,133.48611111111111,0.4583333333333333,128.0,110.0,106.0,39.2,29.4,25.3,132.0
2026-08-28 12:00:00,2026-08-30 12:00:00,48,12,28,4,8,32.0,65.0,4.4,948.6,0.0,133.48611111111111,0.4583333333333333,128.0,110.0,106.0,39.2,29.4,25.3,115.0
2026-08-28 12:00:00,2026-08-31 12:00:00,72,12,28,4,8,32.0,65.0,4.4,948.6,0.0,133.48611111111111,0.4583333333333333,128.0,110.0,106.0,39.2,29.4,25.3,93.0
2026-08-28 13:00:00,2026-08-29 13:00:00,24,13,28,4,8,33.0,60.0,4.2,947.8,0.0,133.91666666666666,0.375,129.0,111.0,106.0,38.9,29.0,25.5,132.0
2026-08-28 13:00:00,2026-08-30 13:00:00,48,13,28,4,8,33.0,60.0,4.2,947.8,0.0,133.91666666666666,0.375,129.0,111.0,106.0,38.9,29.0,25.5,115.0
2026-08-28 13:00:00,2026-08-31 13:00:00,72,13,28,4,8,33.0,60.0,4.2,947.8,0.0,133.91666666666666,0.375,129.0,111.0,106.0,38.9,29.0,25.5,93.0
2026-08-28 14:00:00,2026-08-29 14:00:00,24,14,28,4,8,33.5,57.0,4.3,947.2,0.0,134.36111111111111,0.375,130.0,111.0,110.0,38.6,29.0,25.8,135.0
2026-08-28 14:00:00,2026-08-30 14:00:00,48,14,28,4,8,33.5,57.0,4.3,947.2,0.0,134.36111111111111,0.375,130.0,111.0,110.0,38.6,29.0,25.8,125.0
2026-08-28 14:00:00,2026-08-31 14:00:00,72,14,28,4,8,33.5,57.0,4.3,947.2,0.0,134.36111111111111,0.375,130.0,111.0,110.0,38.6,29.0,25.8,92.0
2026-08-28 15:00:00,2026-08-29 15:00:00,24,15,28,4,8,33.6,56.0,5.4,946.4,0.0,134.75,0.3333333333333333,146.0,134.0,143.0,38.5,29.2,25.7,155.0
2026-08-28 15:00:00,2026-08-30 15:00:00,48,15,28,4,8,33.6,56.0,5.4,946.4,0.0,134.75,0.3333333333333333,146.0,134.0,143.0,38.5,29.2,25.7,146.0
2026-08-28 15:00:00,2026-08-31 15:00:00,72,15,28,4,8,33.6,56.0,5.4,946.4,0.0,134.75,0.3333333333333333,146.0,134.0,143.0,38.5,29.2,25.7,115.0
2026-08-28 16:00:00,2026-08-29 16:00:00,24,16,28,4,8,33.6,55.0,4.0,946.1,0.0,134.76388888888889,-0.08333333333333333,169.0,158.0,164.0,38.3,29.3,25.7,169.0
2026-08-28 16:00:00,2026-08-30 16:00:00,48,16,28,4,8,33.6,55.0,4.0,946.1,0.0,134.76388888888889,-0.08333333333333333,169.0,158.0,164.0,38.3,29.3,25.7,162.0
2026-08-28 16:00:00,2026-08-31 16:00:00,72,16,28,4,8,33.6,55.0,4.0,946.1,0.0,134.76388888888889,-0.08333333333333333,169.0,158.0,164.0,38.3,29.3,25.7,144.0
2026-08-28 17:00:00,2026-08-29 17:00:00,24,17,28,4,8,33.9,53.0,2.3,946.0,0.0,134.70833333333334,-0.375,184.0,174.0,178.0,39.2,25.1,24.4,179.0
2026-08-28 17:00:00,2026-08-30 17:00:00,48,17,28,4,8,33.9,53.0,2.3,946.0,0.0,134.70833333333334,-0.375,184.0,174.0,178.0,39.2,25.1,24.4,174.0
2026-08-28 17:00:00,2026-08-31 17:00:00,72,17,28,4,8,33.9,53.0,2.3,946.0,0.0,134.70833333333334,-0.375,184.0,174.0,178.0,39.2,25.1,24.4,164.0
2026-08-28 18:00:00,2026-08-29 18:00:00,24,18,28,4,8,32.3,67.0,3.6,945.7,0.0,134.625,-0.5,191.0,179.0,184.0,46.8,32.8,31.1,183.0
2026-08-28 18:00:00,2026-08-30 18:00:00,48,18,28,4,8,32.3,67.0,3.6,945.7,0.0,134.625,-0.5,191.0,179.0,184.0,46.8,32.8,31.1,174.0
2026-08-28 18:00:00,2026-08-31 18:00:00,72,18,28,4,8,32.3,67.0,3.6,945.7,0.0,134.625,-0.5,191.0,179.0,184.0,46.8,32.8,31.1,169.0
2026-08-28 19:00:00,2026-08-29 19:00:00,24,19,28,4,8,30.6,74.0,5.1,945.5,0.0,134.52777777777777,-0.5833333333333334,187.0,172.0,178.0,54.9,44.6,41.8,178.0
2026-08-28 19:00:00,2026-08-30 19:00:00,48,19,28,4,8,30.6,74.0,5.1,945.5,0.0,134.52777777777777,-0.5833333333333334,187.0,172.0,178.0,54.9,44.6,41.8,166.0
2026-08-28 19:00:00,2026-08-31 19:00:00,72,19,28,4,8,30.6,74.0,5.1,945.5,0.0,134.52777777777777,-0.5833333333333334,187.0,172.0,178.0,54.9,44.6,41.8,163.0
2026-08-28 20:00:00,2026-08-29 20:00:00,24,20,28,4,8,29.7,78.0,4.9,946.0,0.0,134.47222222222223,-0.5416666666666666,170.0,151.0,158.0,59.4,52.2,48.7,163.0
2026-08-28 20:00:00,2026-08-30 20:00:00,48,20,28,4,8,29.7,78.0,4.9,946.0,0.0,134.47222222222223,-0.5416666666666666,170.0,151.0,158.0,59.4,52.2,48.7,151.0
2026-08-28 20:00:00,2026-08-31 20:00:00,72,20,28,4,8,29.7,78.0,4.9,946.0,0.0,134.47222222222223,-0.5416666666666666,170.0,151.0,158.0,59.4,52.2,48.7,147.0
2026-08-28 21:00:00,2026-08-29 21:00:00,24,21,28,4,8,28.9,83.0,3.5,946.4,0.0,134.48611111111111,-0.4583333333333333,143.0,113.0,123.0,63.6,55.3,49.8,138.0
2026-08-28 21:00:00,2026-08-30 21:00:00,48,21,28,4,8,28.9,83.0,3.5,946.4,0.0,134.48611111111111,-0.4583333333333333,143.0,113.0,123.0,63.6,55.3,49.8,127.0
2026-08-28 21:00:00,2026-08-31 21:00:00,72,21,28,4,8,28.9,83.0,3.5,946.4,0.0,134.48611111111111,-0.4583333333333333,143.0,113.0,123.0,63.6,55.3,49.8,118.0
2026-08-28 22:00:00,2026-08-29 22:00:00,24,22,28,4,8,28.4,86.0,4.3,947.0,0.0,134.70833333333334,-0.16666666666666666,139.0,114.0,108.0,68.9,58.7,53.8,129.0
2026-08-28 22:00:00,2026-08-30 22:00:00,48,22,28,4,8,28.4,86.0,4.3,947.0,0.0,134.70833333333334,-0.16666666666666666,139.0,114.0,108.0,68.9,58.7,53.8,113.0
2026-08-28 22:00:00,2026-08-31 22:00:00,72,22,28,4,8,28.4,86.0,4.3,947.0,0.0,134.70833333333334,-0.16666666666666666,139.0,114.0,108.0,68.9,58.7,53.8,93.0
2026-08-28 23:00:00,2026-08-29 23:00:00,24,23,28,4,8,29.0,84.0,7.4,946.6,0.0,135.13888888888889,0.0,140.0,114.0,108.0,74.5,65.2,60.5,128.0
2026-08-28 23:00:00,2026-08-30 23:00:00,48,23,28,4,8,29.0,84.0,7.4,946.6,0.0,135.13888888888889,0.0,140.0,114.0,108.0,74.5,65.2,60.5,111.0
2026-08-28 23:00:00,2026-08-31 23:00:00,72,23,28,4,8,29.0,84.0,7.4,946.6,0.0,135.13888888888889,0.0,140.0,114.0,108.0,74.5,65.2,60.5,94.0
2026-08-29 00:00:00,2026-08-30 00:00:00,24,0,29,5,8,28.6,86.0,4.9,946.4,0.1,135.55555555555554,-0.08333333333333333,141.0,115.0,108.0,75.9,69.4,59.4,127.0
2026-08-29 00:00:00,2026-08-31 00:00:00,48,0,29,5,8,28.6,86.0,4.9,946.4,0.1,135.55555555555554,-0.08333333333333333,141.0,115.0,108.0,75.9,69.4,59.4,108.0
2026-08-29 00:00:00,2026-09-01 00:00:00,72,0,29,5,8,28.6,86.0,4.9,946.4,0.1,135.55555555555554,-0.08333333333333333,141.0,115.0,108.0,75.9,69.4,59.4,96.0
2026-08-29 01:00:00,2026-08-30 01:00:00,24,1,29,5,8,28.3,88.0,3.8,946.3,0.1,135.95833333333334,-0.16666666666666666,142.0,116.0,108.0,70.5,65.9,54.7,126.0
2026-08-29 01:00:00,2026-08-31 01:00:00,48,1,29,5,8,28.3,88.0,3.8,946.3,0.1,135.95833333333334,-0.16666666666666666,142.0,116.0,108.0,70.5,65.9,54.7,105.0
2026-08-29 01:00:00,2026-09-01 01:00:00,72,1,29,5,8,28.3,88.0,3.8,946.3,0.1,135.95833333333334,-0.16666666666666666,142.0,116.0,108.0,70.5,65.9,54.7,96.0
2026-08-29 02:00:00,2026-08-30 02:00:00,24,2,29,5,8,28.0,88.0,8.1,946.1,0.0,136.34722222222223,-0.25,142.0,117.0,108.0,64.7,60.5,49.8,125.0
2026-08-29 02:00:00,2026-08-31 02:00:00,48,2,29,5,8,28.0,88.0,8.1,946.1,0.0,136.34722222222223,-0.25,142.0,117.0,108.0,64.7,60.5,49.8,102.0
2026-08-29 02:00:00,2026-09-01 02:00:00,72,2,29,5,8,28.0,88.0,8.1,946.1,0.0,136.34722222222223,-0.25,142.0,117.0,108.0,64.7,60.5,49.8,97.0
2026-08-29 03:00:00,2026-08-30 03:00:00,24,3,29,5,8,27.2,85.0,9.2,946.4,0.0,136.72222222222223,-0.2916666666666667,143.0,118.0,108.0,59.0,54.1,45.2,124.0
2026-08-29 03:00:00,2026-08-31 03:00:00,48,3,29,5,8,27.2,85.0,9.2,946.4,0.0,136.72222222222223,-0.2916666666666667,143.0,118.0,108.0,59.0,54.1,45.2,100.0
2026-08-29 03:00:00,2026-09-01 03:00:00,72,3,29,5,8,27.2,85.0,9.2,946.4,0.0,136.72222222222223,-0.2916666666666667,143.0,118.0,108.0,59.0,54.1,45.2,97.0
2026-08-29 04:00:00,2026-08-30 04:00:00,24,4,29,5,8,26.7,85.0,6.3,946.5,0.0,137.08333333333334,-0.375,143.0,119.0,109.0,52.9,47.3,39.5,122.0
2026-08-29 04:00:00,2026-08-31 04:00:00,48,4,29,5,8,26.7,85.0,6.3,946.5,0.0,137.08333333333334,-0.375,143.0,119.0,109.0,52.9,47.3,39.5,98.0
2026-08-29 04:00:00,2026-09-01 04:00:00,72,4,29,5,8,26.7,85.0,6.3,946.5,0.0,137.08333333333334,-0.375,143.0,119.0,109.0,52.9,47.3,39.5,97.0
2026-08-29 05:00:00,2026-08-30 05:00:00,24,5,29,5,8,27.4,88.0,8.7,946.3,0.0,137.41666666666666,-0.4166666666666667,144.0,120.0,109.0,48.2,66.1,46.8,121.0
2026-08-29 05:00:00,2026-08-31 05:00:00,48,5,29,5,8,27.4,88.0,8.7,946.3,0.0,137.41666666666666,-0.4166666666666667,144.0,120.0,109.0,48.2,66.1,46.8,96.0
2026-08-29 05:00:00,2026-09-01 05:00:00,72,5,29,5,8,27.4,88.0,8.7,946.3,0.0,137.41666666666666,-0.4166666666666667,144.0,120.0,109.0,48.2,66.1,46.8,98.0
2026-08-29 06:00:00,2026-08-30 06:00:00,24,6,29,5,8,27.0,89.0,5.5,946.1,0.0,137.75,-0.4583333333333333,142.0,122.0,109.0,45.4,61.0,44.2,119.0
2026-08-29 06:00:00,2026-08-31 06:00:00,48,6,29,5,8,27.0,89.0,5.5,946.1,0.0,137.75,-0.4583333333333333,142.0,122.0,109.0,45.4,61.0,44.2,96.0
2026-08-29 06:00:00,2026-09-01 06:00:00,72,6,29,5,8,27.0,89.0,5.5,946.1,0.0,137.75,-0.4583333333333333,142.0,122.0,109.0,45.4,61.0,44.2,98.0
2026-08-29 07:00:00,2026-08-30 07:00:00,24,7,29,5,8,27.7,86.0,4.0,946.6,0.0,138.08333333333334,-0.375,140.0,123.0,108.0,42.3,56.2,41.6,117.0
2026-08-29 07:00:00,2026-08-31 07:00:00,48,7,29,5,8,27.7,86.0,4.0,946.6,0.0,138.08333333333334,-0.375,140.0,123.0,108.0,42.3,56.2,41.6,96.0
2026-08-29 07:00:00,2026-09-01 07:00:00,72,7,29,5,8,27.7,86.0,4.0,946.6,0.0,138.08333333333334,-0.375,140.0,123.0,108.0,42.3,56.2,41.6,98.0
2026-08-29 08:00:00,2026-08-30 08:00:00,24,8,29,5,8,28.6,80.0,4.9,947.5,0.7,138.43055555555554,-0.2916666666666667,139.0,125.0,108.0,38.2,42.8,35.4,115.0
2026-08-29 08:00:00,2026-08-31 08:00:00,48,8,29,5,8,28.6,80.0,4.9,947.5,0.7,138.43055555555554,-0.2916666666666667,139.0,125.0,108.0,38.2,42.8,35.4,95.0
2026-08-29 08:00:00,2026-09-01 08:00:00,72,8,29,5,8,28.6,80.0,4.9,947.5,0.7,138.43055555555554,-0.2916666666666667,139.0,125.0,108.0,38.2,42.8,35.4,97.0
2026-08-29 09:00:00,2026-08-30 09:00:00,24,9,29,5,8,29.9,76.0,5.4,947.8,0.4,138.76388888888889,-0.2916666666666667,138.0,126.0,109.0,36.8,39.8,32.2,115.0
2026-08-29 09:00:00,2026-08-31 09:00:00,48,9,29,5,8,29.9,76.0,5.4,947.8,0.4,138.76388888888889,-0.2916666666666667,138.0,126.0,109.0,36.8,39.8,32.2,95.0
2026-08-29 09:00:00,2026-09-01 09:00:00,72,9,29,5,8,29.9,76.0,5.4,947.8,0.4,138.76388888888889,-0.2916666666666667,138.0,126.0,109.0,36.8,39.8,32.2,97.0
2026-08-29 10:00:00,2026-08-30 10:00:00,24,10,29,5,8,31.1,71.0,7.0,948.4,0.3,139.08333333333334,-0.25,138.0,127.0,109.0,37.6,40.4,32.7,115.0
2026-08-29 10:00:00,2026-08-31 10:00:00,48,10,29,5,8,31.1,71.0,7.0,948.4,0.3,139.08333333333334,-0.25,138.0,127.0,109.0,37.6,40.4,32.7,94.0
2026-08-29 10:00:00,2026-09-01 10:00:00,72,10,29,5,8,31.1,71.0,7.0,948.4,0.3,139.08333333333334,-0.25,138.0,127.0,109.0,37.6,40.4,32.7,96.0
2026-08-29 11:00:00,2026-08-30 11:00:00,24,11,29,5,8,32.6,65.0,7.0,948.0,0.2,139.40277777777777,-0.25,138.0,127.0,110.0,39.3,40.5,31.5,115.0
2026-08-29 11:00:00,2026-08-31 11:00:00,48,11,29,5,8,32.6,65.0,7.0,948.0,0.2,139.40277777777777,-0.25,138.0,127.0,110.0,39.3,40.5,31.5,94.0
2026-08-29 11:00:00,2026-09-01 11:00:00,72,11,29,5,8,32.6,65.0,7.0,948.0,0.2,139.40277777777777,-0.25,138.0,127.0,110.0,39.3,40.5,31.5,95.0
2026-08-29 12:00:00,2026-08-30 12:00:00,24,12,29,5,8,33.2,62.0,5.7,947.5,0.1,139.70833333333334,-0.25,137.0,128.0,110.0,40.4,39.2,29.4,115.0
2026-08-29 12:00:00,2026-08-31 12:00:00,48,12,29,5,8,33.2,62.0,5.7,947.5,0.1,139.70833333333334,-0.25,137.0,128.0,110.0,40.4,39.2,29.4,93.0
2026-08-29 12:00:00,2026-09-01 12:00:00,72,12,29,5,8,33.2,62.0,5.7,947.5,0.1,139.70833333333334,-0.25,137.0,128.0,110.0,40.4,39.2,29.4,95.0
2026-08-29 13:00:00,2026-08-30 13:00:00,24,13,29,5,8,33.5,61.0,4.1,947.1,0.0,140.01388888888889,-0.20833333333333334,138.0,129.0,111.0,41.1,38.9,29.0,115.0
2026-08-29 13:00:00,2026-08-31 13:00:00,48,13,29,5,8,33.5,61.0,4.1,947.1,0.0,140.01388888888889,-0.20833333333333334,138.0,129.0,111.0,41.1,38.9,29.0,93.0
2026-08-29 13:00:00,2026-09-01 13:00:00,72,13,29,5,8,33.5,61.0,4.1,947.1,0.0,140.01388888888889,-0.20833333333333334,138.0,129.0,111.0,41.1,38.9,29.0,94.0
2026-08-29 14:00:00,2026-08-30 14:00:00,24,14,29,5,8,33.7,60.0,2.0,946.3,0.0,140.30555555555554,-0.25,138.0,130.0,111.0,40.6,38.6,29.0,125.0
2026-08-29 14:00:00,2026-08-31 14:00:00,48,14,29,5,8,33.7,60.0,2.0,946.3,0.0,140.30555555555554,-0.25,138.0,130.0,111.0,40.6,38.6,29.0,92.0
2026-08-29 14:00:00,2026-09-01 14:00:00,72,14,29,5,8,33.7,60.0,2.0,946.3,0.0,140.30555555555554,-0.25,138.0,130.0,111.0,40.6,38.6,29.0,94.0
2026-08-29 15:00:00,2026-08-30 15:00:00,24,15,29,5,8,33.6,60.0,1.1,945.8,0.0,140.63888888888889,-0.125,144.0,146.0,134.0,40.3,38.5,29.2,146.0
2026-08-29 15:00:00,2026-08-31 15:00:00,48,15,29,5,8,33.6,60.0,1.1,945.8,0.0,140.63888888888889,-0.125,144.0,146.0,134.0,40.3,38.5,29.2,115.0
2026-08-29 15:00:00,2026-09-01 15:00:00,72,15,29,5,8,33.6,60.0,1.1,945.8,0.0,140.63888888888889,-0.125,144.0,146.0,134.0,40.3,38.5,29.2,94.0
2026-08-29 16:00:00,2026-08-30 16:00:00,24,16,29,5,8,33.6,59.0,1.1,945.4,0.0,140.93055555555554,0.4583333333333333,160.0,169.0,158.0,40.5,38.3,29.3,162.0
2026-08-29 16:00:00,2026-08-31 16:00:00,48,16,29,5,8,33.6,59.0,1.1,945.4,0.0,140.93055555555554,0.4583333333333333,160.0,169.0,158.0,40.5,38.3,29.3,144.0
2026-08-29 16:00:00,2026-09-01 16:00:00,72,16,29,5,8,33.6,59.0,1.1,945.4,0.0,140.93055555555554,0.4583333333333333,160.0,169.0,158.0,40.5,38.3,29.3,116.0
2026-08-29 17:00:00,2026-08-30 17:00:00,24,17,29,5,8,32.4,62.0,5.3,945.4,0.0,141.08333333333334,0.375,172.0,184.0,174.0,43.1,39.2,25.1,174.0
2026-08-29 17:00:00,2026-08-31 17:00:00,48,17,29,5,8,32.4,62.0,5.3,945.4,0.0,141.08333333333334,0.375,172.0,184.0,174.0,43.1,39.2,25.1,164.0
2026-08-29 17:00:00,2026-09-01 17:00:00,72,17,29,5,8,32.4,62.0,5.3,945.4,0.0,141.08333333333334,0.375,172.0,184.0,174.0,43.1,39.2,25.1,138.0
2026-08-29 18:00:00,2026-08-30 18:00:00,24,18,29,5,8,30.9,72.0,8.3,945.1,0.0,141.15277777777777,0.2916666666666667,177.0,191.0,179.0,48.8,46.8,32.8,174.0
2026-08-29 18:00:00,2026-08-31 18:00:00,48,18,29,5,8,30.9,72.0,8.3,945.1,0.0,141.15277777777777,0.2916666666666667,177.0,191.0,179.0,48.8,46.8,32.8,169.0
2026-08-29 18:00:00,2026-09-01 18:00:00,72,18,29,5,8,30.9,72.0,8.3,945.1,0.0,141.15277777777777,0.2916666666666667,177.0,191.0,179.0,48.8,46.8,32.8,147.0
2026-08-29 19:00:00,2026-08-30 19:00:00,24,19,29,5,8,29.4,79.0,8.8,945.0,0.0,141.20833333333334,0.25,174.0,187.0,172.0,53.9,54.9,44.6,166.0
2026-08-29 19:00:00,2026-08-31 19:00:00,48,19,29,5,8,29.4,79.0,8.8,945.0,0.0,141.20833333333334,0.25,174.0,187.0,172.0,53.9,54.9,44.6,163.0
2026-08-29 19:00:00,2026-09-01 19:00:00,72,19,29,5,8,29.4,79.0,8.8,945.0,0.0,141.20833333333334,0.25,174.0,187.0,172.0,53.9,54.9,44.6,145.0
2026-08-29 20:00:00,2026-08-30 20:00:00,24,20,29,5,8,28.7,80.0,7.0,945.7,0.0,141.29166666666666,0.16666666666666666,159.0,170.0,151.0,58.7,59.4,52.2,151.0
2026-08-29 20:00:00,2026-08-31 20:00:00,48,20,29,5,8,28.7,80.0,7.0,945.7,0.0,141.29166666666666,0.16666666666666666,159.0,170.0,151.0,58.7,59.4,52.2,147.0
2026-08-29 20:00:00,2026-09-01 20:00:00,72,20,29,5,8,28.7,80.0,7.0,945.7,0.0,141.29166666666666,0.16666666666666666,159.0,170.0,151.0,58.7,59.4,52.2,130.0
2026-08-29 21:00:00,2026-08-30 21:00:00,24,21,29,5,8,28.4,82.0,5.5,946.1,0.0,141.45833333333334,0.16666666666666666,139.0,143.0,113.0,63.1,63.6,55.3,127.0
2026-08-29 21:00:00,2026-08-31 21:00:00,48,21,29,5,8,28.4,82.0,5.5,946.1,0.0,141.45833333333334,0.16666666666666666,139.0,143.0,113.0,63.1,63.6,55.3,118.0
2026-08-29 21:00:00,2026-09-01 21:00:00,72,21,29,5,8,28.4,82.0,5.5,946.1,0.0,141.45833333333334,0.16666666666666666,139.0,143.0,113.0,63.1,63.6,55.3,108.0
2026-08-29 22:00:00,2026-08-30 22:00:00,24,22,29,5,8,28.0,84.0,4.2,946.3,0.0,141.80555555555554,-0.041666666666666664,139.0,139.0,114.0,65.0,68.9,58.7,113.0
2026-08-29 22:00:00,2026-08-31 22:00:00,48,22,29,5,8,28.0,84.0,4.2,946.3,0.0,141.80555555555554,-0.041666666666666664,139.0,139.0,114.0,65.0,68.9,58.7,93.0
2026-08-29 22:00:00,2026-09-01 22:00:00,72,22,29,5,8,28.0,84.0,4.2,946.3,0.0,141.80555555555554,-0.041666666666666664,139.0,139.0,114.0,65.0,68.9,58.7,90.0
2026-08-29 23:00:00,2026-08-30 23:00:00,24,23,29,5,8,28.1,84.0,4.3,946.2,0.0,142.01388888888889,-0.4166666666666667,138.0,140.0,114.0,65.2,74.5,65.2,111.0
2026-08-29 23:00:00,2026-08-31 23:00:00,48,23,29,5,8,28.1,84.0,4.3,946.2,0.0,142.01388888888889,-0.4166666666666667,138.0,140.0,114.0,65.2,74.5,65.2,94.0
2026-08-29 23:00:00,2026-09-01 23:00:00,72,23,29,5,8,28.1,84.0,4.3,946.2,0.0,142.01388888888889,-0.4166666666666667,138.0,140.0,114.0,65.2,74.5,65.2,90.0
2026-08-30 00:00:00,2026-08-31 00:00:00,24,0,30,6,8,26.7,91.0,9.5,945.9,0.5,142.20833333333334,-0.4166666666666667,137.0,141.0,115.0,63.3,75.9,69.4,108.0
2026-08-30 00:00:00,2026-09-01 00:00:00,48,0,30,6,8,26.7,91.0,9.5,945.9,0.5,142.20833333333334,-0.4166666666666667,137.0,141.0,115.0,63.3,75.9,69.4,96.0
2026-08-30 00:00:00,2026-09-02 00:00:00,72,0,30,6,8,26.7,91.0,9.5,945.9,0.5,142.20833333333334,-0.4166666666666667,137.0,141.0,115.0,63.3,75.9,69.4,89.0
2026-08-30 01:00:00,2026-08-31 01:00:00,24,1,30,6,8,25.4,93.0,7.6,946.1,1.7,142.375,-0.4166666666666667,136.0,142.0,116.0,59.8,70.5,65.9,105.0
2026-08-30 01:00:00,2026-09-01 01:00:00,48,1,30,6,8,25.4,93.0,7.6,946.1,1.7,142.375,-0.4166666666666667,136.0,142.0,116.0,59.8,70.5,65.9,96.0
2026-08-30 01:00:00,2026-09-02 01:00:00,72,1,30,6,8,25.4,93.0,7.6,946.1,1.7,142.375,-0.4166666666666667,136.0,142.0,116.0,59.8,70.5,65.9,90.0
2026-08-30 02:00:00,2026-08-31 02:00:00,24,2,30,6,8,25.1,92.0,9.8,945.6,0.7,142.51388888888889,-0.4166666666666667,135.0,142.0,117.0,55.6,64.7,60.5,102.0
2026-08-30 02:00:00,2026-09-01 02:00:00,48,2,30,6,8,25.1,92.0,9.8,945.6,0.7,142.51388888888889,-0.4166666666666667,135.0,142.0,117.0,55.6,64.7,60.5,97.0
2026-08-30 02:00:00,2026-09-02 02:00:00,72,2,30,6,8,25.1,92.0,9.8,945.6,0.7,142.51388888888889,-0.4166666666666667,135.0,142.0,117.0,55.6,64.7,60.5,90.0
2026-08-30 03:00:00,2026-08-31 03:00:00,24,3,30,6,8,25.5,91.0,0.7,945.7,0.2,142.625,-0.4166666666666667,134.0,143.0,118.0,53.3,59.0,54.1,100.0
2026-08-30 03:00:00,2026-09-01 03:00:00,48,3,30,6,8,25.5,91.0,0.7,945.7,0.2,142.625,-0.4166666666666667,134.0,143.0,118.0,53.3,59.0,54.1,97.0
2026-08-30 03:00:00,2026-09-02 03:00:00,72,3,30,6,8,25.5,91.0,0.7,945.7,0.2,142.625,-0.4166666666666667,134.0,143.0,118.0,53.3,59.0,54.1,90.0
2026-08-30 04:00:00,2026-08-31 04:00:00,24,4,30,6,8,25.1,94.0,2.3,945.9,0.1,142.70833333333334,-0.4166666666666667,133.0,143.0,119.0,49.2,52.9,47.3,98.0
2026-08-30 04:00:00,2026-09-01 04:00:00,48,4,30,6,8,25.1,94.0,2.3,945.9,0.1,142.70833333333334,-0.4166666666666667,133.0,143.0,119.0,49.2,52.9,47.3,97.0
2026-08-30 04:00:00,2026-09-02 04:00:00,72,4,30,6,8,25.1,94.0,2.3,945.9,0.1,142.70833333333334,-0.4166666666666667,133.0,143.0,119.0,49.2,52.9,47.3,90.0
2026-08-30 05:00:00,2026-08-31 05:00:00,24,5,30,6,8,25.6,91.0,8.5,945.3,0.0,142.75,-0.4583333333333333,133.0,144.0,120.0,43.8,48.2,66.1,96.0
2026-08-30 05:00:00,2026-09-01 05:00:00,48,5,30,6,8,25.6,91.0,8.5,945.3,0.0,142.75,-0.4583333333333333,133.0,144.0,120.0,43.8,48.2,66.1,98.0
2026-08-30 05:00:00,2026-09-02 05:00:00,72,5,30,6,8,25.6,91.0,8.5,945.3,0.0,142.75,-0.4583333333333333,133.0,144.0,120.0,43.8,48.2,66.1,89.0
2026-08-30 06:00:00,2026-08-31 06:00:00,24,6,30,6,8,25.8,91.0,7.0,945.5,0.0,142.76388888888889,-0.5,133.0,142.0,122.0,44.4,45.4,61.0,96.0
2026-08-30 06:00:00,2026-09-01 06:00:00,48,6,30,6,8,25.8,91.0,7.0,945.5,0.0,142.76388888888889,-0.5,133.0,142.0,122.0,44.4,45.4,61.0,98.0
2026-08-30 06:00:00,2026-09-02 06:00:00,72,6,30,6,8,25.8,91.0,7.0,945.5,0.0,142.76388888888889,-0.5,133.0,142.0,122.0,44.4,45.4,61.0,89.0
2026-08-30 07:00:00,2026-08-31 07:00:00,24,7,30,6,8,26.9,88.0,6.0,946.1,0.0,142.72222222222223,-0.5833333333333334,133.0,140.0,123.0,41.9,42.3,56.2,96.0
2026-08-30 07:00:00,2026-09-01 07:00:00,48,7,30,6,8,26.9,88.0,6.0,946.1,0.0,142.72222222222223,-0.5833333333333334,133.0,140.0,123.0,41.9,42.3,56.2,98.0
2026-08-30 07:00:00,2026-09-02 07:00:00,72,7,30,6,8,26.9,88.0,6.0,946.1,0.0,142.72222222222223,-0.5833333333333334,133.0,140.0,123.0,41.9,42.3,56.2,90.0
2026-08-30 08:00:00,2026-08-31 08:00:00,24,8,30,6,8,28.7,80.0,5.8,946.9,0.0,142.63888888888889,-0.6666666666666666,132.0,139.0,125.0,37.3,38.2,42.8,95.0
2026-08-30 08:00:00,2026-09-01 08:00:00,48,8,30,6,8,28.7,80.0,5.8,946.9,0.0,142.63888888888889,-0.6666666666666666,132.0,139.0,125.0,37.3,38.2,42.8,97.0
2026-08-30 08:00:00,2026-09-02 08:00:00,72,8,30,6,8,28.7,80.0,5.8,946.9,0.0,142.63888888888889,-0.6666666666666666,132.0,139.0,125.0,37.3,38.2,42.8,90.0
2026-08-30 09:00:00,2026-08-31 09:00:00,24,9,30,6,8,30.6,70.0,5.6,947.5,0.0,142.5,-0.7083333333333334,132.0,138.0,126.0,35.9,36.8,39.8,95.0
2026-08-30 09:00:00,2026-09-01 09:00:00,48,9,30,6,8,30.6,70.0,5.6,947.5,0.0,142.5,-0.7083333333333334,132.0,138.0,126.0,35.9,36.8,39.8,97.0
2026-08-30 09:00:00,2026-09-02 09:00:00,72,9,30,6,8,30.6,70.0,5.6,947.5,0.0,142.5,-0.7083333333333334,132.0,138.0,126.0,35.9,36.8,39.8,91.0
2026-08-30 10:00:00,2026-08-31 10:00:00,24,10,30,6,8,32.0,65.0,5.5,947.9,0.0,142.34722222222223,-0.7083333333333334,132.0,138.0,127.0,36.7,37.6,40.4,94.0
2026-08-30 10:00:00,2026-09-01 10:00:00,48,10,30,6,8,32.0,65.0,5.5,947.9,0.0,142.34722222222223,-0.7083333333333334,132.0,138.0,127.0,36.7,37.6,40.4,96.0
2026-08-30 10:00:00,2026-09-02 10:00:00,72,10,30,6,8,32.0,65.0,5.5,947.9,0.0,142.34722222222223,-0.7083333333333334,132.0,138.0,127.0,36.7,37.6,40.4,91.0
2026-08-30 11:00:00,2026-08-31 11:00:00,24,11,30,6,8,33.4,57.0,8.6,948.2,0.0,142.18055555555554,-0.7083333333333334,132.0,138.0,127.0,37.7,39.3,40.5,94.0
2026-08-30 11:00:00,2026-09-01 11:00:00,48,11,30,6,8,33.4,57.0,8.6,948.2,0.0,142.18055555555554,-0.7083333333333334,132.0,138.0,127.0,37.7,39.3,40.5,95.0
2026-08-30 11:00:00,2026-09-02 11:00:00,72,11,30,6,8,33.4,57.0,8.6,948.2,0.0,142.18055555555554,-0.7083333333333334,132.0,138.0,127.0,37.7,39.3,40.5,91.0
2026-08-30 12:00:00,2026-08-31 12:00:00,24,12,30,6,8,33.4,58.0,9.8,948.1,0.1,142.01388888888889,-0.7083333333333334,132.0,137.0,128.0,38.1,40.4,39.2,93.0
2026-08-30 12:00:00,2026-09-01 12:00:00,48,12,30,6,8,33.4,58.0,9.8,948.1,0.1,142.01388888888889,-0.7083333333333334,132.0,137.0,128.0,38.1,40.4,39.2,95.0
2026-08-30 12:00:00,2026-09-02 12:00:00,72,12,30,6,8,33.4,58.0,9.8,948.1,0.1,142.01388888888889,-0.7083333333333334,132.0,137.0,128.0,38.1,40.4,39.2,91.0
2026-08-30 13:00:00,2026-08-31 13:00:00,24,13,30,6,8,33.3,58.0,5.5,948.0,0.0,141.83333333333334,-0.7083333333333334,132.0,138.0,129.0,38.1,41.1,38.9,93.0
2026-08-30 13:00:00,2026-09-01 13:00:00,48,13,30,6,8,33.3,58.0,5.5,948.0,0.0,141.83333333333334,-0.7083333333333334,132.0,138.0,129.0,38.1,41.1,38.9,94.0
2026-08-30 13:00:00,2026-09-02 13:00:00,72,13,30,6,8,33.3,58.0,5.5,948.0,0.0,141.83333333333334,-0.7083333333333334,132.0,138.0,129.0,38.1,41.1,38.9,91.0
2026-08-30 14:00:00,2026-08-31 14:00:00,24,14,30,6,8,33.5,58.0,8.2,947.3,0.0,141.63888888888889,-0.7083333333333334,135.0,138.0,130.0,38.5,40.6,38.6,92.0
2026-08-30 14:00:00,2026-09-01 14:00:00,48,14,30,6,8,33.5,58.0,8.2,947.3,0.0,141.63888888888889,-0.7083333333333334,135.0,138.0,130.0,38.5,40.6,38.6,94.0
2026-08-30 14:00:00,2026-09-02 14:00:00,72,14,30,6,8,33.5,58.0,8.2,947.3,0.0,141.63888888888889,-0.7083333333333334,135.0,138.0,130.0,38.5,40.6,38.6,91.0
2026-08-30 15:00:00,2026-08-31 15:00:00,24,15,30,6,8,33.2,58.0,10.4,946.9,0.0,141.56944444444446,-0.4166666666666667,155.0,144.0,146.0,38.9,40.3,38.5,115.0
2026-08-30 15:00:00,2026-09-01 15:00:00,48,15,30,6,8,33.2,58.0,10.4,946.9,0.0,141.56944444444446,-0.4166666666666667,155.0,144.0,146.0,38.9,40.3,38.5,94.0
2026-08-30 15:00:00,2026-09-02 15:00:00,72,15,30,6,8,33.2,58.0,10.4,946.9,0.0,141.56944444444446,-0.4166666666666667,155.0,144.0,146.0,38.9,40.3,38.5,100.0
2026-08-30 16:00:00,2026-08-31 16:00:00,24,16,30,6,8,32.2,62.0,6.8,946.8,0.9,141.56944444444446,-0.375,169.0,160.0,169.0,38.4,40.5,38.3,144.0
2026-08-30 16:00:00,2026-09-01 16:00:00,48,16,30,6,8,32.2,62.0,6.8,946.8,0.9,141.56944444444446,-0.375,169.0,160.0,169.0,38.4,40.5,38.3,116.0
2026-08-30 16:00:00,2026-09-02 16:00:00,72,16,30,6,8,32.2,62.0,6.8,946.8,0.9,141.56944444444446,-0.375,169.0,160.0,169.0,38.4,40.5,38.3,129.0
2026-08-30 17:00:00,2026-08-31 17:00:00,24,17,30,6,8,32.1,59.0,6.8,946.7,0.1,141.47222222222223,-0.2916666666666667,179.0,172.0,184.0,44.7,43.1,39.2,164.0
2026-08-30 17:00:00,2026-09-01 17:00:00,48,17,30,6,8,32.1,59.0,6.8,946.7,0.1,141.47222222222223,-0.2916666666666667,179.0,172.0,184.0,44.7,43.1,39.2,138.0
2026-08-30 17:00:00,2026-09-02 17:00:00,72,17,30,6,8,32.1,59.0,6.8,946.7,0.1,141.47222222222223,-0.2916666666666667,179.0,172.0,184.0,44.7,43.1,39.2,153.0
2026-08-30 18:00:00,2026-08-31 18:00:00,24,18,30,6,8,31.4,62.0,7.5,946.5,0.1,141.33333333333334,-0.20833333333333334,183.0,177.0,191.0,49.0,48.8,46.8,169.0
2026-08-30 18:00:00,2026-09-01 18:00:00,48,18,30,6,8,31.4,62.0,7.5,946.5,0.1,141.33333333333334,-0.20833333333333334,183.0,177.0,191.0,49.0,48.8,46.8,147.0
2026-08-30 18:00:00,2026-09-02 18:00:00,72,18,30,6,8,31.4,62.0,7.5,946.5,0.1,141.33333333333334,-0.20833333333333334,183.0,177.0,191.0,49.0,48.8,46.8,162.0
2026-08-30 19:00:00,2026-08-31 19:00:00,24,19,30,6,8,30.3,69.0,8.0,946.8,0.0,141.09722222222223,-0.375,178.0,174.0,187.0,53.0,53.9,54.9,163.0
2026-08-30 19:00:00,2026-09-01 19:00:00,48,19,30,6,8,30.3,69.0,8.0,946.8,0.0,141.09722222222223,-0.375,178.0,174.0,187.0,53.0,53.9,54.9,145.0
2026-08-30 19:00:00,2026-09-02 19:00:00,72,19,30,6,8,30.3,69.0,8.0,946.8,0.0,141.09722222222223,-0.375,178.0,174.0,187.0,53.0,53.9,54.9,158.0
2026-08-30 20:00:00,2026-08-31 20:00:00,24,20,30,6,8,29.6,75.0,10.5,947.4,0.0,140.80555555555554,-0.5,163.0,159.0,170.0,52.4,58.7,59.4,147.0
2026-08-30 20:00:00,2026-09-01 20:00:00,48,20,30,6,8,29.6,75.0,10.5,947.4,0.0,140.80555555555554,-0.5,163.0,159.0,170.0,52.4,58.7,59.4,130.0
2026-08-30 20:00:00,2026-09-02 20:00:00,72,20,30,6,8,29.6,75.0,10.5,947.4,0.0,140.80555555555554,-0.5,163.0,159.0,170.0,52.4,58.7,59.4,136.0
2026-08-30 21:00:00,2026-08-31 21:00:00,24,21,30,6,8,28.8,78.0,6.7,948.0,0.0,140.54166666666666,-0.5,138.0,139.0,143.0,53.2,63.1,63.6,118.0
2026-08-30 21:00:00,2026-09-01 21:00:00,48,21,30,6,8,28.8,78.0,6.7,948.0,0.0,140.54166666666666,-0.5,138.0,139.0,143.0,53.2,63.1,63.6,108.0
2026-08-30 21:00:00,2026-09-02 21:00:00,72,21,30,6,8,28.8,78.0,6.7,948.0,0.0,140.54166666666666,-0.5,138.0,139.0,143.0,53.2,63.1,63.6,98.0
2026-08-30 22:00:00,2026-08-31 22:00:00,24,22,30,6,8,28.2,81.0,4.9,948.0,0.0,140.31944444444446,-0.4583333333333333,129.0,139.0,139.0,55.4,65.0,68.9,93.0
2026-08-30 22:00:00,2026-09-01 22:00:00,48,22,30,6,8,28.2,81.0,4.9,948.0,0.0,140.31944444444446,-0.4583333333333333,129.0,139.0,139.0,55.4,65.0,68.9,90.0
2026-08-30 22:00:00,2026-09-02 22:00:00,72,22,30,6,8,28.2,81.0,4.9,948.0,0.0,140.31944444444446,-0.4583333333333333,129.0,139.0,139.0,55.4,65.0,68.9,97.0
2026-08-30 23:00:00,2026-08-31 23:00:00,24,23,30,6,8,28.8,76.0,6.2,947.8,0.0,139.95833333333334,-0.6666666666666666,128.0,138.0,140.0,56.8,65.2,74.5,94.0
2026-08-30 23:00:00,2026-09-01 23:00:00,48,23,30,6,8,28.8,76.0,6.2,947.8,0.0,139.95833333333334,-0.6666666666666666,128.0,138.0,140.0,56.8,65.2,74.5,90.0
2026-08-30 23:00:00,2026-09-02 23:00:00,72,23,30,6,8,28.8,76.0,6.2,947.8,0.0,139.95833333333334,-0.6666666666666666,128.0,138.0,140.0,56.8,65.2,74.5,100.0
2026-08-31 00:00:00,2026-09-01 00:00:00,24,0,31,0,8,28.1,78.0,4.3,947.8,0.0,139.55555555555554,-0.7083333333333334,127.0,137.0,141.0,53.4,63.3,75.9,96.0
2026-08-31 00:00:00,2026-09-02 00:00:00,48,0,31,0,8,28.1,78.0,4.3,947.8,0.0,139.55555555555554,-0.7083333333333334,127.0,137.0,141.0,53.4,63.3,75.9,89.0
2026-08-31 00:00:00,2026-09-03 00:00:00,72,0,31,0,8,28.1,78.0,4.3,947.8,0.0,139.55555555555554,-0.7083333333333334,127.0,137.0,141.0,53.4,63.3,75.9,104.0
2026-08-31 01:00:00,2026-09-01 01:00:00,24,1,31,0,8,27.7,80.0,4.7,947.4,0.0,139.09722222222223,-0.7916666666666666,126.0,136.0,142.0,49.2,59.8,70.5,96.0
2026-08-31 01:00:00,2026-09-02 01:00:00,48,1,31,0,8,27.7,80.0,4.7,947.4,0.0,139.09722222222223,-0.7916666666666666,126.0,136.0,142.0,49.2,59.8,70.5,90.0
2026-08-31 01:00:00,2026-09-03 01:00:00,72,1,31,0,8,27.7,80.0,4.7,947.4,0.0,139.09722222222223,-0.7916666666666666,126.0,136.0,142.0,49.2,59.8,70.5,108.0
2026-08-31 02:00:00,2026-09-01 02:00:00,24,2,31,0,8,27.4,82.0,3.2,947.1,0.0,138.58333333333334,-0.875,125.0,135.0,142.0,41.7,55.6,64.7,97.0
2026-08-31 02:00:00,2026-09-02 02:00:00,48,2,31,0,8,27.4,82.0,3.2,947.1,0.0,138.58333333333334,-0.875,125.0,135.0,142.0,41.7,55.6,64.7,90.0
2026-08-31 02:00:00,2026-09-03 02:00:00,72,2,31,0,8,27.4,82.0,3.2,947.1,0.0,138.58333333333334,-0.875,125.0,135.0,142.0,41.7,55.6,64.7,112.0
2026-08-31 03:00:00,2026-09-01 03:00:00,24,3,31,0,8,26.5,84.0,12.8,947.5,0.0,138.02777777777777,-0.9583333333333334,124.0,134.0,143.0,37.3,53.3,59.0,97.0
2026-08-31 03:00:00,2026-09-02 03:00:00,48,3,31,0,8,26.5,84.0,12.8,947.5,0.0,138.02777777777777,-0.9583333333333334,124.0,134.0,143.0,37.3,53.3,59.0,90.0
2026-08-31 03:00:00,2026-09-03 03:00:00,72,3,31,0,8,26.5,84.0,12.8,947.5,0.0,138.02777777777777,-0.9583333333333334,124.0,134.0,143.0,37.3,53.3,59.0,116.0
2026-08-31 04:00:00,2026-09-01 04:00:00,24,4,31,0,8,25.6,87.0,9.9,947.2,0.2,137.43055555555554,-1.0,122.0,133.0,143.0,34.0,49.2,52.9,97.0
2026-08-31 04:00:00,2026-09-02 04:00:00,48,4,31,0,8,25.6,87.0,9.9,947.2,0.2,137.43055555555554,-1.0,122.0,133.0,143.0,34.0,49.2,52.9,90.0
2026-08-31 04:00:00,2026-09-03 04:00:00,72,4,31,0,8,25.6,87.0,9.9,947.2,0.2,137.43055555555554,-1.0,122.0,133.0,143.0,34.0,49.2,52.9,119.0
2026-08-31 05:00:00,2026-09-01 05:00:00,24,5,31,0,8,25.7,93.0,10.7,946.9,0.2,136.80555555555554,-1.0,121.0,133.0,144.0,25.0,43.8,48.2,98.0
2026-08-31 05:00:00,2026-09-02 05:00:00,48,5,31,0,8,25.7,93.0,10.7,946.9,0.2,136.80555555555554,-1.0,121.0,133.0,144.0,25.0,43.8,48.2,89.0
2026-08-31 05:00:00,2026-09-03 05:00:00,72,5,31,0,8,25.7,93.0,10.7,946.9,0.2,136.80555555555554,-1.0,121.0,133.0,144.0,25.0,43.8,48.2,123.0
2026-08-31 06:00:00,2026-09-01 06:00:00,24,6,31,0,8,25.6,90.0,7.5,947.1,0.1,136.13888888888889,-1.0416666666666667,119.0,133.0,142.0,26.0,44.4,45.4,98.0
2026-08-31 06:00:00,2026-09-02 06:00:00,48,6,31,0,8,25.6,90.0,7.5,947.1,0.1,136.13888888888889,-1.0416666666666667,119.0,133.0,142.0,26.0,44.4,45.4,89.0
2026-08-31 06:00:00,2026-09-03 06:00:00,72,6,31,0,8,25.6,90.0,7.5,947.1,0.1,136.13888888888889,-1.0416666666666667,119.0,133.0,142.0,26.0,44.4,45.4,124.0
2026-08-31 07:00:00,2026-09-01 07:00:00,24,7,31,0,8,26.8,85.0,3.8,947.3,0.0,135.5,-0.9583333333333334,117.0,133.0,140.0,29.1,41.9,42.3,98.0
2026-08-31 07:00:00,2026-09-02 07:00:00,48,7,31,0,8,26.8,85.0,3.8,947.3,0.0,135.5,-0.9583333333333334,117.0,133.0,140.0,29.1,41.9,42.3,90.0
2026-08-31 07:00:00,2026-09-03 07:00:00,72,7,31,0,8,26.8,85.0,3.8,947.3,0.0,135.5,-0.9583333333333334,117.0,133.0,140.0,29.1,41.9,42.3,125.0
2026-08-31 08:00:00,2026-09-01 08:00:00,24,8,31,0,8,28.8,74.0,2.7,948.1,0.0,134.88888888888889,-0.875,115.0,132.0,139.0,31.5,37.3,38.2,97.0
2026-08-31 08:00:00,2026-09-02 08:00:00,48,8,31,0,8,28.8,74.0,2.7,948.1,0.0,134.88888888888889,-0.875,115.0,132.0,139.0,31.5,37.3,38.2,90.0
2026-08-31 08:00:00,2026-09-03 08:00:00,72,8,31,0,8,28.8,74.0,2.7,948.1,0.0,134.88888888888889,-0.875,115.0,132.0,139.0,31.5,37.3,38.2,127.0
2026-08-31 09:00:00,2026-09-01 09:00:00,24,9,31,0,8,30.8,64.0,5.9,948.6,0.0,134.27777777777777,-0.8333333333333334,115.0,132.0,138.0,33.6,35.9,36.8,97.0
2026-08-31 09:00:00,2026-09-02 09:00:00,48,9,31,0,8,30.8,64.0,5.9,948.6,0.0,134.27777777777777,-0.8333333333333334,115.0,132.0,138.0,33.6,35.9,36.8,91.0
2026-08-31 09:00:00,2026-09-03 09:00:00,72,9,31,0,8,30.8,64.0,5.9,948.6,0.0,134.27777777777777,-0.8333333333333334,115.0,132.0,138.0,33.6,35.9,36.8,128.0
2026-08-31 10:00:00,2026-09-01 10:00:00,24,10,31,0,8,32.1,61.0,8.0,948.7,0.0,133.68055555555554,-0.8333333333333334,115.0,132.0,138.0,37.3,36.7,37.6,96.0
2026-08-31 10:00:00,2026-09-02 10:00:00,48,10,31,0,8,32.1,61.0,8.0,948.7,0.0,133.68055555555554,-0.8333333333333334,115.0,132.0,138.0,37.3,36.7,37.6,91.0
2026-08-31 10:00:00,2026-09-03 10:00:00,72,10,31,0,8,32.1,61.0,8.0,948.7,0.0,133.68055555555554,-0.8333333333333334,115.0,132.0,138.0,37.3,36.7,37.6,130.0
2026-08-31 11:00:00,2026-09-01 11:00:00,24,11,31,0,8,33.5,54.0,6.4,949.2,0.0,133.06944444444446,-0.875,115.0,132.0,138.0,41.2,37.7,39.3,95.0
2026-08-31 11:00:00,2026-09-02 11:00:00,48,11,31,0,8,33.5,54.0,6.4,949.2,0.0,133.06944444444446,-0.875,115.0,132.0,138.0,41.2,37.7,39.3,91.0
2026-08-31 11:00:00,2026-09-03 11:00:00,72,11,31,0,8,33.5,54.0,6.4,949.2,0.0,133.06944444444446,-0.875,115.0,132.0,138.0,41.2,37.7,39.3,131.0
2026-08-31 12:00:00,2026-09-01 12:00:00,24,12,31,0,8,32.8,55.0,9.2,948.7,0.1,132.45833333333334,-0.875,115.0,132.0,137.0,42.0,38.1,40.4,95.0
2026-08-31 12:00:00,2026-09-02 12:00:00,48,12,31,0,8,32.8,55.0,9.2,948.7,0.1,132.45833333333334,-0.875,115.0,132.0,137.0,42.0,38.1,40.4,91.0
2026-08-31 12:00:00,2026-09-03 12:00:00,72,12,31,0,8,32.8,55.0,9.2,948.7,0.1,132.45833333333334,-0.875,115.0,132.0,137.0,42.0,38.1,40.4,133.0
2026-08-31 13:00:00,2026-09-01 13:00:00,24,13,31,0,8,33.6,53.0,5.9,948.3,0.1,131.84722222222223,-0.9166666666666666,115.0,132.0,138.0,41.4,38.1,41.1,94.0
2026-08-31 13:00:00,2026-09-02 13:00:00,48,13,31,0,8,33.6,53.0,5.9,948.3,0.1,131.84722222222223,-0.9166666666666666,115.0,132.0,138.0,41.4,38.1,41.1,91.0
2026-08-31 13:00:00,2026-09-03 13:00:00,72,13,31,0,8,33.6,53.0,5.9,948.3,0.1,131.84722222222223,-0.9166666666666666,115.0,132.0,138.0,41.4,38.1,41.1,134.0
2026-08-31 14:00:00,2026-09-01 14:00:00,24,14,31,0,8,33.4,54.0,9.6,947.3,0.0,131.22222222222223,-0.9166666666666666,125.0,135.0,138.0,39.9,38.5,40.6,94.0
2026-08-31 14:00:00,2026-09-02 14:00:00,48,14,31,0,8,33.4,54.0,9.6,947.3,0.0,131.22222222222223,-0.9166666666666666,125.0,135.0,138.0,39.9,38.5,40.6,91.0
2026-08-31 14:00:00,2026-09-03 14:00:00,72,14,31,0,8,33.4,54.0,9.6,947.3,0.0,131.22222222222223,-0.9166666666666666,125.0,135.0,138.0,39.9,38.5,40.6,135.0
2026-08-31 15:00:00,2026-09-01 15:00:00,24,15,31,0,8,31.9,60.0,4.8,947.2,0.7,130.58333333333334,-1.375,146.0,155.0,144.0,40.0,38.9,40.3,94.0
2026-08-31 15:00:00,2026-09-02 15:00:00,48,15,31,0,8,31.9,60.0,4.8,947.2,0.7,130.58333333333334,-1.375,146.0,155.0,144.0,40.0,38.9,40.3,100.0
2026-08-31 15:00:00,2026-09-03 15:00:00,72,15,31,0,8,31.9,60.0,4.8,947.2,0.7,130.58333333333334,-1.375,146.0,155.0,144.0,40.0,38.9,40.3,136.0
2026-08-31 16:00:00,2026-09-01 16:00:00,24,16,31,0,8,31.5,62.0,6.6,946.4,0.1,130.18055555555554,-1.2916666666666667,162.0,169.0,160.0,40.2,38.4,40.5,116.0
2026-08-31 16:00:00,2026-09-02 16:00:00,48,16,31,0,8,31.5,62.0,6.6,946.4,0.1,130.18055555555554,-1.2916666666666667,162.0,169.0,160.0,40.2,38.4,40.5,129.0
2026-08-31 16:00:00,2026-09-03 16:00:00,72,16,31,0,8,31.5,62.0,6.6,946.4,0.1,130.18055555555554,-1.2916666666666667,162.0,169.0,160.0,40.2,38.4,40.5,139.0
2026-08-31 17:00:00,2026-09-01 17:00:00,24,17,31,0,8,31.7,62.0,12.1,946.0,0.0,129.95833333333334,-0.75,174.0,179.0,172.0,44.9,44.7,43.1,138.0
2026-08-31 17:00:00,2026-09-02 17:00:00,48,17,31,0,8,31.7,62.0,12.1,946.0,0.0,129.95833333333334,-0.75,174.0,179.0,172.0,44.9,44.7,43.1,153.0
2026-08-31 17:00:00,2026-09-03 17:00:00,72,17,31,0,8,31.7,62.0,12.1,946.0,0.0,129.95833333333334,-0.75,174.0,179.0,172.0,44.9,44.7,43.1,157.0
2026-08-31 18:00:00,2026-09-01 18:00:00,24,18,31,0,8,30.8,66.0,11.6,946.4,0.0,129.84722222222223,-0.4166666666666667,174.0,183.0,177.0,48.2,49.0,48.8,147.0
2026-08-31 18:00:00,2026-09-02 18:00:00,48,18,31,0,8,30.8,66.0,11.6,946.4,0.0,129.84722222222223,-0.4166666666666667,174.0,183.0,177.0,48.2,49.0,48.8,162.0
2026-08-31 18:00:00,2026-09-03 18:00:00,72,18,31,0,8,30.8,66.0,11.6,946.4,0.0,129.84722222222223,-0.4166666666666667,174.0,183.0,177.0,48.2,49.0,48.8,163.0
2026-08-31 19:00:00,2026-09-01 19:00:00,24,19,31,0,8,29.3,73.0,12.2,946.4,0.0,129.73611111111111,-0.20833333333333334,166.0,178.0,174.0,49.8,53.0,53.9,145.0
2026-08-31 19:00:00,2026-09-02 19:00:00,48,19,31,0,8,29.3,73.0,12.2,946.4,0.0,129.73611111111111,-0.20833333333333334,166.0,178.0,174.0,49.8,53.0,53.9,158.0
2026-08-31 19:00:00,2026-09-03 19:00:00,72,19,31,0,8,29.3,73.0,12.2,946.4,0.0,129.73611111111111,-0.20833333333333334,166.0,178.0,174.0,49.8,53.0,53.9,157.0
2026-08-31 20:00:00,2026-09-01 20:00:00,24,20,31,0,8,27.9,78.0,10.6,947.1,0.0,129.58333333333334,-0.125,151.0,163.0,159.0,43.8,52.4,58.7,130.0
2026-08-31 20:00:00,2026-09-02 20:00:00,48,20,31,0,8,27.9,78.0,10.6,947.1,0.0,129.58333333333334,-0.125,151.0,163.0,159.0,43.8,52.4,58.7,136.0
2026-08-31 20:00:00,2026-09-03 20:00:00,72,20,31,0,8,27.9,78.0,10.6,947.1,0.0,129.58333333333334,-0.125,151.0,163.0,159.0,43.8,52.4,58.7,137.0
2026-08-31 21:00:00,2026-09-01 21:00:00,24,21,31,0,8,27.4,80.0,7.7,948.0,0.0,129.41666666666666,-0.16666666666666666,127.0,138.0,139.0,37.7,53.2,63.1,108.0
2026-08-31 21:00:00,2026-09-02 21:00:00,48,21,31,0,8,27.4,80.0,7.7,948.0,0.0,129.41666666666666,-0.16666666666666666,127.0,138.0,139.0,37.7,53.2,63.1,98.0
2026-08-31 21:00:00,2026-09-03 21:00:00,72,21,31,0,8,27.4,80.0,7.7,948.0,0.0,129.41666666666666,-0.16666666666666666,127.0,138.0,139.0,37.7,53.2,63.1,138.0
2026-08-31 22:00:00,2026-09-01 22:00:00,24,22,31,0,8,27.2,82.0,5.7,948.2,0.0,129.125,-0.375,113.0,129.0,139.0,34.6,55.4,65.0,90.0
2026-08-31 22:00:00,2026-09-02 22:00:00,48,22,31,0,8,27.2,82.0,5.7,948.2,0.0,129.125,-0.375,113.0,129.0,139.0,34.6,55.4,65.0,97.0
2026-08-31 22:00:00,2026-09-03 22:00:00,72,22,31,0,8,27.2,82.0,5.7,948.2,0.0,129.125,-0.375,113.0,129.0,139.0,34.6,55.4,65.0,138.0
2026-08-31 23:00:00,2026-09-01 23:00:00,24,23,31,0,8,28.5,82.0,5.5,947.6,0.0,128.48611111111111,-0.8333333333333334,111.0,128.0,138.0,28.2,56.8,65.2,90.0
2026-08-31 23:00:00,2026-09-02 23:00:00,48,23,31,0,8,28.5,82.0,5.5,947.6,0.0,128.48611111111111,-0.8333333333333334,111.0,128.0,138.0,28.2,56.8,65.2,100.0
2026-08-31 23:00:00,2026-09-03 23:00:00,72,23,31,0,8,28.5,82.0,5.5,947.6,0.0,128.48611111111111,-0.8333333333333334,111.0,128.0,138.0,28.2,56.8,65.2,136.0
2026-09-01 00:00:00,2026-09-02 00:00:00,24,0,1,1,9,25.5,94.0,13.6,947.5,1.7,127.875,-0.7083333333333334,108.0,127.0,137.0,22.3,53.4,63.3,89.0
2026-09-01 00:00:00,2026-09-03 00:00:00,48,0,1,1,9,25.5,94.0,13.6,947.5,1.7,127.875,-0.7083333333333334,108.0,127.0,137.0,22.3,53.4,63.3,104.0
2026-09-01 00:00:00,2026-09-04 00:00:00,72,0,1,1,9,25.5,94.0,13.6,947.5,1.7,127.875,-0.7083333333333334,108.0,127.0,137.0,22.3,53.4,63.3,135.0
2026-09-01 01:00:00,2026-09-02 01:00:00,24,1,1,1,9,24.3,98.0,4.1,947.5,5.4,127.30555555555556,-0.5,105.0,126.0,136.0,20.5,49.2,59.8,90.0
2026-09-01 01:00:00,2026-09-03 01:00:00,48,1,1,1,9,24.3,98.0,4.1,947.5,5.4,127.30555555555556,-0.5,105.0,126.0,136.0,20.5,49.2,59.8,108.0
2026-09-01 01:00:00,2026-09-04 01:00:00,72,1,1,1,9,24.3,98.0,4.1,947.5,5.4,127.30555555555556,-0.5,105.0,126.0,136.0,20.5,49.2,59.8,133.0
2026-09-01 02:00:00,2026-09-02 02:00:00,24,2,1,1,9,24.9,96.0,8.3,947.8,1.4,126.75,-0.375,102.0,125.0,135.0,18.3,41.7,55.6,90.0
2026-09-01 02:00:00,2026-09-03 02:00:00,48,2,1,1,9,24.9,96.0,8.3,947.8,1.4,126.75,-0.375,102.0,125.0,135.0,18.3,41.7,55.6,112.0
2026-09-01 02:00:00,2026-09-04 02:00:00,72,2,1,1,9,24.9,96.0,8.3,947.8,1.4,126.75,-0.375,102.0,125.0,135.0,18.3,41.7,55.6,131.0
2026-09-01 03:00:00,2026-09-02 03:00:00,24,3,1,1,9,24.8,96.0,7.7,947.8,1.0,126.22222222222223,-0.20833333333333334,100.0,124.0,134.0,16.4,37.3,53.3,90.0
2026-09-01 03:00:00,2026-09-03 03:00:00,48,3,1,1,9,24.8,96.0,7.7,947.8,1.0,126.22222222222223,-0.20833333333333334,100.0,124.0,134.0,16.4,37.3,53.3,116.0
2026-09-01 03:00:00,2026-09-04 03:00:00,72,3,1,1,9,24.8,96.0,7.7,947.8,1.0,126.22222222222223,-0.20833333333333334,100.0,124.0,134.0,16.4,37.3,53.3,129.0
2026-09-01 04:00:00,2026-09-02 04:00:00,24,4,1,1,9,24.4,96.0,10.3,947.6,0.4,125.70833333333333,-0.125,98.0,122.0,133.0,14.8,34.0,49.2,90.0
2026-09-01 04:00:00,2026-09-03 04:00:00,48,4,1,1,9,24.4,96.0,10.3,947.6,0.4,125.70833333333333,-0.125,98.0,122.0,133.0,14.8,34.0,49.2,119.0
2026-09-01 04:00:00,2026-09-04 04:00:00,72,4,1,1,9,24.4,96.0,10.3,947.6,0.4,125.70833333333333,-0.125,98.0,122.0,133.0,14.8,34.0,49.2,127.0
2026-09-01 05:00:00,2026-09-02 05:00:00,24,5,1,1,9,25.5,96.0,3.9,947.3,0.6,125.20833333333333,-0.041666666666666664,96.0,121.0,133.0,22.3,25.0,43.8,89.0
2026-09-01 05:00:00,2026-09-03 05:00:00,48,5,1,1,9,25.5,96.0,3.9,947.3,0.6,125.20833333333333,-0.041666666666666664,96.0,121.0,133.0,22.3,25.0,43.8,123.0
2026-09-01 05:00:00,2026-09-04 05:00:00,72,5,1,1,9,25.5,96.0,3.9,947.3,0.6,125.20833333333333,-0.041666666666666664,96.0,121.0,133.0,22.3,25.0,43.8,124.0
2026-09-01 06:00:00,2026-09-02 06:00:00,24,6,1,1,9,25.3,97.0,8.2,947.8,0.3,124.72222222222223,0.08333333333333333,96.0,119.0,133.0,20.6,26.0,44.4,89.0
2026-09-01 06:00:00,2026-09-03 06:00:00,48,6,1,1,9,25.3,97.0,8.2,947.8,0.3,124.72222222222223,0.08333333333333333,96.0,119.0,133.0,20.6,26.0,44.4,124.0
2026-09-01 06:00:00,2026-09-04 06:00:00,72,6,1,1,9,25.3,97.0,8.2,947.8,0.3,124.72222222222223,0.08333333333333333,96.0,119.0,133.0,20.6,26.0,44.4,125.0
2026-09-01 07:00:00,2026-09-02 07:00:00,24,7,1,1,9,25.4,95.0,7.5,948.4,0.1,124.23611111111111,0.08333333333333333,96.0,117.0,133.0,23.2,29.1,41.9,90.0
2026-09-01 07:00:00,2026-09-03 07:00:00,48,7,1,1,9,25.4,95.0,7.5,948.4,0.1,124.23611111111111,0.08333333333333333,96.0,117.0,133.0,23.2,29.1,41.9,125.0
2026-09-01 07:00:00,2026-09-04 07:00:00,72,7,1,1,9,25.4,95.0,7.5,948.4,0.1,124.23611111111111,0.08333333333333333,96.0,117.0,133.0,23.2,29.1,41.9,125.0
2026-09-01 08:00:00,2026-09-02 08:00:00,24,8,1,1,9,26.5,86.0,6.2,948.9,0.0,123.75,0.08333333333333333,95.0,115.0,132.0,25.7,31.5,37.3,90.0
2026-09-01 08:00:00,2026-09-03 08:00:00,48,8,1,1,9,26.5,86.0,6.2,948.9,0.0,123.75,0.08333333333333333,95.0,115.0,132.0,25.7,31.5,37.3,127.0
2026-09-01 08:00:00,2026-09-04 08:00:00,72,8,1,1,9,26.5,86.0,6.2,948.9,0.0,123.75,0.08333333333333333,95.0,115.0,132.0,25.7,31.5,37.3,126.0
2026-09-01 09:00:00,2026-09-02 09:00:00,24,9,1,1,9,28.5,74.0,4.6,949.6,0.0,123.26388888888889,0.08333333333333333,95.0,115.0,132.0,26.5,33.6,35.9,91.0
2026-09-01 09:00:00,2026-09-03 09:00:00,48,9,1,1,9,28.5,74.0,4.6,949.6,0.0,123.26388888888889,0.08333333333333333,95.0,115.0,132.0,26.5,33.6,35.9,128.0
2026-09-01 09:00:00,2026-09-04 09:00:00,72,9,1,1,9,28.5,74.0,4.6,949.6,0.0,123.26388888888889,0.08333333333333333,95.0,115.0,132.0,26.5,33.6,35.9,126.0
2026-09-01 10:00:00,2026-09-02 10:00:00,24,10,1,1,9,30.1,67.0,2.0,949.9,0.0,122.77777777777777,0.08333333333333333,94.0,115.0,132.0,30.2,37.3,36.7,91.0
2026-09-01 10:00:00,2026-09-03 10:00:00,48,10,1,1,9,30.1,67.0,2.0,949.9,0.0,122.77777777777777,0.08333333333333333,94.0,115.0,132.0,30.2,37.3,36.7,130.0
2026-09-01 10:00:00,2026-09-04 10:00:00,72,10,1,1,9,30.1,67.0,2.0,949.9,0.0,122.77777777777777,0.08333333333333333,94.0,115.0,132.0,30.2,37.3,36.7,127.0
2026-09-01 11:00:00,2026-09-02 11:00:00,24,11,1,1,9,30.4,64.0,1.6,950.3,0.0,122.27777777777777,0.08333333333333333,94.0,115.0,132.0,32.9,41.2,37.7,91.0
2026-09-01 11:00:00,2026-09-03 11:00:00,48,11,1,1,9,30.4,64.0,1.6,950.3,0.0,122.27777777777777,0.08333333333333333,94.0,115.0,132.0,32.9,41.2,37.7,131.0
2026-09-01 11:00:00,2026-09-04 11:00:00,72,11,1,1,9,30.4,64.0,1.6,950.3,0.0,122.27777777777777,0.08333333333333333,94.0,115.0,132.0,32.9,41.2,37.7,127.0
2026-09-01 12:00:00,2026-09-02 12:00:00,24,12,1,1,9,31.4,63.0,3.2,950.2,0.0,121.76388888888889,0.041666666666666664,93.0,115.0,132.0,34.3,42.0,38.1,91.0
2026-09-01 12:00:00,2026-09-03 12:00:00,48,12,1,1,9,31.4,63.0,3.2,950.2,0.0,121.76388888888889,0.041666666666666664,93.0,115.0,132.0,34.3,42.0,38.1,133.0
2026-09-01 12:00:00,2026-09-04 12:00:00,72,12,1,1,9,31.4,63.0,3.2,950.2,0.0,121.76388888888889,0.041666666666666664,93.0,115.0,132.0,34.3,42.0,38.1,127.0
2026-09-01 13:00:00,2026-09-02 13:00:00,24,13,1,1,9,31.7,63.0,1.1,949.5,0.1,121.25,0.08333333333333333,93.0,115.0,132.0,35.7,41.4,38.1,91.0
2026-09-01 13:00:00,2026-09-03 13:00:00,48,13,1,1,9,31.7,63.0,1.1,949.5,0.1,121.25,0.08333333333333333,93.0,115.0,132.0,35.7,41.4,38.1,134.0
2026-09-01 13:00:00,2026-09-04 13:00:00,72,13,1,1,9,31.7,63.0,1.1,949.5,0.1,121.25,0.08333333333333333,93.0,115.0,132.0,35.7,41.4,38.1,127.0
2026-09-01 14:00:00,2026-09-02 14:00:00,24,14,1,1,9,32.0,61.0,2.7,949.2,0.0,120.72222222222223,0.041666666666666664,92.0,125.0,135.0,36.4,39.9,38.5,91.0
2026-09-01 14:00:00,2026-09-03 14:00:00,48,14,1,1,9,32.0,61.0,2.7,949.2,0.0,120.72222222222223,0.041666666666666664,92.0,125.0,135.0,36.4,39.9,38.5,135.0
2026-09-01 14:00:00,2026-09-04 14:00:00,72,14,1,1,9,32.0,61.0,2.7,949.2,0.0,120.72222222222223,0.041666666666666664,92.0,125.0,135.0,36.4,39.9,38.5,128.0
2026-09-01 15:00:00,2026-09-02 15:00:00,24,15,1,1,9,31.8,63.0,4.2,948.7,0.0,120.15277777777777,0.08333333333333333,115.0,146.0,155.0,36.7,40.0,38.9,100.0
2026-09-01 15:00:00,2026-09-03 15:00:00,48,15,1,1,9,31.8,63.0,4.2,948.7,0.0,120.15277777777777,0.08333333333333333,115.0,146.0,155.0,36.7,40.0,38.9,136.0
2026-09-01 15:00:00,2026-09-04 15:00:00,72,15,1,1,9,31.8,63.0,4.2,948.7,0.0,120.15277777777777,0.08333333333333333,115.0,146.0,155.0,36.7,40.0,38.9,132.0
2026-09-01 16:00:00,2026-09-02 16:00:00,24,16,1,1,9,30.8,68.0,6.6,948.5,0.1,119.30555555555556,-0.875,144.0,162.0,169.0,37.6,40.2,38.4,129.0
2026-09-01 16:00:00,2026-09-03 16:00:00,48,16,1,1,9,30.8,68.0,6.6,948.5,0.1,119.30555555555556,-0.875,144.0,162.0,169.0,37.6,40.2,38.4,139.0
2026-09-01 16:00:00,2026-09-04 16:00:00,72,16,1,1,9,30.8,68.0,6.6,948.5,0.1,119.30555555555556,-0.875,144.0,162.0,169.0,37.6,40.2,38.4,160.0
2026-09-01 17:00:00,2026-09-02 17:00:00,24,17,1,1,9,30.2,71.0,9.2,948.6,0.1,118.56944444444444,-1.1666666666666667,164.0,174.0,179.0,49.6,44.9,44.7,153.0
2026-09-01 17:00:00,2026-09-03 17:00:00,48,17,1,1,9,30.2,71.0,9.2,948.6,0.1,118.56944444444444,-1.1666666666666667,164.0,174.0,179.0,49.6,44.9,44.7,157.0
2026-09-01 17:00:00,2026-09-04 17:00:00,72,17,1,1,9,30.2,71.0,9.2,948.6,0.1,118.56944444444444,-1.1666666666666667,164.0,174.0,179.0,49.6,44.9,44.7,179.0
2026-09-01 18:00:00,2026-09-02 18:00:00,24,18,1,1,9,29.4,75.0,7.8,949.1,0.0,118.0,-1.0833333333333333,169.0,174.0,183.0,46.7,48.2,49.0,162.0
2026-09-01 18:00:00,2026-09-03 18:00:00,48,18,1,1,9,29.4,75.0,7.8,949.1,0.0,118.0,-1.0833333333333333,169.0,174.0,183.0,46.7,48.2,49.0,163.0
2026-09-01 18:00:00,2026-09-04 18:00:00,72,18,1,1,9,29.4,75.0,7.8,949.1,0.0,118.0,-1.0833333333333333,169.0,174.0,183.0,46.7,48.2,49.0,183.0
2026-09-01 19:00:00,2026-09-02 19:00:00,24,19,1,1,9,28.6,78.0,8.6,949.3,0.0,117.5,-0.9166666666666666,163.0,166.0,178.0,46.7,49.8,53.0,158.0
2026-09-01 19:00:00,2026-09-03 19:00:00,48,19,1,1,9,28.6,78.0,8.6,949.3,0.0,117.5,-0.9166666666666666,163.0,166.0,178.0,46.7,49.8,53.0,157.0
2026-09-01 19:00:00,2026-09-04 19:00:00,72,19,1,1,9,28.6,78.0,8.6,949.3,0.0,117.5,-0.9166666666666666,163.0,166.0,178.0,46.7,49.8,53.0,174.0
2026-09-01 20:00:00,2026-09-02 20:00:00,24,20,1,1,9,28.0,82.0,8.7,950.0,0.0,117.04166666666667,-0.75,147.0,151.0,163.0,48.8,43.8,52.4,136.0
2026-09-01 20:00:00,2026-09-03 20:00:00,48,20,1,1,9,28.0,82.0,8.7,950.0,0.0,117.04166666666667,-0.75,147.0,151.0,163.0,48.8,43.8,52.4,137.0
2026-09-01 20:00:00,2026-09-04 20:00:00,72,20,1,1,9,28.0,82.0,8.7,950.0,0.0,117.04166666666667,-0.75,147.0,151.0,163.0,48.8,43.8,52.4,151.0
2026-09-01 21:00:00,2026-09-02 21:00:00,24,21,1,1,9,27.2,85.0,5.6,950.7,0.0,116.58333333333333,-0.7083333333333334,118.0,127.0,138.0,51.9,37.7,53.2,98.0
2026-09-01 21:00:00,2026-09-03 21:00:00,48,21,1,1,9,27.2,85.0,5.6,950.7,0.0,116.58333333333333,-0.7083333333333334,118.0,127.0,138.0,51.9,37.7,53.2,138.0
2026-09-01 21:00:00,2026-09-04 21:00:00,72,21,1,1,9,27.2,85.0,5.6,950.7,0.0,116.58333333333333,-0.7083333333333334,118.0,127.0,138.0,51.9,37.7,53.2,124.0
2026-09-01 22:00:00,2026-09-02 22:00:00,24,22,1,1,9,26.7,86.0,5.9,951.0,0.0,116.16666666666667,-0.4166666666666667,93.0,113.0,129.0,51.3,34.6,55.4,97.0
2026-09-01 22:00:00,2026-09-03 22:00:00,48,22,1,1,9,26.7,86.0,5.9,951.0,0.0,116.16666666666667,-0.4166666666666667,93.0,113.0,129.0,51.3,34.6,55.4,138.0
2026-09-01 22:00:00,2026-09-04 22:00:00,72,22,1,1,9,26.7,86.0,5.9,951.0,0.0,116.16666666666667,-0.4166666666666667,93.0,113.0,129.0,51.3,34.6,55.4,125.0
2026-09-01 23:00:00,2026-09-02 23:00:00,24,23,1,1,9,27.4,86.0,6.5,950.4,0.0,115.625,-0.125,94.0,111.0,128.0,45.9,28.2,56.8,100.0
2026-09-01 23:00:00,2026-09-03 23:00:00,48,23,1,1,9,27.4,86.0,6.5,950.4,0.0,115.625,-0.125,94.0,111.0,128.0,45.9,28.2,56.8,136.0
2026-09-01 23:00:00,2026-09-04 23:00:00,72,23,1,1,9,27.4,86.0,6.5,950.4,0.0,115.625,-0.125,94.0,111.0,128.0,45.9,28.2,56.8,127.0
2026-09-02 00:00:00,2026-09-03 00:00:00,24,0,2,2,9,24.6,94.0,13.7,950.7,1.8,115.09722222222223,-0.16666666666666666,96.0,108.0,127.0,27.1,22.3,53.4,104.0
2026-09-02 00:00:00,2026-09-04 00:00:00,48,0,2,2,9,24.6,94.0,13.7,950.7,1.8,115.09722222222223,-0.16666666666666666,96.0,108.0,127.0,27.1,22.3,53.4,135.0
2026-09-02 00:00:00,2026-09-05 00:00:00,72,0,2,2,9,24.6,94.0,13.7,950.7,1.8,115.09722222222223,-0.16666666666666666,96.0,108.0,127.0,27.1,22.3,53.4,129.0
2026-09-02 01:00:00,2026-09-03 01:00:00,24,1,2,2,9,23.8,94.0,10.8,950.1,0.5,114.56944444444444,-0.2916666666666667,96.0,105.0,126.0,30.0,20.5,49.2,108.0
2026-09-02 01:00:00,2026-09-04 01:00:00,48,1,2,2,9,23.8,94.0,10.8,950.1,0.5,114.56944444444444,-0.2916666666666667,96.0,105.0,126.0,30.0,20.5,49.2,133.0
2026-09-02 01:00:00,2026-09-05 01:00:00,72,1,2,2,9,23.8,94.0,10.8,950.1,0.5,114.56944444444444,-0.2916666666666667,96.0,105.0,126.0,30.0,20.5,49.2,132.0
2026-09-02 02:00:00,2026-09-03 02:00:00,24,2,2,2,9,23.2,95.0,9.3,951.2,1.1,114.06944444444444,-0.25,97.0,102.0,125.0,22.4,18.3,41.7,112.0
2026-09-02 02:00:00,2026-09-04 02:00:00,48,2,2,2,9,23.2,95.0,9.3,951.2,1.1,114.06944444444444,-0.25,97.0,102.0,125.0,22.4,18.3,41.7,131.0
2026-09-02 02:00:00,2026-09-05 02:00:00,72,2,2,2,9,23.2,95.0,9.3,951.2,1.1,114.06944444444444,-0.25,97.0,102.0,125.0,22.4,18.3,41.7,134.0
2026-09-02 03:00:00,2026-09-03 03:00:00,24,3,2,2,9,23.0,95.0,8.4,950.8,3.6,113.58333333333333,-0.2916666666666667,97.0,100.0,124.0,20.1,16.4,37.3,116.0
2026-09-02 03:00:00,2026-09-04 03:00:00,48,3,2,2,9,23.0,95.0,8.4,950.8,3.6,113.58333333333333,-0.2916666666666667,97.0,100.0,124.0,20.1,16.4,37.3,129.0
2026-09-02 03:00:00,2026-09-05 03:00:00,72,3,2,2,9,23.0,95.0,8.4,950.8,3.6,113.58333333333333,-0.2916666666666667,97.0,100.0,124.0,20.1,16.4,37.3,136.0
2026-09-02 04:00:00,2026-09-03 04:00:00,24,4,2,2,9,22.8,97.0,4.7,950.7,0.8,113.11111111111111,-0.2916666666666667,97.0,98.0,122.0,21.3,14.8,34.0,119.0
2026-09-02 04:00:00,2026-09-04 04:00:00,48,4,2,2,9,22.8,97.0,4.7,950.7,0.8,113.11111111111111,-0.2916666666666667,97.0,98.0,122.0,21.3,14.8,34.0,127.0
2026-09-02 04:00:00,2026-09-05 04:00:00,72,4,2,2,9,22.8,97.0,4.7,950.7,0.8,113.11111111111111,-0.2916666666666667,97.0,98.0,122.0,21.3,14.8,34.0,139.0
2026-09-02 05:00:00,2026-09-03 05:00:00,24,5,2,2,9,24.5,95.0,4.4,950.2,0.1,112.66666666666667,-0.2916666666666667,98.0,96.0,121.0,21.7,22.3,25.0,123.0
2026-09-02 05:00:00,2026-09-04 05:00:00,48,5,2,2,9,24.5,95.0,4.4,950.2,0.1,112.66666666666667,-0.2916666666666667,98.0,96.0,121.0,21.7,22.3,25.0,124.0
2026-09-02 05:00:00,2026-09-05 05:00:00,72,5,2,2,9,24.5,95.0,4.4,950.2,0.1,112.66666666666667,-0.2916666666666667,98.0,96.0,121.0,21.7,22.3,25.0,142.0
2026-09-02 06:00:00,2026-09-03 06:00:00,24,6,2,2,9,23.2,98.0,5.4,950.6,0.7,112.22222222222223,-0.375,98.0,96.0,119.0,17.9,20.6,26.0,124.0
2026-09-02 06:00:00,2026-09-04 06:00:00,48,6,2,2,9,23.2,98.0,5.4,950.6,0.7,112.22222222222223,-0.375,98.0,96.0,119.0,17.9,20.6,26.0,125.0
2026-09-02 06:00:00,2026-09-05 06:00:00,72,6,2,2,9,23.2,98.0,5.4,950.6,0.7,112.22222222222223,-0.375,98.0,96.0,119.0,17.9,20.6,26.0,141.0
2026-09-02 07:00:00,2026-09-03 07:00:00,24,7,2,2,9,23.1,96.0,8.1,951.1,0.6,111.80555555555556,-0.375,98.0,96.0,117.0,19.6,23.2,29.1,125.0
2026-09-02 07:00:00,2026-09-04 07:00:00,48,7,2,2,9,23.1,96.0,8.1,951.1,0.6,111.80555555555556,-0.375,98.0,96.0,117.0,19.6,23.2,29.1,125.0
2026-09-02 07:00:00,2026-09-05 07:00:00,72,7,2,2,9,23.1,96.0,8.1,951.1,0.6,111.80555555555556,-0.375,98.0,96.0,117.0,19.6,23.2,29.1,141.0
2026-09-02 08:00:00,2026-09-03 08:00:00,24,8,2,2,9,24.4,86.0,6.1,951.5,0.1,111.43055555555556,-0.3333333333333333,97.0,95.0,115.0,19.6,25.7,31.5,127.0
2026-09-02 08:00:00,2026-09-04 08:00:00,48,8,2,2,9,24.4,86.0,6.1,951.5,0.1,111.43055555555556,-0.3333333333333333,97.0,95.0,115.0,19.6,25.7,31.5,126.0
2026-09-02 08:00:00,2026-09-05 08:00:00,72,8,2,2,9,24.4,86.0,6.1,951.5,0.1,111.43055555555556,-0.3333333333333333,97.0,95.0,115.0,19.6,25.7,31.5,140.0
2026-09-02 09:00:00,2026-09-03 09:00:00,24,9,2,2,9,26.0,77.0,4.2,952.0,0.0,111.08333333333333,-0.2916666666666667,97.0,95.0,115.0,19.0,26.5,33.6,128.0
2026-09-02 09:00:00,2026-09-04 09:00:00,48,9,2,2,9,26.0,77.0,4.2,952.0,0.0,111.08333333333333,-0.2916666666666667,97.0,95.0,115.0,19.0,26.5,33.6,126.0
2026-09-02 09:00:00,2026-09-05 09:00:00,72,9,2,2,9,26.0,77.0,4.2,952.0,0.0,111.08333333333333,-0.2916666666666667,97.0,95.0,115.0,19.0,26.5,33.6,139.0
2026-09-02 10:00:00,2026-09-03 10:00:00,24,10,2,2,9,27.7,71.0,1.9,952.0,0.0,110.75,-0.25,96.0,94.0,115.0,21.1,30.2,37.3,130.0
2026-09-02 10:00:00,2026-09-04 10:00:00,48,10,2,2,9,27.7,71.0,1.9,952.0,0.0,110.75,-0.25,96.0,94.0,115.0,21.1,30.2,37.3,127.0
2026-09-02 10:00:00,2026-09-05 10:00:00,72,10,2,2,9,27.7,71.0,1.9,952.0,0.0,110.75,-0.25,96.0,94.0,115.0,21.1,30.2,37.3,138.0
2026-09-02 11:00:00,2026-09-03 11:00:00,24,11,2,2,9,29.8,64.0,3.4,952.4,0.0,110.41666666666667,-0.20833333333333334,95.0,94.0,115.0,25.1,32.9,41.2,131.0
2026-09-02 11:00:00,2026-09-04 11:00:00,48,11,2,2,9,29.8,64.0,3.4,952.4,0.0,110.41666666666667,-0.20833333333333334,95.0,94.0,115.0,25.1,32.9,41.2,127.0
2026-09-02 11:00:00,2026-09-05 11:00:00,72,11,2,2,9,29.8,64.0,3.4,952.4,0.0,110.41666666666667,-0.20833333333333334,95.0,94.0,115.0,25.1,32.9,41.2,138.0
2026-09-02 12:00:00,2026-09-03 12:00:00,24,12,2,2,9,31.1,60.0,2.7,951.9,0.0,110.08333333333333,-0.16666666666666666,95.0,93.0,115.0,28.6,34.3,42.0,133.0
2026-09-02 12:00:00,2026-09-04 12:00:00,48,12,2,2,9,31.1,60.0,2.7,951.9,0.0,110.08333333333333,-0.16666666666666666,95.0,93.0,115.0,28.6,34.3,42.0,127.0
2026-09-02 12:00:00,2026-09-05 12:00:00,72,12,2,2,9,31.1,60.0,2.7,951.9,0.0,110.08333333333333,-0.16666666666666666,95.0,93.0,115.0,28.6,34.3,42.0,138.0
2026-09-02 13:00:00,2026-09-03 13:00:00,24,13,2,2,9,31.5,60.0,3.6,951.0,0.0,109.75,-0.16666666666666666,94.0,93.0,115.0,31.1,35.7,41.4,134.0
2026-09-02 13:00:00,2026-09-04 13:00:00,48,13,2,2,9,31.5,60.0,3.6,951.0,0.0,109.75,-0.16666666666666666,94.0,93.0,115.0,31.1,35.7,41.4,127.0
2026-09-02 13:00:00,2026-09-05 13:00:00,72,13,2,2,9,31.5,60.0,3.6,951.0,0.0,109.75,-0.16666666666666666,94.0,93.0,115.0,31.1,35.7,41.4,139.0
2026-09-02 14:00:00,2026-09-03 14:00:00,24,14,2,2,9,31.5,61.0,3.8,950.3,0.0,109.41666666666667,-0.125,94.0,92.0,125.0,32.6,36.4,39.9,135.0
2026-09-02 14:00:00,2026-09-04 14:00:00,48,14,2,2,9,31.5,61.0,3.8,950.3,0.0,109.41666666666667,-0.125,94.0,92.0,125.0,32.6,36.4,39.9,128.0
2026-09-02 14:00:00,2026-09-05 14:00:00,72,14,2,2,9,31.5,61.0,3.8,950.3,0.0,109.41666666666667,-0.125,94.0,92.0,125.0,32.6,36.4,39.9,139.0
2026-09-02 15:00:00,2026-09-03 15:00:00,24,15,2,2,9,31.5,62.0,5.0,949.5,0.0,108.94444444444444,-0.125,94.0,115.0,146.0,33.5,36.7,40.0,136.0
2026-09-02 15:00:00,2026-09-04 15:00:00,48,15,2,2,9,31.5,62.0,5.0,949.5,0.0,108.94444444444444,-0.125,94.0,115.0,146.0,33.5,36.7,40.0,132.0
2026-09-02 15:00:00,2026-09-05 15:00:00,72,15,2,2,9,31.5,62.0,5.0,949.5,0.0,108.94444444444444,-0.125,94.0,115.0,146.0,33.5,36.7,40.0,140.0
2026-09-02 16:00:00,2026-09-03 16:00:00,24,16,2,2,9,30.3,68.0,6.8,948.6,0.3,108.30555555555556,0.25,116.0,144.0,162.0,35.3,37.6,40.2,139.0
2026-09-02 16:00:00,2026-09-04 16:00:00,48,16,2,2,9,30.3,68.0,6.8,948.6,0.3,108.30555555555556,0.25,116.0,144.0,162.0,35.3,37.6,40.2,160.0
2026-09-02 16:00:00,2026-09-05 16:00:00,72,16,2,2,9,30.3,68.0,6.8,948.6,0.3,108.30555555555556,0.25,116.0,144.0,162.0,35.3,37.6,40.2,151.0
2026-09-02 17:00:00,2026-09-03 17:00:00,24,17,2,2,9,30.7,70.0,6.6,948.5,0.2,107.84722222222223,0.5416666666666666,138.0,164.0,174.0,36.1,49.6,44.9,157.0
2026-09-02 17:00:00,2026-09-04 17:00:00,48,17,2,2,9,30.7,70.0,6.6,948.5,0.2,107.84722222222223,0.5416666666666666,138.0,164.0,174.0,36.1,49.6,44.9,179.0
2026-09-02 17:00:00,2026-09-05 17:00:00,72,17,2,2,9,30.7,70.0,6.6,948.5,0.2,107.84722222222223,0.5416666666666666,138.0,164.0,174.0,36.1,49.6,44.9,169.0
2026-09-02 18:00:00,2026-09-03 18:00:00,24,18,2,2,9,28.9,79.0,11.9,948.8,0.1,107.55555555555556,0.625,147.0,169.0,174.0,37.6,46.7,48.2,163.0
2026-09-02 18:00:00,2026-09-04 18:00:00,48,18,2,2,9,28.9,79.0,11.9,948.8,0.1,107.55555555555556,0.625,147.0,169.0,174.0,37.6,46.7,48.2,183.0
2026-09-02 18:00:00,2026-09-05 18:00:00,72,18,2,2,9,28.9,79.0,11.9,948.8,0.1,107.55555555555556,0.625,147.0,169.0,174.0,37.6,46.7,48.2,177.0
2026-09-02 19:00:00,2026-09-03 19:00:00,24,19,2,2,9,27.6,84.0,8.9,948.9,0.0,107.38888888888889,0.625,145.0,163.0,166.0,41.7,46.7,49.8,157.0
2026-09-02 19:00:00,2026-09-04 19:00:00,48,19,2,2,9,27.6,84.0,8.9,948.9,0.0,107.38888888888889,0.625,145.0,163.0,166.0,41.7,46.7,49.8,174.0
2026-09-02 19:00:00,2026-09-05 19:00:00,72,19,2,2,9,27.6,84.0,8.9,948.9,0.0,107.38888888888889,0.625,145.0,163.0,166.0,41.7,46.7,49.8,169.0
2026-09-02 20:00:00,2026-09-03 20:00:00,24,20,2,2,9,26.9,86.0,5.6,949.4,0.0,107.27777777777777,0.5416666666666666,130.0,147.0,151.0,43.7,48.8,43.8,137.0
2026-09-02 20:00:00,2026-09-04 20:00:00,48,20,2,2,9,26.9,86.0,5.6,949.4,0.0,107.27777777777777,0.5416666666666666,130.0,147.0,151.0,43.7,48.8,43.8,151.0
2026-09-02 20:00:00,2026-09-05 20:00:00,72,20,2,2,9,26.9,86.0,5.6,949.4,0.0,107.27777777777777,0.5416666666666666,130.0,147.0,151.0,43.7,48.8,43.8,145.0
2026-09-02 21:00:00,2026-09-03 21:00:00,24,21,2,2,9,26.4,88.0,5.0,950.0,0.0,107.06944444444444,0.25,108.0,118.0,127.0,45.1,51.9,37.7,138.0
2026-09-02 21:00:00,2026-09-04 21:00:00,48,21,2,2,9,26.4,88.0,5.0,950.0,0.0,107.06944444444444,0.25,108.0,118.0,127.0,45.1,51.9,37.7,124.0
2026-09-02 21:00:00,2026-09-05 21:00:00,72,21,2,2,9,26.4,88.0,5.0,950.0,0.0,107.06944444444444,0.25,108.0,118.0,127.0,45.1,51.9,37.7,144.0
2026-09-02 22:00:00,2026-09-03 22:00:00,24,22,2,2,9,26.1,89.0,3.2,950.0,0.0,106.66666666666667,-0.4166666666666667,90.0,93.0,113.0,44.4,51.3,34.6,138.0
2026-09-02 22:00:00,2026-09-04 22:00:00,48,22,2,2,9,26.1,89.0,3.2,950.0,0.0,106.66666666666667,-0.4166666666666667,90.0,93.0,113.0,44.4,51.3,34.6,125.0
2026-09-02 22:00:00,2026-09-05 22:00:00,72,22,2,2,9,26.1,89.0,3.2,950.0,0.0,106.66666666666667,-0.4166666666666667,90.0,93.0,113.0,44.4,51.3,34.6,144.0
2026-09-02 23:00:00,2026-09-03 23:00:00,24,23,2,2,9,26.7,90.0,4.3,949.3,0.0,106.44444444444444,0.2916666666666667,90.0,94.0,111.0,41.4,45.9,28.2,136.0
2026-09-02 23:00:00,2026-09-04 23:00:00,48,23,2,2,9,26.7,90.0,4.3,949.3,0.0,106.44444444444444,0.2916666666666667,90.0,94.0,111.0,41.4,45.9,28.2,127.0
2026-09-02 23:00:00,2026-09-05 23:00:00,72,23,2,2,9,26.7,90.0,4.3,949.3,0.0,106.44444444444444,0.2916666666666667,90.0,94.0,111.0,41.4,45.9,28.2,144.0
2026-09-03 00:00:00,2026-09-04 00:00:00,24,0,3,3,9,23.7,94.0,16.2,950.0,1.1,106.29166666666667,0.4166666666666667,89.0,96.0,108.0,35.5,27.1,22.3,135.0
2026-09-03 00:00:00,2026-09-05 00:00:00,48,0,3,3,9,23.7,94.0,16.2,950.0,1.1,106.29166666666667,0.4166666666666667,89.0,96.0,108.0,35.5,27.1,22.3,129.0
2026-09-03 00:00:00,2026-09-06 00:00:00,72,0,3,3,9,23.7,94.0,16.2,950.0,1.1,106.29166666666667,0.4166666666666667,89.0,96.0,108.0,35.5,27.1,22.3,143.0
2026-09-03 01:00:00,2026-09-04 01:00:00,24,1,3,3,9,23.9,95.0,7.4,949.5,0.2,106.23611111111111,0.625,90.0,96.0,105.0,25.0,30.0,20.5,133.0
2026-09-03 01:00:00,2026-09-05 01:00:00,48,1,3,3,9,23.9,95.0,7.4,949.5,0.2,106.23611111111111,0.625,90.0,96.0,105.0,25.0,30.0,20.5,132.0
2026-09-03 01:00:00,2026-09-06 01:00:00,72,1,3,3,9,23.9,95.0,7.4,949.5,0.2,106.23611111111111,0.625,90.0,96.0,105.0,25.0,30.0,20.5,142.0
2026-09-03 02:00:00,2026-09-04 02:00:00,24,2,3,3,9,24.0,92.0,0.3,949.3,0.1,106.27777777777777,0.75,90.0,97.0,102.0,26.9,22.4,18.3,131.0
2026-09-03 02:00:00,2026-09-05 02:00:00,48,2,3,3,9,24.0,92.0,0.3,949.3,0.1,106.27777777777777,0.75,90.0,97.0,102.0,26.9,22.4,18.3,134.0
2026-09-03 02:00:00,2026-09-06 02:00:00,72,2,3,3,9,24.0,92.0,0.3,949.3,0.1,106.27777777777777,0.75,90.0,97.0,102.0,26.9,22.4,18.3,141.0
2026-09-03 03:00:00,2026-09-04 03:00:00,24,3,3,3,9,22.7,94.0,8.5,949.7,1.3,106.41666666666667,0.9166666666666666,90.0,97.0,100.0,22.6,20.1,16.4,129.0
2026-09-03 03:00:00,2026-09-05 03:00:00,48,3,3,3,9,22.7,94.0,8.5,949.7,1.3,106.41666666666667,0.9166666666666666,90.0,97.0,100.0,22.6,20.1,16.4,136.0
2026-09-03 03:00:00,2026-09-06 03:00:00,72,3,3,3,9,22.7,94.0,8.5,949.7,1.3,106.41666666666667,0.9166666666666666,90.0,97.0,100.0,22.6,20.1,16.4,140.0
2026-09-03 04:00:00,2026-09-04 04:00:00,24,4,3,3,9,22.8,95.0,7.1,949.9,0.2,106.63888888888889,1.0833333333333333,90.0,97.0,98.0,8.2,21.3,14.8,127.0
2026-09-03 04:00:00,2026-09-05 04:00:00,48,4,3,3,9,22.8,95.0,7.1,949.9,0.2,106.63888888888889,1.0833333333333333,90.0,97.0,98.0,8.2,21.3,14.8,139.0
2026-09-03 04:00:00,2026-09-06 04:00:00,72,4,3,3,9,22.8,95.0,7.1,949.9,0.2,106.63888888888889,1.0833333333333333,90.0,97.0,98.0,8.2,21.3,14.8,138.0
2026-09-03 05:00:00,2026-09-04 05:00:00,24,5,3,3,9,24.4,90.0,10.5,949.1,0.1,106.93055555555556,1.2083333333333333,89.0,98.0,96.0,24.7,21.7,22.3,124.0
2026-09-03 05:00:00,2026-09-05 05:00:00,48,5,3,3,9,24.4,90.0,10.5,949.1,0.1,106.93055555555556,1.2083333333333333,89.0,98.0,96.0,24.7,21.7,22.3,142.0
2026-09-03 05:00:00,2026-09-06 05:00:00,72,5,3,3,9,24.4,90.0,10.5,949.1,0.1,106.93055555555556,1.2083333333333333,89.0,98.0,96.0,24.7,21.7,22.3,137.0
2026-09-03 06:00:00,2026-09-04 06:00:00,24,6,3,3,9,24.1,92.0,3.9,949.6,0.0,107.30555555555556,1.4166666666666667,89.0,98.0,96.0,23.9,17.9,20.6,125.0
2026-09-03 06:00:00,2026-09-05 06:00:00,48,6,3,3,9,24.1,92.0,3.9,949.6,0.0,107.30555555555556,1.4166666666666667,89.0,98.0,96.0,23.9,17.9,20.6,141.0
2026-09-03 06:00:00,2026-09-06 06:00:00,72,6,3,3,9,24.1,92.0,3.9,949.6,0.0,107.30555555555556,1.4166666666666667,89.0,98.0,96.0,23.9,17.9,20.6,136.0
2026-09-03 07:00:00,2026-09-04 07:00:00,24,7,3,3,9,24.9,91.0,5.8,950.3,0.0,107.69444444444444,1.4583333333333333,90.0,98.0,96.0,24.2,19.6,23.2,125.0
2026-09-03 07:00:00,2026-09-05 07:00:00,48,7,3,3,9,24.9,91.0,5.8,950.3,0.0,107.69444444444444,1.4583333333333333,90.0,98.0,96.0,24.2,19.6,23.2,141.0
2026-09-03 07:00:00,2026-09-06 07:00:00,72,7,3,3,9,24.9,91.0,5.8,950.3,0.0,107.69444444444444,1.4583333333333333,90.0,98.0,96.0,24.2,19.6,23.2,135.0
2026-09-03 08:00:00,2026-09-04 08:00:00,24,8,3,3,9,25.9,85.0,5.9,951.0,0.1,108.09722222222223,1.4583333333333333,90.0,97.0,95.0,24.8,19.6,25.7,126.0
2026-09-03 08:00:00,2026-09-05 08:00:00,48,8,3,3,9,25.9,85.0,5.9,951.0,0.1,108.09722222222223,1.4583333333333333,90.0,97.0,95.0,24.8,19.6,25.7,140.0
2026-09-03 08:00:00,2026-09-06 08:00:00,72,8,3,3,9,25.9,85.0,5.9,951.0,0.1,108.09722222222223,1.4583333333333333,90.0,97.0,95.0,24.8,19.6,25.7,134.0
2026-09-03 09:00:00,2026-09-04 09:00:00,24,9,3,3,9,27.3,81.0,6.7,951.2,1.0,108.54166666666667,1.5416666666666667,91.0,97.0,95.0,21.8,19.0,26.5,126.0
2026-09-03 09:00:00,2026-09-05 09:00:00,48,9,3,3,9,27.3,81.0,6.7,951.2,1.0,108.54166666666667,1.5416666666666667,91.0,97.0,95.0,21.8,19.0,26.5,139.0
2026-09-03 09:00:00,2026-09-06 09:00:00,72,9,3,3,9,27.3,81.0,6.7,951.2,1.0,108.54166666666667,1.5416666666666667,91.0,97.0,95.0,21.8,19.0,26.5,133.0
2026-09-03 10:00:00,2026-09-04 10:00:00,24,10,3,3,9,29.1,73.0,6.6,951.9,0.0,109.0,1.5416666666666667,91.0,96.0,94.0,23.5,21.1,30.2,127.0
2026-09-03 10:00:00,2026-09-05 10:00:00,48,10,3,3,9,29.1,73.0,6.6,951.9,0.0,109.0,1.5416666666666667,91.0,96.0,94.0,23.5,21.1,30.2,138.0
2026-09-03 10:00:00,2026-09-06 10:00:00,72,10,3,3,9,29.1,73.0,6.6,951.9,0.0,109.0,1.5416666666666667,91.0,96.0,94.0,23.5,21.1,30.2,132.0
2026-09-03 11:00:00,2026-09-04 11:00:00,24,11,3,3,9,31.0,64.0,7.1,951.7,0.0,109.5,1.625,91.0,95.0,94.0,26.6,25.1,32.9,127.0
2026-09-03 11:00:00,2026-09-05 11:00:00,48,11,3,3,9,31.0,64.0,7.1,951.7,0.0,109.5,1.625,91.0,95.0,94.0,26.6,25.1,32.9,138.0
2026-09-03 11:00:00,2026-09-06 11:00:00,72,11,3,3,9,31.0,64.0,7.1,951.7,0.0,109.5,1.625,91.0,95.0,94.0,26.6,25.1,32.9,131.0
2026-09-03 12:00:00,2026-09-04 12:00:00,24,12,3,3,9,31.7,62.0,7.3,951.0,0.1,110.01388888888889,1.6666666666666667,91.0,95.0,93.0,28.7,28.6,34.3,127.0
2026-09-03 12:00:00,2026-09-05 12:00:00,48,12,3,3,9,31.7,62.0,7.3,951.0,0.1,110.01388888888889,1.6666666666666667,91.0,95.0,93.0,28.7,28.6,34.3,138.0
2026-09-03 12:00:00,2026-09-06 12:00:00,72,12,3,3,9,31.7,62.0,7.3,951.0,0.1,110.01388888888889,1.6666666666666667,91.0,95.0,93.0,28.7,28.6,34.3,130.0
2026-09-03 13:00:00,2026-09-04 13:00:00,24,13,3,3,9,32.2,59.0,6.7,950.3,0.0,110.56944444444444,1.75,91.0,94.0,93.0,29.7,31.1,35.7,127.0
2026-09-03 13:00:00,2026-09-05 13:00:00,48,13,3,3,9,32.2,59.0,6.7,950.3,0.0,110.56944444444444,1.75,91.0,94.0,93.0,29.7,31.1,35.7,139.0
2026-09-03 13:00:00,2026-09-06 13:00:00,72,13,3,3,9,32.2,59.0,6.7,950.3,0.0,110.56944444444444,1.75,91.0,94.0,93.0,29.7,31.1,35.7,128.0
2026-09-03 14:00:00,2026-09-04 14:00:00,24,14,3,3,9,32.4,58.0,6.1,949.4,0.0,111.13888888888889,1.7916666666666667,91.0,94.0,92.0,30.0,32.6,36.4,128.0
2026-09-03 14:00:00,2026-09-05 14:00:00,48,14,3,3,9,32.4,58.0,6.1,949.4,0.0,111.13888888888889,1.7916666666666667,91.0,94.0,92.0,30.0,32.6,36.4,139.0
2026-09-03 14:00:00,2026-09-06 14:00:00,72,14,3,3,9,32.4,58.0,6.1,949.4,0.0,111.13888888888889,1.7916666666666667,91.0,94.0,92.0,30.0,32.6,36.4,127.0
2026-09-03 15:00:00,2026-09-04 15:00:00,24,15,3,3,9,32.4,57.0,4.9,948.6,0.0,111.73611111111111,1.8333333333333333,100.0,94.0,115.0,30.2,33.5,36.7,132.0
2026-09-03 15:00:00,2026-09-05 15:00:00,48,15,3,3,9,32.4,57.0,4.9,948.6,0.0,111.73611111111111,1.8333333333333333,100.0,94.0,115.0,30.2,33.5,36.7,140.0
2026-09-03 15:00:00,2026-09-06 15:00:00,72,15,3,3,9,32.4,57.0,4.9,948.6,0.0,111.73611111111111,1.8333333333333333,100.0,94.0,115.0,30.2,33.5,36.7,126.0
2026-09-03 16:00:00,2026-09-04 16:00:00,24,16,3,3,9,32.4,55.0,1.2,948.2,0.0,112.02777777777777,1.5,129.0,116.0,144.0,30.0,35.3,37.6,160.0
2026-09-03 16:00:00,2026-09-05 16:00:00,48,16,3,3,9,32.4,55.0,1.2,948.2,0.0,112.02777777777777,1.5,129.0,116.0,144.0,30.0,35.3,37.6,151.0
2026-09-03 16:00:00,2026-09-06 16:00:00,72,16,3,3,9,32.4,55.0,1.2,948.2,0.0,112.02777777777777,1.5,129.0,116.0,144.0,30.0,35.3,37.6,145.0
2026-09-03 17:00:00,2026-09-04 17:00:00,24,17,3,3,9,33.4,52.0,2.4,947.5,0.0,111.95833333333333,0.4166666666666667,153.0,138.0,164.0,41.3,36.1,49.6,179.0
2026-09-03 17:00:00,2026-09-05 17:00:00,48,17,3,3,9,33.4,52.0,2.4,947.5,0.0,111.95833333333333,0.4166666666666667,153.0,138.0,164.0,41.3,36.1,49.6,169.0
2026-09-03 17:00:00,2026-09-06 17:00:00,72,17,3,3,9,33.4,52.0,2.4,947.5,0.0,111.95833333333333,0.4166666666666667,153.0,138.0,164.0,41.3,36.1,49.6,162.0
2026-09-03 18:00:00,2026-09-04 18:00:00,24,18,3,3,9,31.3,67.0,5.1,947.5,0.0,111.86111111111111,0.16666666666666666,162.0,147.0,169.0,52.7,37.6,46.7,183.0
2026-09-03 18:00:00,2026-09-05 18:00:00,48,18,3,3,9,31.3,67.0,5.1,947.5,0.0,111.86111111111111,0.16666666666666666,162.0,147.0,169.0,52.7,37.6,46.7,177.0
2026-09-03 18:00:00,2026-09-06 18:00:00,72,18,3,3,9,31.3,67.0,5.1,947.5,0.0,111.86111111111111,0.16666666666666666,162.0,147.0,169.0,52.7,37.6,46.7,170.0
2026-09-03 19:00:00,2026-09-04 19:00:00,24,19,3,3,9,29.6,75.0,6.1,947.7,0.0,111.77777777777777,0.041666666666666664,158.0,145.0,163.0,63.8,41.7,46.7,174.0
2026-09-03 19:00:00,2026-09-05 19:00:00,48,19,3,3,9,29.6,75.0,6.1,947.7,0.0,111.77777777777777,0.041666666666666664,158.0,145.0,163.0,63.8,41.7,46.7,169.0
2026-09-03 19:00:00,2026-09-06 19:00:00,72,19,3,3,9,29.6,75.0,6.1,947.7,0.0,111.77777777777777,0.041666666666666664,158.0,145.0,163.0,63.8,41.7,46.7,165.0
2026-09-03 20:00:00,2026-09-04 20:00:00,24,20,3,3,9,28.6,79.0,5.3,948.4,0.0,111.69444444444444,-0.041666666666666664,136.0,130.0,147.0,66.4,43.7,48.8,151.0
2026-09-03 20:00:00,2026-09-05 20:00:00,48,20,3,3,9,28.6,79.0,5.3,948.4,0.0,111.69444444444444,-0.041666666666666664,136.0,130.0,147.0,66.4,43.7,48.8,145.0
2026-09-03 20:00:00,2026-09-06 20:00:00,72,20,3,3,9,28.6,79.0,5.3,948.4,0.0,111.69444444444444,-0.041666666666666664,136.0,130.0,147.0,66.4,43.7,48.8,147.0
2026-09-03 21:00:00,2026-09-04 21:00:00,24,21,3,3,9,27.9,82.0,5.5,948.7,0.0,111.55555555555556,0.041666666666666664,98.0,108.0,118.0,69.4,45.1,51.9,124.0
2026-09-03 21:00:00,2026-09-05 21:00:00,48,21,3,3,9,27.9,82.0,5.5,948.7,0.0,111.55555555555556,0.041666666666666664,98.0,108.0,118.0,69.4,45.1,51.9,144.0
2026-09-03 21:00:00,2026-09-06 21:00:00,72,21,3,3,9,27.9,82.0,5.5,948.7,0.0,111.55555555555556,0.041666666666666664,98.0,108.0,118.0,69.4,45.1,51.9,120.0
2026-09-03 22:00:00,2026-09-04 22:00:00,24,22,3,3,9,27.4,83.0,5.2,949.1,0.0,111.83333333333333,1.6666666666666667,97.0,90.0,93.0,78.2,44.4,51.3,125.0
2026-09-03 22:00:00,2026-09-05 22:00:00,48,22,3,3,9,27.4,83.0,5.2,949.1,0.0,111.83333333333333,1.6666666666666667,97.0,90.0,93.0,78.2,44.4,51.3,144.0
2026-09-03 22:00:00,2026-09-06 22:00:00,72,22,3,3,9,27.4,83.0,5.2,949.1,0.0,111.83333333333333,1.6666666666666667,97.0,90.0,93.0,78.2,44.4,51.3,118.0
2026-09-03 23:00:00,2026-09-04 23:00:00,24,23,3,3,9,26.8,84.0,7.4,948.8,0.0,112.45833333333333,1.7083333333333333,100.0,90.0,94.0,79.2,41.4,45.9,127.0
2026-09-03 23:00:00,2026-09-05 23:00:00,48,23,3,3,9,26.8,84.0,7.4,948.8,0.0,112.45833333333333,1.7083333333333333,100.0,90.0,94.0,79.2,41.4,45.9,144.0
2026-09-03 23:00:00,2026-09-06 23:00:00,72,23,3,3,9,26.8,84.0,7.4,948.8,0.0,112.45833333333333,1.7083333333333333,100.0,90.0,94.0,79.2,41.4,45.9,116.0
2026-09-04 00:00:00,2026-09-05 00:00:00,24,0,4,4,9,24.5,91.0,1.8,949.5,6.4,113.04166666666667,1.5,104.0,89.0,96.0,73.8,35.5,27.1,129.0
2026-09-04 00:00:00,2026-09-06 00:00:00,48,0,4,4,9,24.5,91.0,1.8,949.5,6.4,113.04166666666667,1.5,104.0,89.0,96.0,73.8,35.5,27.1,143.0
2026-09-04 00:00:00,2026-09-07 00:00:00,72,0,4,4,9,24.5,91.0,1.8,949.5,6.4,113.04166666666667,1.5,104.0,89.0,96.0,73.8,35.5,27.1,115.0
2026-09-04 01:00:00,2026-09-05 01:00:00,24,1,4,4,9,24.5,91.0,18.4,949.7,0.9,113.58333333333333,1.2916666666666667,108.0,90.0,96.0,67.3,25.0,30.0,132.0
2026-09-04 01:00:00,2026-09-06 01:00:00,48,1,4,4,9,24.5,91.0,18.4,949.7,0.9,113.58333333333333,1.2916666666666667,108.0,90.0,96.0,67.3,25.0,30.0,142.0
2026-09-04 01:00:00,2026-09-07 01:00:00,72,1,4,4,9,24.5,91.0,18.4,949.7,0.9,113.58333333333333,1.2916666666666667,108.0,90.0,96.0,67.3,25.0,30.0,115.0
2026-09-04 02:00:00,2026-09-05 02:00:00,24,2,4,4,9,22.2,94.0,10.3,949.2,1.1,114.09722222222223,1.0416666666666667,112.0,90.0,97.0,60.3,26.9,22.4,134.0
2026-09-04 02:00:00,2026-09-06 02:00:00,48,2,4,4,9,22.2,94.0,10.3,949.2,1.1,114.09722222222223,1.0416666666666667,112.0,90.0,97.0,60.3,26.9,22.4,141.0
2026-09-04 02:00:00,2026-09-07 02:00:00,72,2,4,4,9,22.2,94.0,10.3,949.2,1.1,114.09722222222223,1.0416666666666667,112.0,90.0,97.0,60.3,26.9,22.4,115.0
2026-09-04 03:00:00,2026-09-05 03:00:00,24,3,4,4,9,23.2,94.0,4.6,949.1,0.7,114.56944444444444,0.7916666666666666,116.0,90.0,97.0,53.7,22.6,20.1,136.0
2026-09-04 03:00:00,2026-09-06 03:00:00,48,3,4,4,9,23.2,94.0,4.6,949.1,0.7,114.56944444444444,0.7916666666666666,116.0,90.0,97.0,53.7,22.6,20.1,140.0
2026-09-04 03:00:00,2026-09-07 03:00:00,72,3,4,4,9,23.2,94.0,4.6,949.1,0.7,114.56944444444444,0.7916666666666666,116.0,90.0,97.0,53.7,22.6,20.1,116.0
2026-09-04 04:00:00,2026-09-05 04:00:00,24,4,4,4,9,23.5,92.0,8.6,949.7,0.1,115.01388888888889,0.5416666666666666,119.0,90.0,97.0,46.7,8.2,21.3,139.0
2026-09-04 04:00:00,2026-09-06 04:00:00,48,4,4,4,9,23.5,92.0,8.6,949.7,0.1,115.01388888888889,0.5416666666666666,119.0,90.0,97.0,46.7,8.2,21.3,138.0
2026-09-04 04:00:00,2026-09-07 04:00:00,72,4,4,4,9,23.5,92.0,8.6,949.7,0.1,115.01388888888889,0.5416666666666666,119.0,90.0,97.0,46.7,8.2,21.3,117.0
2026-09-04 05:00:00,2026-09-05 05:00:00,24,5,4,4,9,24.3,94.0,11.4,949.4,0.7,115.43055555555556,0.3333333333333333,123.0,89.0,98.0,31.7,24.7,21.7,142.0
2026-09-04 05:00:00,2026-09-06 05:00:00,48,5,4,4,9,24.3,94.0,11.4,949.4,0.7,115.43055555555556,0.3333333333333333,123.0,89.0,98.0,31.7,24.7,21.7,137.0
2026-09-04 05:00:00,2026-09-07 05:00:00,72,5,4,4,9,24.3,94.0,11.4,949.4,0.7,115.43055555555556,0.3333333333333333,123.0,89.0,98.0,31.7,24.7,21.7,117.0
2026-09-04 06:00:00,2026-09-05 06:00:00,24,6,4,4,9,23.6,99.0,3.6,949.5,0.1,115.79166666666667,0.041666666666666664,124.0,89.0,98.0,39.1,23.9,17.9,141.0
2026-09-04 06:00:00,2026-09-06 06:00:00,48,6,4,4,9,23.6,99.0,3.6,949.5,0.1,115.79166666666667,0.041666666666666664,124.0,89.0,98.0,39.1,23.9,17.9,136.0
2026-09-04 06:00:00,2026-09-07 06:00:00,72,6,4,4,9,23.6,99.0,3.6,949.5,0.1,115.79166666666667,0.041666666666666664,124.0,89.0,98.0,39.1,23.9,17.9,119.0
2026-09-04 07:00:00,2026-09-05 07:00:00,24,7,4,4,9,24.4,97.0,4.9,950.0,0.0,116.16666666666667,0.041666666666666664,125.0,90.0,98.0,41.8,24.2,19.6,141.0
2026-09-04 07:00:00,2026-09-06 07:00:00,48,7,4,4,9,24.4,97.0,4.9,950.0,0.0,116.16666666666667,0.041666666666666664,125.0,90.0,98.0,41.8,24.2,19.6,135.0
2026-09-04 07:00:00,2026-09-07 07:00:00,72,7,4,4,9,24.4,97.0,4.9,950.0,0.0,116.16666666666667,0.041666666666666664,125.0,90.0,98.0,41.8,24.2,19.6,120.0
2026-09-04 08:00:00,2026-09-05 08:00:00,24,8,4,4,9,26.0,88.0,2.7,950.7,0.0,116.54166666666667,0.0,127.0,90.0,97.0,39.6,24.8,19.6,140.0
2026-09-04 08:00:00,2026-09-06 08:00:00,48,8,4,4,9,26.0,88.0,2.7,950.7,0.0,116.54166666666667,0.0,127.0,90.0,97.0,39.6,24.8,19.6,134.0
2026-09-04 08:00:00,2026-09-07 08:00:00,72,8,4,4,9,26.0,88.0,2.7,950.7,0.0,116.54166666666667,0.0,127.0,90.0,97.0,39.6,24.8,19.6,121.0
2026-09-04 09:00:00,2026-09-05 09:00:00,24,9,4,4,9,27.9,79.0,6.4,951.4,0.0,116.94444444444444,-0.041666666666666664,128.0,91.0,97.0,36.4,21.8,19.0,139.0
2026-09-04 09:00:00,2026-09-06 09:00:00,48,9,4,4,9,27.9,79.0,6.4,951.4,0.0,116.94444444444444,-0.041666666666666664,128.0,91.0,97.0,36.4,21.8,19.0,133.0
2026-09-04 09:00:00,2026-09-07 09:00:00,72,9,4,4,9,27.9,79.0,6.4,951.4,0.0,116.94444444444444,-0.041666666666666664,128.0,91.0,97.0,36.4,21.8,19.0,123.0
2026-09-04 10:00:00,2026-09-05 10:00:00,24,10,4,4,9,29.5,72.0,6.2,951.8,0.0,117.34722222222223,-0.08333333333333333,130.0,91.0,96.0,37.3,23.5,21.1,138.0
2026-09-04 10:00:00,2026-09-06 10:00:00,48,10,4,4,9,29.5,72.0,6.2,951.8,0.0,117.34722222222223,-0.08333333333333333,130.0,91.0,96.0,37.3,23.5,21.1,132.0
2026-09-04 10:00:00,2026-09-07 10:00:00,72,10,4,4,9,29.5,72.0,6.2,951.8,0.0,117.34722222222223,-0.08333333333333333,130.0,91.0,96.0,37.3,23.5,21.1,124.0
2026-09-04 11:00:00,2026-09-05 11:00:00,24,11,4,4,9,29.4,62.0,5.6,953.3,0.0,117.77777777777777,-0.125,131.0,91.0,95.0,38.9,26.6,25.1,138.0
2026-09-04 11:00:00,2026-09-06 11:00:00,48,11,4,4,9,29.4,62.0,5.6,953.3,0.0,117.77777777777777,-0.125,131.0,91.0,95.0,38.9,26.6,25.1,131.0
2026-09-04 11:00:00,2026-09-07 11:00:00,72,11,4,4,9,29.4,62.0,5.6,953.3,0.0,117.77777777777777,-0.125,131.0,91.0,95.0,38.9,26.6,25.1,126.0
2026-09-04 12:00:00,2026-09-05 12:00:00,24,12,4,4,9,28.6,69.0,8.2,953.1,0.1,118.22222222222223,-0.16666666666666666,133.0,91.0,95.0,40.2,28.7,28.6,138.0
2026-09-04 12:00:00,2026-09-06 12:00:00,48,12,4,4,9,28.6,69.0,8.2,953.1,0.1,118.22222222222223,-0.16666666666666666,133.0,91.0,95.0,40.2,28.7,28.6,130.0
2026-09-04 12:00:00,2026-09-07 12:00:00,72,12,4,4,9,28.6,69.0,8.2,953.1,0.1,118.22222222222223,-0.16666666666666666,133.0,91.0,95.0,40.2,28.7,28.6,127.0
2026-09-04 13:00:00,2026-09-05 13:00:00,24,13,4,4,9,30.1,62.0,2.7,952.0,0.0,118.66666666666667,-0.25,134.0,91.0,94.0,39.1,29.7,31.1,139.0
2026-09-04 13:00:00,2026-09-06 13:00:00,48,13,4,4,9,30.1,62.0,2.7,952.0,0.0,118.66666666666667,-0.25,134.0,91.0,94.0,39.1,29.7,31.1,128.0
2026-09-04 13:00:00,2026-09-07 13:00:00,72,13,4,4,9,30.1,62.0,2.7,952.0,0.0,118.66666666666667,-0.25,134.0,91.0,94.0,39.1,29.7,31.1,129.0
2026-09-04 14:00:00,2026-09-05 14:00:00,24,14,4,4,9,31.1,57.0,6.1,951.4,0.0,119.125,-0.2916666666666667,135.0,91.0,94.0,36.9,30.0,32.6,139.0
2026-09-04 14:00:00,2026-09-06 14:00:00,48,14,4,4,9,31.1,57.0,6.1,951.4,0.0,119.125,-0.2916666666666667,135.0,91.0,94.0,36.9,30.0,32.6,127.0
2026-09-04 14:00:00,2026-09-07 14:00:00,72,14,4,4,9,31.1,57.0,6.1,951.4,0.0,119.125,-0.2916666666666667,135.0,91.0,94.0,36.9,30.0,32.6,130.0
2026-09-04 15:00:00,2026-09-05 15:00:00,24,15,4,4,9,30.4,64.0,8.7,950.4,0.0,119.59722222222223,-0.2916666666666667,136.0,100.0,94.0,35.3,30.2,33.5,140.0
2026-09-04 15:00:00,2026-09-06 15:00:00,48,15,4,4,9,30.4,64.0,8.7,950.4,0.0,119.59722222222223,-0.2916666666666667,136.0,100.0,94.0,35.3,30.2,33.5,126.0
2026-09-04 15:00:00,2026-09-07 15:00:00,72,15,4,4,9,30.4,64.0,8.7,950.4,0.0,119.59722222222223,-0.2916666666666667,136.0,100.0,94.0,35.3,30.2,33.5,131.0
2026-09-04 16:00:00,2026-09-05 16:00:00,24,16,4,4,9,30.4,64.0,7.4,949.9,0.0,120.125,-0.16666666666666666,139.0,129.0,116.0,34.2,30.0,35.3,151.0
2026-09-04 16:00:00,2026-09-06 16:00:00,48,16,4,4,9,30.4,64.0,7.4,949.9,0.0,120.125,-0.16666666666666666,139.0,129.0,116.0,34.2,30.0,35.3,145.0
2026-09-04 16:00:00,2026-09-07 16:00:00,72,16,4,4,9,30.4,64.0,7.4,949.9,0.0,120.125,-0.16666666666666666,139.0,129.0,116.0,34.2,30.0,35.3,154.0
2026-09-04 17:00:00,2026-09-05 17:00:00,24,17,4,4,9,30.5,63.0,9.3,950.1,0.0,120.73611111111111,0.875,157.0,153.0,138.0,38.9,41.3,36.1,169.0
2026-09-04 17:00:00,2026-09-06 17:00:00,48,17,4,4,9,30.5,63.0,9.3,950.1,0.0,120.73611111111111,0.875,157.0,153.0,138.0,38.9,41.3,36.1,162.0
2026-09-04 17:00:00,2026-09-07 17:00:00,72,17,4,4,9,30.5,63.0,9.3,950.1,0.0,120.73611111111111,0.875,157.0,153.0,138.0,38.9,41.3,36.1,180.0
2026-09-04 18:00:00,2026-09-05 18:00:00,24,18,4,4,9,28.9,67.0,9.2,950.3,0.0,121.30555555555556,0.9166666666666666,163.0,162.0,147.0,50.2,52.7,37.6,177.0
2026-09-04 18:00:00,2026-09-06 18:00:00,48,18,4,4,9,28.9,67.0,9.2,950.3,0.0,121.30555555555556,0.9166666666666666,163.0,162.0,147.0,50.2,52.7,37.6,170.0
2026-09-04 18:00:00,2026-09-07 18:00:00,72,18,4,4,9,28.9,67.0,9.2,950.3,0.0,121.30555555555556,0.9166666666666666,163.0,162.0,147.0,50.2,52.7,37.6,196.0
2026-09-04 19:00:00,2026-09-05 19:00:00,24,19,4,4,9,27.5,73.0,9.0,950.4,0.0,121.80555555555556,0.8333333333333334,157.0,158.0,145.0,69.2,63.8,41.7,169.0
2026-09-04 19:00:00,2026-09-06 19:00:00,48,19,4,4,9,27.5,73.0,9.0,950.4,0.0,121.80555555555556,0.8333333333333334,157.0,158.0,145.0,69.2,63.8,41.7,165.0
2026-09-04 19:00:00,2026-09-07 19:00:00,72,19,4,4,9,27.5,73.0,9.0,950.4,0.0,121.80555555555556,0.8333333333333334,157.0,158.0,145.0,69.2,63.8,41.7,192.0
2026-09-04 20:00:00,2026-09-05 20:00:00,24,20,4,4,9,26.7,77.0,8.0,950.9,0.0,122.20833333333333,0.7083333333333334,137.0,136.0,130.0,77.5,66.4,43.7,145.0
2026-09-04 20:00:00,2026-09-06 20:00:00,48,20,4,4,9,26.7,77.0,8.0,950.9,0.0,122.20833333333333,0.7083333333333334,137.0,136.0,130.0,77.5,66.4,43.7,147.0
2026-09-04 20:00:00,2026-09-07 20:00:00,72,20,4,4,9,26.7,77.0,8.0,950.9,0.0,122.20833333333333,0.7083333333333334,137.0,136.0,130.0,77.5,66.4,43.7,170.0
2026-09-04 21:00:00,2026-09-05 21:00:00,24,21,4,4,9,26.1,81.0,6.3,951.5,0.0,122.5,0.5833333333333334,138.0,98.0,108.0,68.0,69.4,45.1,144.0
2026-09-04 21:00:00,2026-09-06 21:00:00,48,21,4,4,9,26.1,81.0,6.3,951.5,0.0,122.5,0.5833333333333334,138.0,98.0,108.0,68.0,69.4,45.1,120.0
2026-09-04 21:00:00,2026-09-07 21:00:00,72,21,4,4,9,26.1,81.0,6.3,951.5,0.0,122.5,0.5833333333333334,138.0,98.0,108.0,68.0,69.4,45.1,144.0
2026-09-04 22:00:00,2026-09-05 22:00:00,24,22,4,4,9,25.6,85.0,4.2,952.0,0.0,122.72222222222223,-0.5833333333333334,138.0,97.0,90.0,65.7,78.2,44.4,144.0
2026-09-04 22:00:00,2026-09-06 22:00:00,48,22,4,4,9,25.6,85.0,4.2,952.0,0.0,122.72222222222223,-0.5833333333333334,138.0,97.0,90.0,65.7,78.2,44.4,118.0
2026-09-04 22:00:00,2026-09-07 22:00:00,72,22,4,4,9,25.6,85.0,4.2,952.0,0.0,122.72222222222223,-0.5833333333333334,138.0,97.0,90.0,65.7,78.2,44.4,148.0
2026-09-04 23:00:00,2026-09-05 23:00:00,24,23,4,4,9,25.1,87.0,2.3,952.0,0.3,123.20833333333333,-0.5416666666666666,136.0,100.0,90.0,64.7,79.2,41.4,144.0
2026-09-04 23:00:00,2026-09-06 23:00:00,48,23,4,4,9,25.1,87.0,2.3,952.0,0.3,123.20833333333333,-0.5416666666666666,136.0,100.0,90.0,64.7,79.2,41.4,116.0
2026-09-04 23:00:00,2026-09-07 23:00:00,72,23,4,4,9,25.1,87.0,2.3,952.0,0.3,123.20833333333333,-0.5416666666666666,136.0,100.0,90.0,64.7,79.2,41.4,151.0
2026-09-05 00:00:00,2026-09-06 00:00:00,24,0,5,5,9,25.1,86.0,7.2,952.7,0.0,123.72222222222223,-0.375,135.0,104.0,89.0,59.1,73.8,35.5,143.0
2026-09-05 00:00:00,2026-09-07 00:00:00,48,0,5,5,9,25.1,86.0,7.2,952.7,0.0,123.72222222222223,-0.375,135.0,104.0,89.0,59.1,73.8,35.5,115.0
2026-09-05 00:00:00,2026-09-08 00:00:00,72,0,5,5,9,25.1,86.0,7.2,952.7,0.0,123.72222222222223,-0.375,135.0,104.0,89.0,59.1,73.8,35.5,152.0
2026-09-05 01:00:00,2026-09-06 01:00:00,24,1,5,5,9,25.2,82.0,6.9,952.3,0.0,124.27777777777777,-0.25,133.0,108.0,90.0,49.2,67.3,25.0,142.0
2026-09-05 01:00:00,2026-09-07 01:00:00,48,1,5,5,9,25.2,82.0,6.9,952.3,0.0,124.27777777777777,-0.25,133.0,108.0,90.0,49.2,67.3,25.0,115.0
2026-09-05 01:00:00,2026-09-08 01:00:00,72,1,5,5,9,25.2,82.0,6.9,952.3,0.0,124.27777777777777,-0.25,133.0,108.0,90.0,49.2,67.3,25.0,152.0
2026-09-05 02:00:00,2026-09-06 02:00:00,24,2,5,5,9,24.5,81.0,3.9,951.9,0.0,124.86111111111111,-0.041666666666666664,131.0,112.0,90.0,41.1,60.3,26.9,141.0
2026-09-05 02:00:00,2026-09-07 02:00:00,48,2,5,5,9,24.5,81.0,3.9,951.9,0.0,124.86111111111111,-0.041666666666666664,131.0,112.0,90.0,41.1,60.3,26.9,115.0
2026-09-05 02:00:00,2026-09-08 02:00:00,72,2,5,5,9,24.5,81.0,3.9,951.9,0.0,124.86111111111111,-0.041666666666666664,131.0,112.0,90.0,41.1,60.3,26.9,153.0
2026-09-05 03:00:00,2026-09-06 03:00:00,24,3,5,5,9,24.1,79.0,4.3,951.7,0.0,125.47222222222223,0.125,129.0,116.0,90.0,31.4,53.7,22.6,140.0
2026-09-05 03:00:00,2026-09-07 03:00:00,48,3,5,5,9,24.1,79.0,4.3,951.7,0.0,125.47222222222223,0.125,129.0,116.0,90.0,31.4,53.7,22.6,116.0
2026-09-05 03:00:00,2026-09-08 03:00:00,72,3,5,5,9,24.1,79.0,4.3,951.7,0.0,125.47222222222223,0.125,129.0,116.0,90.0,31.4,53.7,22.6,153.0
2026-09-05 04:00:00,2026-09-06 04:00:00,24,4,5,5,9,23.5,82.0,3.8,951.3,0.0,126.11111111111111,0.2916666666666667,127.0,119.0,90.0,16.4,46.7,8.2,138.0
2026-09-05 04:00:00,2026-09-07 04:00:00,48,4,5,5,9,23.5,82.0,3.8,951.3,0.0,126.11111111111111,0.2916666666666667,127.0,119.0,90.0,16.4,46.7,8.2,117.0
2026-09-05 04:00:00,2026-09-08 04:00:00,72,4,5,5,9,23.5,82.0,3.8,951.3,0.0,126.11111111111111,0.2916666666666667,127.0,119.0,90.0,16.4,46.7,8.2,154.0
2026-09-05 05:00:00,2026-09-06 05:00:00,24,5,5,5,9,23.1,91.0,6.7,951.3,0.0,126.79166666666667,0.5,124.0,123.0,89.0,40.6,31.7,24.7,137.0
2026-09-05 05:00:00,2026-09-07 05:00:00,48,5,5,5,9,23.1,91.0,6.7,951.3,0.0,126.79166666666667,0.5,124.0,123.0,89.0,40.6,31.7,24.7,117.0
2026-09-05 05:00:00,2026-09-08 05:00:00,72,5,5,5,9,23.1,91.0,6.7,951.3,0.0,126.79166666666667,0.5,124.0,123.0,89.0,40.6,31.7,24.7,154.0
2026-09-05 06:00:00,2026-09-06 06:00:00,24,6,5,5,9,22.5,92.0,5.3,951.3,0.5,127.52777777777777,0.75,125.0,124.0,89.0,43.9,39.1,23.9,136.0
2026-09-05 06:00:00,2026-09-07 06:00:00,48,6,5,5,9,22.5,92.0,5.3,951.3,0.5,127.52777777777777,0.75,125.0,124.0,89.0,43.9,39.1,23.9,119.0
2026-09-05 06:00:00,2026-09-08 06:00:00,72,6,5,5,9,22.5,92.0,5.3,951.3,0.5,127.52777777777777,0.75,125.0,124.0,89.0,43.9,39.1,23.9,154.0
2026-09-05 07:00:00,2026-09-06 07:00:00,24,7,5,5,9,23.3,88.0,3.6,953.2,0.0,128.25,0.6666666666666666,125.0,125.0,90.0,47.7,41.8,24.2,135.0
2026-09-05 07:00:00,2026-09-07 07:00:00,48,7,5,5,9,23.3,88.0,3.6,953.2,0.0,128.25,0.6666666666666666,125.0,125.0,90.0,47.7,41.8,24.2,120.0
2026-09-05 07:00:00,2026-09-08 07:00:00,72,7,5,5,9,23.3,88.0,3.6,953.2,0.0,128.25,0.6666666666666666,125.0,125.0,90.0,47.7,41.8,24.2,154.0
2026-09-05 08:00:00,2026-09-06 08:00:00,24,8,5,5,9,24.6,84.0,7.4,953.6,0.0,128.95833333333334,0.6666666666666666,126.0,127.0,90.0,44.2,39.6,24.8,134.0
2026-09-05 08:00:00,2026-09-07 08:00:00,48,8,5,5,9,24.6,84.0,7.4,953.6,0.0,128.95833333333334,0.6666666666666666,126.0,127.0,90.0,44.2,39.6,24.8,121.0
2026-09-05 08:00:00,2026-09-08 08:00:00,72,8,5,5,9,24.6,84.0,7.4,953.6,0.0,128.95833333333334,0.6666666666666666,126.0,127.0,90.0,44.2,39.6,24.8,154.0
2026-09-05 09:00:00,2026-09-06 09:00:00,24,9,5,5,9,26.5,72.0,3.2,954.0,0.0,129.65277777777777,0.5833333333333334,126.0,128.0,91.0,39.3,36.4,21.8,133.0
2026-09-05 09:00:00,2026-09-07 09:00:00,48,9,5,5,9,26.5,72.0,3.2,954.0,0.0,129.65277777777777,0.5833333333333334,126.0,128.0,91.0,39.3,36.4,21.8,123.0
2026-09-05 09:00:00,2026-09-08 09:00:00,72,9,5,5,9,26.5,72.0,3.2,954.0,0.0,129.65277777777777,0.5833333333333334,126.0,128.0,91.0,39.3,36.4,21.8,154.0
2026-09-05 10:00:00,2026-09-06 10:00:00,24,10,5,5,9,28.2,65.0,2.8,954.3,0.0,130.31944444444446,0.5416666666666666,127.0,130.0,91.0,40.0,37.3,23.5,132.0
2026-09-05 10:00:00,2026-09-07 10:00:00,48,10,5,5,9,28.2,65.0,2.8,954.3,0.0,130.31944444444446,0.5416666666666666,127.0,130.0,91.0,40.0,37.3,23.5,124.0
2026-09-05 10:00:00,2026-09-08 10:00:00,72,10,5,5,9,28.2,65.0,2.8,954.3,0.0,130.31944444444446,0.5416666666666666,127.0,130.0,91.0,40.0,37.3,23.5,154.0
2026-09-05 11:00:00,2026-09-06 11:00:00,24,11,5,5,9,26.5,72.0,4.6,954.4,0.0,130.97222222222223,0.4583333333333333,127.0,131.0,91.0,41.0,38.9,26.6,131.0
2026-09-05 11:00:00,2026-09-07 11:00:00,48,11,5,5,9,26.5,72.0,4.6,954.4,0.0,130.97222222222223,0.4583333333333333,127.0,131.0,91.0,41.0,38.9,26.6,126.0
2026-09-05 11:00:00,2026-09-08 11:00:00,72,11,5,5,9,26.5,72.0,4.6,954.4,0.0,130.97222222222223,0.4583333333333333,127.0,131.0,91.0,41.0,38.9,26.6,154.0
2026-09-05 12:00:00,2026-09-06 12:00:00,24,12,5,5,9,29.5,62.0,2.0,954.0,0.0,131.625,0.4583333333333333,127.0,133.0,91.0,41.3,40.2,28.7,130.0
2026-09-05 12:00:00,2026-09-07 12:00:00,48,12,5,5,9,29.5,62.0,2.0,954.0,0.0,131.625,0.4583333333333333,127.0,133.0,91.0,41.3,40.2,28.7,127.0
2026-09-05 12:00:00,2026-09-08 12:00:00,72,12,5,5,9,29.5,62.0,2.0,954.0,0.0,131.625,0.4583333333333333,127.0,133.0,91.0,41.3,40.2,28.7,154.0
2026-09-05 13:00:00,2026-09-06 13:00:00,24,13,5,5,9,30.7,57.0,4.8,953.2,0.0,132.27777777777777,0.4583333333333333,127.0,134.0,91.0,40.4,39.1,29.7,128.0
2026-09-05 13:00:00,2026-09-07 13:00:00,48,13,5,5,9,30.7,57.0,4.8,953.2,0.0,132.27777777777777,0.4583333333333333,127.0,134.0,91.0,40.4,39.1,29.7,129.0
2026-09-05 13:00:00,2026-09-08 13:00:00,72,13,5,5,9,30.7,57.0,4.8,953.2,0.0,132.27777777777777,0.4583333333333333,127.0,134.0,91.0,40.4,39.1,29.7,154.0
2026-09-05 14:00:00,2026-09-06 14:00:00,24,14,5,5,9,31.4,52.0,7.3,952.2,0.0,132.94444444444446,0.5,128.0,135.0,91.0,38.6,36.9,30.0,127.0
2026-09-05 14:00:00,2026-09-07 14:00:00,48,14,5,5,9,31.4,52.0,7.3,952.2,0.0,132.94444444444446,0.5,128.0,135.0,91.0,38.6,36.9,30.0,130.0
2026-09-05 14:00:00,2026-09-08 14:00:00,72,14,5,5,9,31.4,52.0,7.3,952.2,0.0,132.94444444444446,0.5,128.0,135.0,91.0,38.6,36.9,30.0,154.0
2026-09-05 15:00:00,2026-09-06 15:00:00,24,15,5,5,9,31.4,50.0,7.4,951.4,0.0,133.61111111111111,0.4583333333333333,132.0,136.0,100.0,37.1,35.3,30.2,126.0
2026-09-05 15:00:00,2026-09-07 15:00:00,48,15,5,5,9,31.4,50.0,7.4,951.4,0.0,133.61111111111111,0.4583333333333333,132.0,136.0,100.0,37.1,35.3,30.2,131.0
2026-09-05 15:00:00,2026-09-08 15:00:00,72,15,5,5,9,31.4,50.0,7.4,951.4,0.0,133.61111111111111,0.4583333333333333,132.0,136.0,100.0,37.1,35.3,30.2,153.0
2026-09-05 16:00:00,2026-09-06 16:00:00,24,16,5,5,9,31.2,50.0,8.2,950.9,0.0,134.16666666666666,0.3333333333333333,160.0,139.0,129.0,36.6,34.2,30.0,145.0
2026-09-05 16:00:00,2026-09-07 16:00:00,48,16,5,5,9,31.2,50.0,8.2,950.9,0.0,134.16666666666666,0.3333333333333333,160.0,139.0,129.0,36.6,34.2,30.0,154.0
2026-09-05 16:00:00,2026-09-08 16:00:00,72,16,5,5,9,31.2,50.0,8.2,950.9,0.0,134.16666666666666,0.3333333333333333,160.0,139.0,129.0,36.6,34.2,30.0,153.0
2026-09-05 17:00:00,2026-09-06 17:00:00,24,17,5,5,9,31.4,58.0,5.2,951.1,0.0,134.47222222222223,-0.375,179.0,157.0,153.0,35.0,38.9,41.3,162.0
2026-09-05 17:00:00,2026-09-07 17:00:00,48,17,5,5,9,31.4,58.0,5.2,951.1,0.0,134.47222222222223,-0.375,179.0,157.0,153.0,35.0,38.9,41.3,180.0
2026-09-05 17:00:00,2026-09-08 17:00:00,72,17,5,5,9,31.4,58.0,5.2,951.1,0.0,134.47222222222223,-0.375,179.0,157.0,153.0,35.0,38.9,41.3,153.0
2026-09-05 18:00:00,2026-09-06 18:00:00,24,18,5,5,9,29.7,69.0,3.2,950.7,0.0,134.69444444444446,-0.4166666666666667,183.0,163.0,162.0,41.2,50.2,52.7,170.0
2026-09-05 18:00:00,2026-09-07 18:00:00,48,18,5,5,9,29.7,69.0,3.2,950.7,0.0,134.69444444444446,-0.4166666666666667,183.0,163.0,162.0,41.2,50.2,52.7,196.0
2026-09-05 18:00:00,2026-09-08 18:00:00,72,18,5,5,9,29.7,69.0,3.2,950.7,0.0,134.69444444444446,-0.4166666666666667,183.0,163.0,162.0,41.2,50.2,52.7,153.0
2026-09-05 19:00:00,2026-09-06 19:00:00,24,19,5,5,9,27.8,78.0,2.8,950.8,0.0,134.90277777777777,-0.25,174.0,157.0,158.0,53.0,69.2,63.8,165.0
2026-09-05 19:00:00,2026-09-07 19:00:00,48,19,5,5,9,27.8,78.0,2.8,950.8,0.0,134.90277777777777,-0.25,174.0,157.0,158.0,53.0,69.2,63.8,192.0
2026-09-05 19:00:00,2026-09-08 19:00:00,72,19,5,5,9,27.8,78.0,2.8,950.8,0.0,134.90277777777777,-0.25,174.0,157.0,158.0,53.0,69.2,63.8,153.0
2026-09-05 20:00:00,2026-09-06 20:00:00,24,20,5,5,9,27.0,81.0,3.2,951.3,0.0,135.05555555555554,-0.20833333333333334,151.0,137.0,136.0,65.9,77.5,66.4,147.0
2026-09-05 20:00:00,2026-09-07 20:00:00,48,20,5,5,9,27.0,81.0,3.2,951.3,0.0,135.05555555555554,-0.20833333333333334,151.0,137.0,136.0,65.9,77.5,66.4,170.0
2026-09-05 20:00:00,2026-09-08 20:00:00,72,20,5,5,9,27.0,81.0,3.2,951.3,0.0,135.05555555555554,-0.20833333333333334,151.0,137.0,136.0,65.9,77.5,66.4,153.0
2026-09-05 21:00:00,2026-09-06 21:00:00,24,21,5,5,9,26.4,83.0,4.2,951.8,0.0,135.18055555555554,-0.25,124.0,138.0,98.0,76.4,68.0,69.4,120.0
2026-09-05 21:00:00,2026-09-07 21:00:00,48,21,5,5,9,26.4,83.0,4.2,951.8,0.0,135.18055555555554,-0.25,124.0,138.0,98.0,76.4,68.0,69.4,144.0
2026-09-05 21:00:00,2026-09-08 21:00:00,72,21,5,5,9,26.4,83.0,4.2,951.8,0.0,135.18055555555554,-0.25,124.0,138.0,98.0,76.4,68.0,69.4,152.0
2026-09-05 22:00:00,2026-09-06 22:00:00,24,22,5,5,9,26.0,81.0,4.5,952.1,0.0,135.81944444444446,0.8333333333333334,125.0,138.0,97.0,85.9,65.7,78.2,118.0
2026-09-05 22:00:00,2026-09-07 22:00:00,48,22,5,5,9,26.0,81.0,4.5,952.1,0.0,135.81944444444446,0.8333333333333334,125.0,138.0,97.0,85.9,65.7,78.2,148.0
2026-09-05 22:00:00,2026-09-08 22:00:00,72,22,5,5,9,26.0,81.0,4.5,952.1,0.0,135.81944444444446,0.8333333333333334,125.0,138.0,97.0,85.9,65.7,78.2,152.0
2026-09-05 23:00:00,2026-09-06 23:00:00,24,23,5,5,9,27.0,75.0,7.0,952.3,0.0,136.47222222222223,0.7916666666666666,127.0,136.0,100.0,89.6,64.7,79.2,116.0
2026-09-05 23:00:00,2026-09-07 23:00:00,48,23,5,5,9,27.0,75.0,7.0,952.3,0.0,136.47222222222223,0.7916666666666666,127.0,136.0,100.0,89.6,64.7,79.2,151.0
2026-09-05 23:00:00,2026-09-08 23:00:00,72,23,5,5,9,27.0,75.0,7.0,952.3,0.0,136.47222222222223,0.7916666666666666,127.0,136.0,100.0,89.6,64.7,79.2,151.0
2026-09-06 00:00:00,2026-09-07 00:00:00,24,0,6,6,9,26.3,71.0,13.8,951.7,0.1,137.08333333333334,0.7083333333333334,129.0,135.0,104.0,84.8,59.1,73.8,115.0
2026-09-06 00:00:00,2026-09-08 00:00:00,48,0,6,6,9,26.3,71.0,13.8,951.7,0.1,137.08333333333334,0.7083333333333334,129.0,135.0,104.0,84.8,59.1,73.8,152.0
2026-09-06 00:00:00,2026-09-09 00:00:00,72,0,6,6,9,26.3,71.0,13.8,951.7,0.1,137.08333333333334,0.7083333333333334,129.0,135.0,104.0,84.8,59.1,73.8,150.0
2026-09-06 01:00:00,2026-09-07 01:00:00,24,1,6,6,9,21.0,96.0,22.7,953.3,4.3,137.625,0.5833333333333334,132.0,133.0,108.0,70.5,49.2,67.3,115.0
2026-09-06 01:00:00,2026-09-08 01:00:00,48,1,6,6,9,21.0,96.0,22.7,953.3,4.3,137.625,0.5833333333333334,132.0,133.0,108.0,70.5,49.2,67.3,152.0
2026-09-06 01:00:00,2026-09-09 01:00:00,72,1,6,6,9,21.0,96.0,22.7,953.3,4.3,137.625,0.5833333333333334,132.0,133.0,108.0,70.5,49.2,67.3,149.0
2026-09-06 02:00:00,2026-09-07 02:00:00,24,2,6,6,9,21.2,95.0,5.5,952.6,2.3,138.09722222222223,0.4166666666666667,134.0,131.0,112.0,60.3,41.1,60.3,115.0
2026-09-06 02:00:00,2026-09-08 02:00:00,48,2,6,6,9,21.2,95.0,5.5,952.6,2.3,138.09722222222223,0.4166666666666667,134.0,131.0,112.0,60.3,41.1,60.3,153.0
2026-09-06 02:00:00,2026-09-09 02:00:00,72,2,6,6,9,21.2,95.0,5.5,952.6,2.3,138.09722222222223,0.4166666666666667,134.0,131.0,112.0,60.3,41.1,60.3,147.0
2026-09-06 03:00:00,2026-09-07 03:00:00,24,3,6,6,9,21.5,96.0,3.0,953.3,1.0,138.5,0.2916666666666667,136.0,129.0,116.0,53.1,31.4,53.7,116.0
2026-09-06 03:00:00,2026-09-08 03:00:00,48,3,6,6,9,21.5,96.0,3.0,953.3,1.0,138.5,0.2916666666666667,136.0,129.0,116.0,53.1,31.4,53.7,153.0
2026-09-06 03:00:00,2026-09-09 03:00:00,72,3,6,6,9,21.5,96.0,3.0,953.3,1.0,138.5,0.2916666666666667,136.0,129.0,116.0,53.1,31.4,53.7,145.0
2026-09-06 04:00:00,2026-09-07 04:00:00,24,4,6,6,9,20.9,95.0,13.7,951.9,1.3,138.83333333333334,0.16666666666666666,139.0,127.0,119.0,45.6,16.4,46.7,117.0
2026-09-06 04:00:00,2026-09-08 04:00:00,48,4,6,6,9,20.9,95.0,13.7,951.9,1.3,138.83333333333334,0.16666666666666666,139.0,127.0,119.0,45.6,16.4,46.7,154.0
2026-09-06 04:00:00,2026-09-09 04:00:00,72,4,6,6,9,20.9,95.0,13.7,951.9,1.3,138.83333333333334,0.16666666666666666,139.0,127.0,119.0,45.6,16.4,46.7,143.0
2026-09-06 05:00:00,2026-09-07 05:00:00,24,5,6,6,9,21.7,96.0,7.2,951.7,0.3,139.09722222222223,-0.041666666666666664,142.0,124.0,123.0,38.3,40.6,31.7,117.0
2026-09-06 05:00:00,2026-09-08 05:00:00,48,5,6,6,9,21.7,96.0,7.2,951.7,0.3,139.09722222222223,-0.041666666666666664,142.0,124.0,123.0,38.3,40.6,31.7,154.0
2026-09-06 05:00:00,2026-09-09 05:00:00,72,5,6,6,9,21.7,96.0,7.2,951.7,0.3,139.09722222222223,-0.041666666666666664,142.0,124.0,123.0,38.3,40.6,31.7,142.0
2026-09-06 06:00:00,2026-09-07 06:00:00,24,6,6,6,9,21.8,94.0,5.7,952.5,0.0,139.29166666666666,-0.20833333333333334,141.0,125.0,124.0,37.1,43.9,39.1,119.0
2026-09-06 06:00:00,2026-09-08 06:00:00,48,6,6,6,9,21.8,94.0,5.7,952.5,0.0,139.29166666666666,-0.20833333333333334,141.0,125.0,124.0,37.1,43.9,39.1,154.0
2026-09-06 06:00:00,2026-09-09 06:00:00,72,6,6,6,9,21.8,94.0,5.7,952.5,0.0,139.29166666666666,-0.20833333333333334,141.0,125.0,124.0,37.1,43.9,39.1,142.0
2026-09-06 07:00:00,2026-09-07 07:00:00,24,7,6,6,9,22.7,91.0,4.7,953.4,0.0,139.45833333333334,-0.20833333333333334,141.0,125.0,125.0,37.5,47.7,41.8,120.0
2026-09-06 07:00:00,2026-09-08 07:00:00,48,7,6,6,9,22.7,91.0,4.7,953.4,0.0,139.45833333333334,-0.20833333333333334,141.0,125.0,125.0,37.5,47.7,41.8,154.0
2026-09-06 07:00:00,2026-09-09 07:00:00,72,7,6,6,9,22.7,91.0,4.7,953.4,0.0,139.45833333333334,-0.20833333333333334,141.0,125.0,125.0,37.5,47.7,41.8,142.0
2026-09-06 08:00:00,2026-09-07 08:00:00,24,8,6,6,9,23.8,85.0,4.8,954.1,0.0,139.59722222222223,-0.25,140.0,126.0,127.0,37.0,44.2,39.6,121.0
2026-09-06 08:00:00,2026-09-08 08:00:00,48,8,6,6,9,23.8,85.0,4.8,954.1,0.0,139.59722222222223,-0.25,140.0,126.0,127.0,37.0,44.2,39.6,154.0
2026-09-06 08:00:00,2026-09-09 08:00:00,72,8,6,6,9,23.8,85.0,4.8,954.1,0.0,139.59722222222223,-0.25,140.0,126.0,127.0,37.0,44.2,39.6,142.0
2026-09-06 09:00:00,2026-09-07 09:00:00,24,9,6,6,9,25.3,80.0,5.5,954.6,0.0,139.69444444444446,-0.25,139.0,126.0,128.0,34.5,39.3,36.4,123.0
2026-09-06 09:00:00,2026-09-08 09:00:00,48,9,6,6,9,25.3,80.0,5.5,954.6,0.0,139.69444444444446,-0.25,139.0,126.0,128.0,34.5,39.3,36.4,154.0
2026-09-06 09:00:00,2026-09-09 09:00:00,72,9,6,6,9,25.3,80.0,5.5,954.6,0.0,139.69444444444446,-0.25,139.0,126.0,128.0,34.5,39.3,36.4,142.0
2026-09-06 10:00:00,2026-09-07 10:00:00,24,10,6,6,9,26.9,75.0,5.1,954.7,0.0,139.76388888888889,-0.25,138.0,127.0,130.0,38.1,40.0,37.3,124.0
2026-09-06 10:00:00,2026-09-08 10:00:00,48,10,6,6,9,26.9,75.0,5.1,954.7,0.0,139.76388888888889,-0.25,138.0,127.0,130.0,38.1,40.0,37.3,154.0
2026-09-06 10:00:00,2026-09-09 10:00:00,72,10,6,6,9,26.9,75.0,5.1,954.7,0.0,139.76388888888889,-0.25,138.0,127.0,130.0,38.1,40.0,37.3,143.0
2026-09-06 11:00:00,2026-09-07 11:00:00,24,11,6,6,9,28.2,69.0,1.5,955.1,0.0,139.79166666666666,-0.25,138.0,127.0,131.0,42.0,41.0,38.9,126.0
2026-09-06 11:00:00,2026-09-08 11:00:00,48,11,6,6,9,28.2,69.0,1.5,955.1,0.0,139.79166666666666,-0.25,138.0,127.0,131.0,42.0,41.0,38.9,154.0
2026-09-06 11:00:00,2026-09-09 11:00:00,72,11,6,6,9,28.2,69.0,1.5,955.1,0.0,139.79166666666666,-0.25,138.0,127.0,131.0,42.0,41.0,38.9,143.0
2026-09-06 12:00:00,2026-09-07 12:00:00,24,12,6,6,9,29.7,61.0,3.1,954.8,0.0,139.79166666666666,-0.2916666666666667,138.0,127.0,133.0,44.9,41.3,40.2,127.0
2026-09-06 12:00:00,2026-09-08 12:00:00,48,12,6,6,9,29.7,61.0,3.1,954.8,0.0,139.79166666666666,-0.2916666666666667,138.0,127.0,133.0,44.9,41.3,40.2,154.0
2026-09-06 12:00:00,2026-09-09 12:00:00,72,12,6,6,9,29.7,61.0,3.1,954.8,0.0,139.79166666666666,-0.2916666666666667,138.0,127.0,133.0,44.9,41.3,40.2,144.0
2026-09-06 13:00:00,2026-09-07 13:00:00,24,13,6,6,9,30.6,55.0,4.4,953.9,0.0,139.75,-0.3333333333333333,139.0,127.0,134.0,46.8,40.4,39.1,129.0
2026-09-06 13:00:00,2026-09-08 13:00:00,48,13,6,6,9,30.6,55.0,4.4,953.9,0.0,139.75,-0.3333333333333333,139.0,127.0,134.0,46.8,40.4,39.1,154.0
2026-09-06 13:00:00,2026-09-09 13:00:00,72,13,6,6,9,30.6,55.0,4.4,953.9,0.0,139.75,-0.3333333333333333,139.0,127.0,134.0,46.8,40.4,39.1,145.0
2026-09-06 14:00:00,2026-09-07 14:00:00,24,14,6,6,9,31.1,53.0,4.8,953.1,0.0,139.66666666666666,-0.4583333333333333,139.0,128.0,135.0,48.1,38.6,36.9,130.0
2026-09-06 14:00:00,2026-09-08 14:00:00,48,14,6,6,9,31.1,53.0,4.8,953.1,0.0,139.66666666666666,-0.4583333333333333,139.0,128.0,135.0,48.1,38.6,36.9,154.0
2026-09-06 14:00:00,2026-09-09 14:00:00,72,14,6,6,9,31.1,53.0,4.8,953.1,0.0,139.66666666666666,-0.4583333333333333,139.0,128.0,135.0,48.1,38.6,36.9,146.0
2026-09-06 15:00:00,2026-09-07 15:00:00,24,15,6,6,9,31.2,52.0,5.4,952.1,0.0,139.55555555555554,-0.5,140.0,132.0,136.0,48.7,37.1,35.3,131.0
2026-09-06 15:00:00,2026-09-08 15:00:00,48,15,6,6,9,31.2,52.0,5.4,952.1,0.0,139.55555555555554,-0.5,140.0,132.0,136.0,48.7,37.1,35.3,153.0
2026-09-06 15:00:00,2026-09-09 15:00:00,72,15,6,6,9,31.2,52.0,5.4,952.1,0.0,139.55555555555554,-0.5,140.0,132.0,136.0,48.7,37.1,35.3,147.0
2026-09-06 16:00:00,2026-09-07 16:00:00,24,16,6,6,9,31.0,54.0,5.0,951.5,0.0,139.41666666666666,-0.5833333333333334,151.0,160.0,139.0,49.1,36.6,34.2,154.0
2026-09-06 16:00:00,2026-09-08 16:00:00,48,16,6,6,9,31.0,54.0,5.0,951.5,0.0,139.41666666666666,-0.5833333333333334,151.0,160.0,139.0,49.1,36.6,34.2,153.0
2026-09-06 16:00:00,2026-09-09 16:00:00,72,16,6,6,9,31.0,54.0,5.0,951.5,0.0,139.41666666666666,-0.5833333333333334,151.0,160.0,139.0,49.1,36.6,34.2,159.0
2026-09-06 17:00:00,2026-09-07 17:00:00,24,17,6,6,9,30.1,61.0,5.4,951.1,0.0,139.5,-0.25,169.0,179.0,157.0,37.6,35.0,38.9,180.0
2026-09-06 17:00:00,2026-09-08 17:00:00,48,17,6,6,9,30.1,61.0,5.4,951.1,0.0,139.5,-0.25,169.0,179.0,157.0,37.6,35.0,38.9,153.0
2026-09-06 17:00:00,2026-09-09 17:00:00,72,17,6,6,9,30.1,61.0,5.4,951.1,0.0,139.5,-0.25,169.0,179.0,157.0,37.6,35.0,38.9,177.0
2026-09-06 18:00:00,2026-09-07 18:00:00,24,18,6,6,9,28.6,70.0,5.8,950.9,0.0,139.56944444444446,-0.2916666666666667,177.0,183.0,163.0,44.4,41.2,50.2,196.0
2026-09-06 18:00:00,2026-09-08 18:00:00,48,18,6,6,9,28.6,70.0,5.8,950.9,0.0,139.56944444444446,-0.2916666666666667,177.0,183.0,163.0,44.4,41.2,50.2,153.0
2026-09-06 18:00:00,2026-09-09 18:00:00,72,18,6,6,9,28.6,70.0,5.8,950.9,0.0,139.56944444444446,-0.2916666666666667,177.0,183.0,163.0,44.4,41.2,50.2,185.0
2026-09-06 19:00:00,2026-09-07 19:00:00,24,19,6,6,9,27.2,72.0,6.4,951.0,0.0,139.66666666666666,-0.2916666666666667,169.0,174.0,157.0,56.1,53.0,69.2,192.0
2026-09-06 19:00:00,2026-09-08 19:00:00,48,19,6,6,9,27.2,72.0,6.4,951.0,0.0,139.66666666666666,-0.2916666666666667,169.0,174.0,157.0,56.1,53.0,69.2,153.0
2026-09-06 19:00:00,2026-09-09 19:00:00,72,19,6,6,9,27.2,72.0,6.4,951.0,0.0,139.66666666666666,-0.2916666666666667,169.0,174.0,157.0,56.1,53.0,69.2,178.0
2026-09-06 20:00:00,2026-09-07 20:00:00,24,20,6,6,9,26.2,76.0,5.6,951.4,0.0,139.77777777777777,-0.16666666666666666,145.0,151.0,137.0,68.0,65.9,77.5,170.0
2026-09-06 20:00:00,2026-09-08 20:00:00,48,20,6,6,9,26.2,76.0,5.6,951.4,0.0,139.77777777777777,-0.16666666666666666,145.0,151.0,137.0,68.0,65.9,77.5,153.0
2026-09-06 20:00:00,2026-09-09 20:00:00,72,20,6,6,9,26.2,76.0,5.6,951.4,0.0,139.77777777777777,-0.16666666666666666,145.0,151.0,137.0,68.0,65.9,77.5,158.0
2026-09-06 21:00:00,2026-09-07 21:00:00,24,21,6,6,9,25.3,81.0,3.3,951.8,0.0,139.91666666666666,0.08333333333333333,144.0,124.0,138.0,75.2,76.4,68.0,144.0
2026-09-06 21:00:00,2026-09-08 21:00:00,48,21,6,6,9,25.3,81.0,3.3,951.8,0.0,139.91666666666666,0.08333333333333333,144.0,124.0,138.0,75.2,76.4,68.0,152.0
2026-09-06 21:00:00,2026-09-09 21:00:00,72,21,6,6,9,25.3,81.0,3.3,951.8,0.0,139.91666666666666,0.08333333333333333,144.0,124.0,138.0,75.2,76.4,68.0,146.0
2026-09-06 22:00:00,2026-09-07 22:00:00,24,22,6,6,9,25.0,83.0,1.7,952.1,0.0,139.66666666666666,-1.0,144.0,125.0,138.0,82.4,85.9,65.7,148.0
2026-09-06 22:00:00,2026-09-08 22:00:00,48,22,6,6,9,25.0,83.0,1.7,952.1,0.0,139.66666666666666,-1.0,144.0,125.0,138.0,82.4,85.9,65.7,152.0
2026-09-06 22:00:00,2026-09-09 22:00:00,72,22,6,6,9,25.0,83.0,1.7,952.1,0.0,139.66666666666666,-1.0,144.0,125.0,138.0,82.4,85.9,65.7,145.0
2026-09-06 23:00:00,2026-09-07 23:00:00,24,23,6,6,9,24.5,85.0,1.4,952.7,0.0,139.38888888888889,-1.0833333333333333,144.0,127.0,136.0,82.7,89.6,64.7,151.0
2026-09-06 23:00:00,2026-09-08 23:00:00,48,23,6,6,9,24.5,85.0,1.4,952.7,0.0,139.38888888888889,-1.0833333333333333,144.0,127.0,136.0,82.7,89.6,64.7,151.0
2026-09-06 23:00:00,2026-09-09 23:00:00,72,23,6,6,9,24.5,85.0,1.4,952.7,0.0,139.38888888888889,-1.0833333333333333,144.0,127.0,136.0,82.7,89.6,64.7,144.0
2026-09-07 00:00:00,2026-09-08 00:00:00,24,0,7,0,9,24.0,88.0,3.9,952.7,0.0,139.11111111111111,-1.1666666666666667,143.0,129.0,135.0,75.7,84.8,59.1,152.0
2026-09-07 00:00:00,2026-09-09 00:00:00,48,0,7,0,9,24.0,88.0,3.9,952.7,0.0,139.11111111111111,-1.1666666666666667,143.0,129.0,135.0,75.7,84.8,59.1,150.0
2026-09-07 00:00:00,2026-09-10 00:00:00,72,0,7,0,9,24.0,88.0,3.9,952.7,0.0,139.11111111111111,-1.1666666666666667,143.0,129.0,135.0,75.7,84.8,59.1,143.0
2026-09-07 01:00:00,2026-09-08 01:00:00,24,1,7,0,9,23.6,90.0,4.6,952.6,0.0,138.83333333333334,-1.1666666666666667,142.0,132.0,133.0,61.2,70.5,49.2,152.0
2026-09-07 01:00:00,2026-09-09 01:00:00,48,1,7,0,9,23.6,90.0,4.6,952.6,0.0,138.83333333333334,-1.1666666666666667,142.0,132.0,133.0,61.2,70.5,49.2,149.0
2026-09-07 01:00:00,2026-09-10 01:00:00,72,1,7,0,9,23.6,90.0,4.6,952.6,0.0,138.83333333333334,-1.1666666666666667,142.0,132.0,133.0,61.2,70.5,49.2,143.0
2026-09-07 02:00:00,2026-09-08 02:00:00,24,2,7,0,9,23.0,93.0,3.6,952.4,0.0,138.58333333333334,-1.125,141.0,134.0,131.0,47.8,60.3,41.1,153.0
2026-09-07 02:00:00,2026-09-09 02:00:00,48,2,7,0,9,23.0,93.0,3.6,952.4,0.0,138.58333333333334,-1.125,141.0,134.0,131.0,47.8,60.3,41.1,147.0
2026-09-07 02:00:00,2026-09-10 02:00:00,72,2,7,0,9,23.0,93.0,3.6,952.4,0.0,138.58333333333334,-1.125,141.0,134.0,131.0,47.8,60.3,41.1,145.0
2026-09-07 03:00:00,2026-09-08 03:00:00,24,3,7,0,9,22.7,94.0,3.4,952.0,0.0,138.36111111111111,-1.0833333333333333,140.0,136.0,129.0,40.2,53.1,31.4,153.0
2026-09-07 03:00:00,2026-09-09 03:00:00,48,3,7,0,9,22.7,94.0,3.4,952.0,0.0,138.36111111111111,-1.0833333333333333,140.0,136.0,129.0,40.2,53.1,31.4,145.0
2026-09-07 03:00:00,2026-09-10 03:00:00,72,3,7,0,9,22.7,94.0,3.4,952.0,0.0,138.36111111111111,-1.0833333333333333,140.0,136.0,129.0,40.2,53.1,31.4,147.0
2026-09-07 04:00:00,2026-09-08 04:00:00,24,4,7,0,9,22.5,94.0,2.8,951.7,0.0,138.18055555555554,-1.0,138.0,139.0,127.0,38.1,45.6,16.4,154.0
2026-09-07 04:00:00,2026-09-09 04:00:00,48,4,7,0,9,22.5,94.0,2.8,951.7,0.0,138.18055555555554,-1.0,138.0,139.0,127.0,38.1,45.6,16.4,143.0
2026-09-07 04:00:00,2026-09-10 04:00:00,72,4,7,0,9,22.5,94.0,2.8,951.7,0.0,138.18055555555554,-1.0,138.0,139.0,127.0,38.1,45.6,16.4,149.0
2026-09-07 05:00:00,2026-09-08 05:00:00,24,5,7,0,9,22.5,94.0,1.5,951.8,0.0,138.04166666666666,-0.875,137.0,142.0,124.0,26.0,38.3,40.6,154.0
2026-09-07 05:00:00,2026-09-09 05:00:00,48,5,7,0,9,22.5,94.0,1.5,951.8,0.0,138.04166666666666,-0.875,137.0,142.0,124.0,26.0,38.3,40.6,142.0
2026-09-07 05:00:00,2026-09-10 05:00:00,72,5,7,0,9,22.5,94.0,1.5,951.8,0.0,138.04166666666666,-0.875,137.0,142.0,124.0,26.0,38.3,40.6,150.0
2026-09-07 06:00:00,2026-09-08 06:00:00,24,6,7,0,9,22.4,94.0,2.2,951.9,0.0,137.94444444444446,-0.8333333333333334,136.0,141.0,125.0,28.3,37.1,43.9,154.0
2026-09-07 06:00:00,2026-09-09 06:00:00,48,6,7,0,9,22.4,94.0,2.2,951.9,0.0,137.94444444444446,-0.8333333333333334,136.0,141.0,125.0,28.3,37.1,43.9,142.0
2026-09-07 06:00:00,2026-09-10 06:00:00,72,6,7,0,9,22.4,94.0,2.2,951.9,0.0,137.94444444444446,-0.8333333333333334,136.0,141.0,125.0,28.3,37.1,43.9,151.0
2026-09-07 07:00:00,2026-09-08 07:00:00,24,7,7,0,9,23.5,90.0,3.1,952.4,0.0,137.86111111111111,-0.7083333333333334,135.0,141.0,125.0,26.1,37.5,47.7,154.0
2026-09-07 07:00:00,2026-09-09 07:00:00,48,7,7,0,9,23.5,90.0,3.1,952.4,0.0,137.86111111111111,-0.7083333333333334,135.0,141.0,125.0,26.1,37.5,47.7,142.0
2026-09-07 07:00:00,2026-09-10 07:00:00,72,7,7,0,9,23.5,90.0,3.1,952.4,0.0,137.86111111111111,-0.7083333333333334,135.0,141.0,125.0,26.1,37.5,47.7,151.0
2026-09-07 08:00:00,2026-09-08 08:00:00,24,8,7,0,9,25.2,83.0,2.2,952.9,0.0,137.79166666666666,-0.625,134.0,140.0,126.0,26.0,37.0,44.2,154.0
2026-09-07 08:00:00,2026-09-09 08:00:00,48,8,7,0,9,25.2,83.0,2.2,952.9,0.0,137.79166666666666,-0.625,134.0,140.0,126.0,26.0,37.0,44.2,142.0
2026-09-07 08:00:00,2026-09-10 08:00:00,72,8,7,0,9,25.2,83.0,2.2,952.9,0.0,137.79166666666666,-0.625,134.0,140.0,126.0,26.0,37.0,44.2,151.0
2026-09-07 09:00:00,2026-09-08 09:00:00,24,9,7,0,9,27.2,75.0,2.0,953.5,0.0,137.72222222222223,-0.5416666666666666,133.0,139.0,126.0,25.0,34.5,39.3,154.0
2026-09-07 09:00:00,2026-09-09 09:00:00,48,9,7,0,9,27.2,75.0,2.0,953.5,0.0,137.72222222222223,-0.5416666666666666,133.0,139.0,126.0,25.0,34.5,39.3,142.0
2026-09-07 09:00:00,2026-09-10 09:00:00,72,9,7,0,9,27.2,75.0,2.0,953.5,0.0,137.72222222222223,-0.5416666666666666,133.0,139.0,126.0,25.0,34.5,39.3,152.0
2026-09-07 10:00:00,2026-09-08 10:00:00,24,10,7,0,9,28.9,68.0,2.1,953.5,0.0,137.68055555555554,-0.4166666666666667,132.0,138.0,127.0,27.5,38.1,40.0,154.0
2026-09-07 10:00:00,2026-09-09 10:00:00,48,10,7,0,9,28.9,68.0,2.1,953.5,0.0,137.68055555555554,-0.4166666666666667,132.0,138.0,127.0,27.5,38.1,40.0,143.0
2026-09-07 10:00:00,2026-09-10 10:00:00,72,10,7,0,9,28.9,68.0,2.1,953.5,0.0,137.68055555555554,-0.4166666666666667,132.0,138.0,127.0,27.5,38.1,40.0,152.0
2026-09-07 11:00:00,2026-09-08 11:00:00,24,11,7,0,9,30.2,61.0,4.8,952.9,0.0,137.63888888888889,-0.3333333333333333,131.0,138.0,127.0,31.0,42.0,41.0,154.0
2026-09-07 11:00:00,2026-09-09 11:00:00,48,11,7,0,9,30.2,61.0,4.8,952.9,0.0,137.63888888888889,-0.3333333333333333,131.0,138.0,127.0,31.0,42.0,41.0,143.0
2026-09-07 11:00:00,2026-09-10 11:00:00,72,11,7,0,9,30.2,61.0,4.8,952.9,0.0,137.63888888888889,-0.3333333333333333,131.0,138.0,127.0,31.0,42.0,41.0,152.0
2026-09-07 12:00:00,2026-09-08 12:00:00,24,12,7,0,9,31.1,57.0,5.7,952.2,0.0,137.625,-0.20833333333333334,130.0,138.0,127.0,33.4,44.9,41.3,154.0
2026-09-07 12:00:00,2026-09-09 12:00:00,48,12,7,0,9,31.1,57.0,5.7,952.2,0.0,137.625,-0.20833333333333334,130.0,138.0,127.0,33.4,44.9,41.3,144.0
2026-09-07 12:00:00,2026-09-10 12:00:00,72,12,7,0,9,31.1,57.0,5.7,952.2,0.0,137.625,-0.20833333333333334,130.0,138.0,127.0,33.4,44.9,41.3,152.0
2026-09-07 13:00:00,2026-09-08 13:00:00,24,13,7,0,9,31.6,55.0,5.8,951.5,0.0,137.625,-0.125,128.0,139.0,127.0,33.8,46.8,40.4,154.0
2026-09-07 13:00:00,2026-09-09 13:00:00,48,13,7,0,9,31.6,55.0,5.8,951.5,0.0,137.625,-0.125,128.0,139.0,127.0,33.8,46.8,40.4,145.0
2026-09-07 13:00:00,2026-09-10 13:00:00,72,13,7,0,9,31.6,55.0,5.8,951.5,0.0,137.625,-0.125,128.0,139.0,127.0,33.8,46.8,40.4,152.0
2026-09-07 14:00:00,2026-09-08 14:00:00,24,14,7,0,9,31.8,55.0,6.0,950.6,0.0,137.65277777777777,0.041666666666666664,127.0,139.0,128.0,33.4,48.1,38.6,154.0
2026-09-07 14:00:00,2026-09-09 14:00:00,48,14,7,0,9,31.8,55.0,6.0,950.6,0.0,137.65277777777777,0.041666666666666664,127.0,139.0,128.0,33.4,48.1,38.6,146.0
2026-09-07 14:00:00,2026-09-10 14:00:00,72,14,7,0,9,31.8,55.0,6.0,950.6,0.0,137.65277777777777,0.041666666666666664,127.0,139.0,128.0,33.4,48.1,38.6,152.0
2026-09-07 15:00:00,2026-09-08 15:00:00,24,15,7,0,9,31.8,55.0,5.2,950.0,0.0,137.68055555555554,0.125,126.0,140.0,132.0,32.9,48.7,37.1,153.0
2026-09-07 15:00:00,2026-09-09 15:00:00,48,15,7,0,9,31.8,55.0,5.2,950.0,0.0,137.68055555555554,0.125,126.0,140.0,132.0,32.9,48.7,37.1,147.0
2026-09-07 15:00:00,2026-09-10 15:00:00,72,15,7,0,9,31.8,55.0,5.2,950.0,0.0,137.68055555555554,0.125,126.0,140.0,132.0,32.9,48.7,37.1,152.0
2026-09-07 16:00:00,2026-09-08 16:00:00,24,16,7,0,9,31.7,55.0,4.1,949.6,0.0,137.66666666666666,0.20833333333333334,145.0,151.0,160.0,33.1,49.1,36.6,153.0
2026-09-07 16:00:00,2026-09-09 16:00:00,48,16,7,0,9,31.7,55.0,4.1,949.6,0.0,137.66666666666666,0.20833333333333334,145.0,151.0,160.0,33.1,49.1,36.6,159.0
2026-09-07 16:00:00,2026-09-10 16:00:00,72,16,7,0,9,31.7,55.0,4.1,949.6,0.0,137.66666666666666,0.20833333333333334,145.0,151.0,160.0,33.1,49.1,36.6,156.0
2026-09-07 17:00:00,2026-09-08 17:00:00,24,17,7,0,9,31.1,58.0,3.1,949.4,0.0,137.58333333333334,0.375,162.0,169.0,179.0,35.5,37.6,35.0,153.0
2026-09-07 17:00:00,2026-09-09 17:00:00,48,17,7,0,9,31.1,58.0,3.1,949.4,0.0,137.58333333333334,0.375,162.0,169.0,179.0,35.5,37.6,35.0,177.0
2026-09-07 17:00:00,2026-09-10 17:00:00,72,17,7,0,9,31.1,58.0,3.1,949.4,0.0,137.58333333333334,0.375,162.0,169.0,179.0,35.5,37.6,35.0,175.0
2026-09-07 18:00:00,2026-09-08 18:00:00,24,18,7,0,9,29.8,71.0,2.1,949.2,0.0,137.59722222222223,0.75,170.0,177.0,183.0,41.0,44.4,41.2,153.0
2026-09-07 18:00:00,2026-09-09 18:00:00,48,18,7,0,9,29.8,71.0,2.1,949.2,0.0,137.59722222222223,0.75,170.0,177.0,183.0,41.0,44.4,41.2,185.0
2026-09-07 18:00:00,2026-09-10 18:00:00,72,18,7,0,9,29.8,71.0,2.1,949.2,0.0,137.59722222222223,0.75,170.0,177.0,183.0,41.0,44.4,41.2,184.0
2026-09-07 19:00:00,2026-09-08 19:00:00,24,19,7,0,9,28.0,78.0,2.2,949.2,0.0,137.77777777777777,1.0833333333333333,165.0,169.0,174.0,48.9,56.1,53.0,153.0
2026-09-07 19:00:00,2026-09-09 19:00:00,48,19,7,0,9,28.0,78.0,2.2,949.2,0.0,137.77777777777777,1.0833333333333333,165.0,169.0,174.0,48.9,56.1,53.0,178.0
2026-09-07 19:00:00,2026-09-10 19:00:00,72,19,7,0,9,28.0,78.0,2.2,949.2,0.0,137.77777777777777,1.0833333333333333,165.0,169.0,174.0,48.9,56.1,53.0,179.0
2026-09-07 20:00:00,2026-09-08 20:00:00,24,20,7,0,9,27.0,81.0,1.3,949.7,0.0,138.02777777777777,1.125,147.0,145.0,151.0,56.0,68.0,65.9,153.0
2026-09-07 20:00:00,2026-09-09 20:00:00,48,20,7,0,9,27.0,81.0,1.3,949.7,0.0,138.02777777777777,1.125,147.0,145.0,151.0,56.0,68.0,65.9,158.0
2026-09-07 20:00:00,2026-09-10 20:00:00,72,20,7,0,9,27.0,81.0,1.3,949.7,0.0,138.02777777777777,1.125,147.0,145.0,151.0,56.0,68.0,65.9,161.0
2026-09-07 21:00:00,2026-09-08 21:00:00,24,21,7,0,9,26.4,84.0,0.6,950.3,0.0,138.29166666666666,0.9583333333333334,120.0,144.0,124.0,60.8,75.2,76.4,152.0
2026-09-07 21:00:00,2026-09-09 21:00:00,48,21,7,0,9,26.4,84.0,0.6,950.3,0.0,138.29166666666666,0.9583333333333334,120.0,144.0,124.0,60.8,75.2,76.4,146.0
2026-09-07 21:00:00,2026-09-10 21:00:00,72,21,7,0,9,26.4,84.0,0.6,950.3,0.0,138.29166666666666,0.9583333333333334,120.0,144.0,124.0,60.8,75.2,76.4,152.0
2026-09-07 22:00:00,2026-09-08 22:00:00,24,22,7,0,9,25.8,85.0,2.8,950.7,0.0,138.56944444444446,1.0,118.0,144.0,125.0,65.0,82.4,85.9,152.0
2026-09-07 22:00:00,2026-09-09 22:00:00,48,22,7,0,9,25.8,85.0,2.8,950.7,0.0,138.56944444444446,1.0,118.0,144.0,125.0,65.0,82.4,85.9,145.0
2026-09-07 22:00:00,2026-09-10 22:00:00,72,22,7,0,9,25.8,85.0,2.8,950.7,0.0,138.56944444444446,1.0,118.0,144.0,125.0,65.0,82.4,85.9,153.0
2026-09-07 23:00:00,2026-09-08 23:00:00,24,23,7,0,9,25.5,85.0,3.2,950.9,0.0,138.88888888888889,1.25,116.0,144.0,127.0,70.5,82.7,89.6,151.0
2026-09-07 23:00:00,2026-09-09 23:00:00,48,23,7,0,9,25.5,85.0,3.2,950.9,0.0,138.88888888888889,1.25,116.0,144.0,127.0,70.5,82.7,89.6,144.0
2026-09-07 23:00:00,2026-09-10 23:00:00,72,23,7,0,9,25.5,85.0,3.2,950.9,0.0,138.88888888888889,1.25,116.0,144.0,127.0,70.5,82.7,89.6,153.0
2026-09-08 00:00:00,2026-09-09 00:00:00,24,0,8,1,9,25.0,85.0,3.4,950.9,0.0,139.22222222222223,1.4583333333333333,115.0,143.0,129.0,71.0,75.7,84.8,150.0
2026-09-08 00:00:00,2026-09-10 00:00:00,48,0,8,1,9,25.0,85.0,3.4,950.9,0.0,139.22222222222223,1.4583333333333333,115.0,143.0,129.0,71.0,75.7,84.8,143.0
2026-09-08 00:00:00,2026-09-11 00:00:00,72,0,8,1,9,25.0,85.0,3.4,950.9,0.0,139.22222222222223,1.4583333333333333,115.0,143.0,129.0,71.0,75.7,84.8,153.0
2026-09-08 01:00:00,2026-09-09 01:00:00,24,1,8,1,9,24.3,87.0,4.7,950.8,0.0,139.54166666666666,1.5416666666666667,115.0,142.0,132.0,64.7,61.2,70.5,149.0
2026-09-08 01:00:00,2026-09-10 01:00:00,48,1,8,1,9,24.3,87.0,4.7,950.8,0.0,139.54166666666666,1.5416666666666667,115.0,142.0,132.0,64.7,61.2,70.5,143.0
2026-09-08 01:00:00,2026-09-11 01:00:00,72,1,8,1,9,24.3,87.0,4.7,950.8,0.0,139.54166666666666,1.5416666666666667,115.0,142.0,132.0,64.7,61.2,70.5,152.0
2026-09-08 02:00:00,2026-09-09 02:00:00,24,2,8,1,9,23.6,89.0,5.4,950.5,0.0,139.81944444444446,1.5416666666666667,115.0,141.0,134.0,56.6,47.8,60.3,147.0
2026-09-08 02:00:00,2026-09-10 02:00:00,48,2,8,1,9,23.6,89.0,5.4,950.5,0.0,139.81944444444446,1.5416666666666667,115.0,141.0,134.0,56.6,47.8,60.3,145.0
2026-09-08 02:00:00,2026-09-11 02:00:00,72,2,8,1,9,23.6,89.0,5.4,950.5,0.0,139.81944444444446,1.5416666666666667,115.0,141.0,134.0,56.6,47.8,60.3,152.0
2026-09-08 03:00:00,2026-09-09 03:00:00,24,3,8,1,9,23.2,89.0,4.7,950.3,0.0,140.08333333333334,1.5833333333333333,116.0,140.0,136.0,49.2,40.2,53.1,145.0
2026-09-08 03:00:00,2026-09-10 03:00:00,48,3,8,1,9,23.2,89.0,4.7,950.3,0.0,140.08333333333334,1.5833333333333333,116.0,140.0,136.0,49.2,40.2,53.1,147.0
2026-09-08 03:00:00,2026-09-11 03:00:00,72,3,8,1,9,23.2,89.0,4.7,950.3,0.0,140.08333333333334,1.5833333333333333,116.0,140.0,136.0,49.2,40.2,53.1,152.0
2026-09-08 04:00:00,2026-09-09 04:00:00,24,4,8,1,9,23.1,89.0,4.6,950.2,0.0,140.31944444444446,1.5416666666666667,117.0,138.0,139.0,43.3,38.1,45.6,143.0
2026-09-08 04:00:00,2026-09-10 04:00:00,48,4,8,1,9,23.1,89.0,4.6,950.2,0.0,140.31944444444446,1.5416666666666667,117.0,138.0,139.0,43.3,38.1,45.6,149.0
2026-09-08 04:00:00,2026-09-11 04:00:00,72,4,8,1,9,23.1,89.0,4.6,950.2,0.0,140.31944444444446,1.5416666666666667,117.0,138.0,139.0,43.3,38.1,45.6,152.0
2026-09-08 05:00:00,2026-09-09 05:00:00,24,5,8,1,9,22.9,89.0,3.8,950.0,0.0,140.52777777777777,1.5416666666666667,117.0,137.0,142.0,38.8,26.0,38.3,142.0
2026-09-08 05:00:00,2026-09-10 05:00:00,48,5,8,1,9,22.9,89.0,3.8,950.0,0.0,140.52777777777777,1.5416666666666667,117.0,137.0,142.0,38.8,26.0,38.3,150.0
2026-09-08 05:00:00,2026-09-11 05:00:00,72,5,8,1,9,22.9,89.0,3.8,950.0,0.0,140.52777777777777,1.5416666666666667,117.0,137.0,142.0,38.8,26.0,38.3,151.0
2026-09-08 06:00:00,2026-09-09 06:00:00,24,6,8,1,9,23.0,88.0,3.3,950.4,0.0,140.69444444444446,1.5416666666666667,119.0,136.0,141.0,36.6,28.3,37.1,142.0
2026-09-08 06:00:00,2026-09-10 06:00:00,48,6,8,1,9,23.0,88.0,3.3,950.4,0.0,140.69444444444446,1.5416666666666667,119.0,136.0,141.0,36.6,28.3,37.1,151.0
2026-09-08 06:00:00,2026-09-11 06:00:00,72,6,8,1,9,23.0,88.0,3.3,950.4,0.0,140.69444444444446,1.5416666666666667,119.0,136.0,141.0,36.6,28.3,37.1,151.0
2026-09-08 07:00:00,2026-09-09 07:00:00,24,7,8,1,9,24.3,82.0,3.6,951.1,0.0,140.875,1.4583333333333333,120.0,135.0,141.0,38.6,26.1,37.5,142.0
2026-09-08 07:00:00,2026-09-10 07:00:00,48,7,8,1,9,24.3,82.0,3.6,951.1,0.0,140.875,1.4583333333333333,120.0,135.0,141.0,38.6,26.1,37.5,151.0
2026-09-08 07:00:00,2026-09-11 07:00:00,72,7,8,1,9,24.3,82.0,3.6,951.1,0.0,140.875,1.4583333333333333,120.0,135.0,141.0,38.6,26.1,37.5,
2026-09-08 08:00:00,2026-09-09 08:00:00,24,8,8,1,9,26.1,78.0,2.2,951.6,0.0,141.05555555555554,1.4166666666666667,121.0,134.0,140.0,42.5,26.0,37.0,142.0
2026-09-08 08:00:00,2026-09-10 08:00:00,48,8,8,1,9,26.1,78.0,2.2,951.6,0.0,141.05555555555554,1.4166666666666667,121.0,134.0,140.0,42.5,26.0,37.0,151.0
2026-09-08 08:00:00,2026-09-11 08:00:00,72,8,8,1,9,26.1,78.0,2.2,951.6,0.0,141.05555555555554,1.4166666666666667,121.0,134.0,140.0,42.5,26.0,37.0,
2026-09-08 09:00:00,2026-09-09 09:00:00,24,9,8,1,9,28.3,69.0,0.7,952.3,0.0,141.25,1.375,123.0,133.0,139.0,40.2,25.0,34.5,142.0
2026-09-08 09:00:00,2026-09-10 09:00:00,48,9,8,1,9,28.3,69.0,0.7,952.3,0.0,141.25,1.375,123.0,133.0,139.0,40.2,25.0,34.5,152.0
2026-09-08 09:00:00,2026-09-11 09:00:00,72,9,8,1,9,28.3,69.0,0.7,952.3,0.0,141.25,1.375,123.0,133.0,139.0,40.2,25.0,34.5,
2026-09-08 10:00:00,2026-09-09 10:00:00,24,10,8,1,9,30.0,64.0,3.6,952.4,0.0,141.45833333333334,1.2916666666666667,124.0,132.0,138.0,42.4,27.5,38.1,143.0
2026-09-08 10:00:00,2026-09-10 10:00:00,48,10,8,1,9,30.0,64.0,3.6,952.4,0.0,141.45833333333334,1.2916666666666667,124.0,132.0,138.0,42.4,27.5,38.1,152.0
2026-09-08 10:00:00,2026-09-11 10:00:00,72,10,8,1,9,30.0,64.0,3.6,952.4,0.0,141.45833333333334,1.2916666666666667,124.0,132.0,138.0,42.4,27.5,38.1,
2026-09-08 11:00:00,2026-09-09 11:00:00,24,11,8,1,9,31.2,59.0,6.7,952.2,0.0,141.68055555555554,1.25,126.0,131.0,138.0,45.1,31.0,42.0,143.0
2026-09-08 11:00:00,2026-09-10 11:00:00,48,11,8,1,9,31.2,59.0,6.7,952.2,0.0,141.68055555555554,1.25,126.0,131.0,138.0,45.1,31.0,42.0,152.0
2026-09-08 11:00:00,2026-09-11 11:00:00,72,11,8,1,9,31.2,59.0,6.7,952.2,0.0,141.68055555555554,1.25,126.0,131.0,138.0,45.1,31.0,42.0,
2026-09-08 12:00:00,2026-09-09 12:00:00,24,12,8,1,9,32.0,54.0,8.5,951.5,0.0,141.90277777777777,1.1666666666666667,127.0,130.0,138.0,46.8,33.4,44.9,144.0
2026-09-08 12:00:00,2026-09-10 12:00:00,48,12,8,1,9,32.0,54.0,8.5,951.5,0.0,141.90277777777777,1.1666666666666667,127.0,130.0,138.0,46.8,33.4,44.9,152.0
2026-09-08 12:00:00,2026-09-11 12:00:00,72,12,8,1,9,32.0,54.0,8.5,951.5,0.0,141.90277777777777,1.1666666666666667,127.0,130.0,138.0,46.8,33.4,44.9,
2026-09-08 13:00:00,2026-09-09 13:00:00,24,13,8,1,9,32.5,52.0,8.1,950.8,0.0,142.125,1.125,129.0,128.0,139.0,47.0,33.8,46.8,145.0
2026-09-08 13:00:00,2026-09-10 13:00:00,48,13,8,1,9,32.5,52.0,8.1,950.8,0.0,142.125,1.125,129.0,128.0,139.0,47.0,33.8,46.8,152.0
2026-09-08 13:00:00,2026-09-11 13:00:00,72,13,8,1,9,32.5,52.0,8.1,950.8,0.0,142.125,1.125,129.0,128.0,139.0,47.0,33.8,46.8,
2026-09-08 14:00:00,2026-09-09 14:00:00,24,14,8,1,9,32.9,50.0,6.9,950.0,0.0,142.33333333333334,1.0416666666666667,130.0,127.0,139.0,46.6,33.4,48.1,146.0
2026-09-08 14:00:00,2026-09-10 14:00:00,48,14,8,1,9,32.9,50.0,6.9,950.0,0.0,142.33333333333334,1.0416666666666667,130.0,127.0,139.0,46.6,33.4,48.1,152.0
2026-09-08 14:00:00,2026-09-11 14:00:00,72,14,8,1,9,32.9,50.0,6.9,950.0,0.0,142.33333333333334,1.0416666666666667,130.0,127.0,139.0,46.6,33.4,48.1,
2026-09-08 15:00:00,2026-09-09 15:00:00,24,15,8,1,9,32.8,51.0,5.6,949.4,0.0,142.54166666666666,1.0,131.0,126.0,140.0,45.5,32.9,48.7,147.0
2026-09-08 15:00:00,2026-09-10 15:00:00,48,15,8,1,9,32.8,51.0,5.6,949.4,0.0,142.54166666666666,1.0,131.0,126.0,140.0,45.5,32.9,48.7,152.0
2026-09-08 15:00:00,2026-09-11 15:00:00,72,15,8,1,9,32.8,51.0,5.6,949.4,0.0,142.54166666666666,1.0,131.0,126.0,140.0,45.5,32.9,48.7,
2026-09-08 16:00:00,2026-09-09 16:00:00,24,16,8,1,9,32.6,52.0,4.7,949.0,0.0,142.72222222222223,0.9166666666666666,154.0,145.0,151.0,45.9,33.1,49.1,159.0
2026-09-08 16:00:00,2026-09-10 16:00:00,48,16,8,1,9,32.6,52.0,4.7,949.0,0.0,142.72222222222223,0.9166666666666666,154.0,145.0,151.0,45.9,33.1,49.1,156.0
2026-09-08 16:00:00,2026-09-11 16:00:00,72,16,8,1,9,32.6,52.0,4.7,949.0,0.0,142.72222222222223,0.9166666666666666,154.0,145.0,151.0,45.9,33.1,49.1,
2026-09-08 17:00:00,2026-09-09 17:00:00,24,17,8,1,9,32.0,55.0,2.4,948.8,0.0,142.75,-0.041666666666666664,180.0,162.0,169.0,47.3,35.5,37.6,177.0
2026-09-08 17:00:00,2026-09-10 17:00:00,48,17,8,1,9,32.0,55.0,2.4,948.8,0.0,142.75,-0.041666666666666664,180.0,162.0,169.0,47.3,35.5,37.6,175.0
2026-09-08 17:00:00,2026-09-11 17:00:00,72,17,8,1,9,32.0,55.0,2.4,948.8,0.0,142.75,-0.041666666666666664,180.0,162.0,169.0,47.3,35.5,37.6,
2026-09-08 18:00:00,2026-09-09 18:00:00,24,18,8,1,9,30.6,69.0,0.8,948.8,0.0,142.52777777777777,-1.125,196.0,170.0,177.0,60.8,41.0,44.4,185.0
2026-09-08 18:00:00,2026-09-10 18:00:00,48,18,8,1,9,30.6,69.0,0.8,948.8,0.0,142.52777777777777,-1.125,196.0,170.0,177.0,60.8,41.0,44.4,184.0
2026-09-08 18:00:00,2026-09-11 18:00:00,72,18,8,1,9,30.6,69.0,0.8,948.8,0.0,142.52777777777777,-1.125,196.0,170.0,177.0,60.8,41.0,44.4,
2026-09-08 19:00:00,2026-09-09 19:00:00,24,19,8,1,9,28.9,73.0,0.5,948.7,0.0,142.19444444444446,-1.7916666666666667,192.0,165.0,169.0,79.6,48.9,56.1,178.0
2026-09-08 19:00:00,2026-09-10 19:00:00,48,19,8,1,9,28.9,73.0,0.5,948.7,0.0,142.19444444444446,-1.7916666666666667,192.0,165.0,169.0,79.6,48.9,56.1,179.0
2026-09-08 19:00:00,2026-09-11 19:00:00,72,19,8,1,9,28.9,73.0,0.5,948.7,0.0,142.19444444444446,-1.7916666666666667,192.0,165.0,169.0,79.6,48.9,56.1,
2026-09-08 20:00:00,2026-09-09 20:00:00,24,20,8,1,9,27.7,78.0,0.6,949.0,0.0,141.97222222222223,-1.625,170.0,147.0,145.0,90.3,56.0,68.0,158.0
2026-09-08 20:00:00,2026-09-10 20:00:00,48,20,8,1,9,27.7,78.0,0.6,949.0,0.0,141.97222222222223,-1.625,170.0,147.0,145.0,90.3,56.0,68.0,161.0
2026-09-08 20:00:00,2026-09-11 20:00:00,72,20,8,1,9,27.7,78.0,0.6,949.0,0.0,141.97222222222223,-1.625,170.0,147.0,145.0,90.3,56.0,68.0,
2026-09-08 21:00:00,2026-09-09 21:00:00,24,21,8,1,9,26.8,82.0,2.3,949.4,0.0,142.08333333333334,-0.7083333333333334,144.0,120.0,144.0,98.5,60.8,75.2,146.0
2026-09-08 21:00:00,2026-09-10 21:00:00,48,21,8,1,9,26.8,82.0,2.3,949.4,0.0,142.08333333333334,-0.7083333333333334,144.0,120.0,144.0,98.5,60.8,75.2,152.0
2026-09-08 21:00:00,2026-09-11 21:00:00,72,21,8,1,9,26.8,82.0,2.3,949.4,0.0,142.08333333333334,-0.7083333333333334,144.0,120.0,144.0,98.5,60.8,75.2,
2026-09-08 22:00:00,2026-09-09 22:00:00,24,22,8,1,9,26.1,85.0,4.5,949.5,0.0,142.19444444444446,0.3333333333333333,148.0,118.0,144.0,104.3,65.0,82.4,145.0
2026-09-08 22:00:00,2026-09-10 22:00:00,48,22,8,1,9,26.1,85.0,4.5,949.5,0.0,142.19444444444446,0.3333333333333333,148.0,118.0,144.0,104.3,65.0,82.4,153.0
2026-09-08 22:00:00,2026-09-11 22:00:00,72,22,8,1,9,26.1,85.0,4.5,949.5,0.0,142.19444444444446,0.3333333333333333,148.0,118.0,144.0,104.3,65.0,82.4,
2026-09-08 23:00:00,2026-09-09 23:00:00,24,23,8,1,9,25.5,85.0,3.7,949.6,0.0,142.30555555555554,0.16666666666666666,151.0,116.0,144.0,106.4,70.5,82.7,144.0
2026-09-08 23:00:00,2026-09-10 23:00:00,48,23,8,1,9,25.5,85.0,3.7,949.6,0.0,142.30555555555554,0.16666666666666666,151.0,116.0,144.0,106.4,70.5,82.7,153.0
2026-09-08 23:00:00,2026-09-11 23:00:00,72,23,8,1,9,25.5,85.0,3.7,949.6,0.0,142.30555555555554,0.16666666666666666,151.0,116.0,144.0,106.4,70.5,82.7,
2026-09-09 00:00:00,2026-09-10 00:00:00,24,0,9,2,9,25.3,85.0,1.3,949.5,0.0,142.40277777777777,0.0,152.0,115.0,143.0,98.7,71.0,75.7,143.0
2026-09-09 00:00:00,2026-09-11 00:00:00,48,0,9,2,9,25.3,85.0,1.3,949.5,0.0,142.40277777777777,0.0,152.0,115.0,143.0,98.7,71.0,75.7,153.0
2026-09-09 00:00:00,2026-09-12 00:00:00,72,0,9,2,9,25.3,85.0,1.3,949.5,0.0,142.40277777777777,0.0,152.0,115.0,143.0,98.7,71.0,75.7,
2026-09-09 01:00:00,2026-09-10 01:00:00,24,1,9,2,9,24.8,87.0,2.6,949.6,0.0,142.5,-0.08333333333333333,152.0,115.0,142.0,83.8,64.7,61.2,143.0
2026-09-09 01:00:00,2026-09-11 01:00:00,48,1,9,2,9,24.8,87.0,2.6,949.6,0.0,142.5,-0.08333333333333333,152.0,115.0,142.0,83.8,64.7,61.2,152.0
2026-09-09 01:00:00,2026-09-12 01:00:00,72,1,9,2,9,24.8,87.0,2.6,949.6,0.0,142.5,-0.08333333333333333,152.0,115.0,142.0,83.8,64.7,61.2,
2026-09-09 02:00:00,2026-09-10 02:00:00,24,2,9,2,9,24.4,86.0,5.1,949.4,0.0,142.59722222222223,-0.125,153.0,115.0,141.0,68.7,56.6,47.8,145.0
2026-09-09 02:00:00,2026-09-11 02:00:00,48,2,9,2,9,24.4,86.0,5.1,949.4,0.0,142.59722222222223,-0.125,153.0,115.0,141.0,68.7,56.6,47.8,152.0
2026-09-09 02:00:00,2026-09-12 02:00:00,72,2,9,2,9,24.4,86.0,5.1,949.4,0.0,142.59722222222223,-0.125,153.0,115.0,141.0,68.7,56.6,47.8,
2026-09-09 03:00:00,2026-09-10 03:00:00,24,3,9,2,9,24.0,86.0,5.9,949.1,0.0,142.68055555555554,-0.25,153.0,116.0,140.0,57.7,49.2,40.2,147.0
2026-09-09 03:00:00,2026-09-11 03:00:00,48,3,9,2,9,24.0,86.0,5.9,949.1,0.0,142.68055555555554,-0.25,153.0,116.0,140.0,57.7,49.2,40.2,152.0
2026-09-09 03:00:00,2026-09-12 03:00:00,72,3,9,2,9,24.0,86.0,5.9,949.1,0.0,142.68055555555554,-0.25,153.0,116.0,140.0,57.7,49.2,40.2,
2026-09-09 04:00:00,2026-09-10 04:00:00,24,4,9,2,9,23.7,87.0,4.3,949.2,0.0,142.75,-0.3333333333333333,154.0,117.0,138.0,49.2,43.3,38.1,149.0
2026-09-09 04:00:00,2026-09-11 04:00:00,48,4,9,2,9,23.7,87.0,4.3,949.2,0.0,142.75,-0.3333333333333333,154.0,117.0,138.0,49.2,43.3,38.1,152.0
2026-09-09 04:00:00,2026-09-12 04:00:00,72,4,9,2,9,23.7,87.0,4.3,949.2,0.0,142.75,-0.3333333333333333,154.0,117.0,138.0,49.2,43.3,38.1,
2026-09-09 05:00:00,2026-09-10 05:00:00,24,5,9,2,9,23.4,88.0,4.8,949.5,0.0,142.81944444444446,-0.4583333333333333,154.0,117.0,137.0,42.6,38.8,26.0,150.0
2026-09-09 05:00:00,2026-09-11 05:00:00,48,5,9,2,9,23.4,88.0,4.8,949.5,0.0,142.81944444444446,-0.4583333333333333,154.0,117.0,137.0,42.6,38.8,26.0,151.0
2026-09-09 05:00:00,2026-09-12 05:00:00,72,5,9,2,9,23.4,88.0,4.8,949.5,0.0,142.81944444444446,-0.4583333333333333,154.0,117.0,137.0,42.6,38.8,26.0,
2026-09-09 06:00:00,2026-09-10 06:00:00,24,6,9,2,9,23.2,87.0,5.1,949.8,0.0,142.88888888888889,-0.5,154.0,119.0,136.0,38.5,36.6,28.3,151.0
2026-09-09 06:00:00,2026-09-11 06:00:00,48,6,9,2,9,23.2,87.0,5.1,949.8,0.0,142.88888888888889,-0.5,154.0,119.0,136.0,38.5,36.6,28.3,151.0
2026-09-09 06:00:00,2026-09-12 06:00:00,72,6,9,2,9,23.2,87.0,5.1,949.8,0.0,142.88888888888889,-0.5,154.0,119.0,136.0,38.5,36.6,28.3,
2026-09-09 07:00:00,2026-09-10 07:00:00,24,7,9,2,9,24.2,83.0,4.6,950.8,0.0,142.97222222222223,-0.5,154.0,120.0,135.0,39.5,38.6,26.1,151.0
2026-09-09 07:00:00,2026-09-11 07:00:00,48,7,9,2,9,24.2,83.0,4.6,950.8,0.0,142.97222222222223,-0.5,154.0,120.0,135.0,39.5,38.6,26.1,
2026-09-09 07:00:00,2026-09-12 07:00:00,72,7,9,2,9,24.2,83.0,4.6,950.8,0.0,142.97222222222223,-0.5,154.0,120.0,135.0,39.5,38.6,26.1,
2026-09-09 08:00:00,2026-09-10 08:00:00,24,8,9,2,9,26.1,77.0,3.1,951.8,0.0,143.06944444444446,-0.5,154.0,121.0,134.0,42.1,42.5,26.0,151.0
2026-09-09 08:00:00,2026-09-11 08:00:00,48,8,9,2,9,26.1,77.0,3.1,951.8,0.0,143.06944444444446,-0.5,154.0,121.0,134.0,42.1,42.5,26.0,
2026-09-09 08:00:00,2026-09-12 08:00:00,72,8,9,2,9,26.1,77.0,3.1,951.8,0.0,143.06944444444446,-0.5,154.0,121.0,134.0,42.1,42.5,26.0,
2026-09-09 09:00:00,2026-09-10 09:00:00,24,9,9,2,9,28.4,66.0,5.3,952.5,0.0,143.18055555555554,-0.5,154.0,123.0,133.0,41.2,40.2,25.0,152.0
2026-09-09 09:00:00,2026-09-11 09:00:00,48,9,9,2,9,28.4,66.0,5.3,952.5,0.0,143.18055555555554,-0.5,154.0,123.0,133.0,41.2,40.2,25.0,
2026-09-09 09:00:00,2026-09-12 09:00:00,72,9,9,2,9,28.4,66.0,5.3,952.5,0.0,143.18055555555554,-0.5,154.0,123.0,133.0,41.2,40.2,25.0,
2026-09-09 10:00:00,2026-09-10 10:00:00,24,10,9,2,9,30.1,64.0,5.4,952.9,0.0,143.30555555555554,-0.5,154.0,124.0,132.0,42.6,42.4,27.5,152.0
2026-09-09 10:00:00,2026-09-11 10:00:00,48,10,9,2,9,30.1,64.0,5.4,952.9,0.0,143.30555555555554,-0.5,154.0,124.0,132.0,42.6,42.4,27.5,
2026-09-09 10:00:00,2026-09-12 10:00:00,72,10,9,2,9,30.1,64.0,5.4,952.9,0.0,143.30555555555554,-0.5,154.0,124.0,132.0,42.6,42.4,27.5,
2026-09-09 11:00:00,2026-09-10 11:00:00,24,11,9,2,9,31.5,60.0,4.3,952.8,0.0,143.45833333333334,-0.4583333333333333,154.0,126.0,131.0,42.4,45.1,31.0,152.0
2026-09-09 11:00:00,2026-09-11 11:00:00,48,11,9,2,9,31.5,60.0,4.3,952.8,0.0,143.45833333333334,-0.4583333333333333,154.0,126.0,131.0,42.4,45.1,31.0,
2026-09-09 11:00:00,2026-09-12 11:00:00,72,11,9,2,9,31.5,60.0,4.3,952.8,0.0,143.45833333333334,-0.4583333333333333,154.0,126.0,131.0,42.4,45.1,31.0,
2026-09-09 12:00:00,2026-09-10 12:00:00,24,12,9,2,9,32.4,55.0,3.3,952.3,0.0,143.625,-0.4583333333333333,154.0,127.0,130.0,41.3,46.8,33.4,152.0
2026-09-09 12:00:00,2026-09-11 12:00:00,48,12,9,2,9,32.4,55.0,3.3,952.3,0.0,143.625,-0.4583333333333333,154.0,127.0,130.0,41.3,46.8,33.4,
2026-09-09 12:00:00,2026-09-12 12:00:00,72,12,9,2,9,32.4,55.0,3.3,952.3,0.0,143.625,-0.4583333333333333,154.0,127.0,130.0,41.3,46.8,33.4,
2026-09-09 13:00:00,2026-09-10 13:00:00,24,13,9,2,9,33.0,52.0,3.5,951.4,0.0,143.81944444444446,-0.4166666666666667,154.0,129.0,128.0,40.9,47.0,33.8,152.0
2026-09-09 13:00:00,2026-09-11 13:00:00,48,13,9,2,9,33.0,52.0,3.5,951.4,0.0,143.81944444444446,-0.4166666666666667,154.0,129.0,128.0,40.9,47.0,33.8,
2026-09-09 13:00:00,2026-09-12 13:00:00,72,13,9,2,9,33.0,52.0,3.5,951.4,0.0,143.81944444444446,-0.4166666666666667,154.0,129.0,128.0,40.9,47.0,33.8,
2026-09-09 14:00:00,2026-09-10 14:00:00,24,14,9,2,9,33.3,51.0,4.9,950.7,0.0,144.05555555555554,-0.375,154.0,130.0,127.0,40.0,46.6,33.4,152.0
2026-09-09 14:00:00,2026-09-11 14:00:00,48,14,9,2,9,33.3,51.0,4.9,950.7,0.0,144.05555555555554,-0.375,154.0,130.0,127.0,40.0,46.6,33.4,
2026-09-09 14:00:00,2026-09-12 14:00:00,72,14,9,2,9,33.3,51.0,4.9,950.7,0.0,144.05555555555554,-0.375,154.0,130.0,127.0,40.0,46.6,33.4,
2026-09-09 15:00:00,2026-09-10 15:00:00,24,15,9,2,9,33.1,51.0,4.9,950.1,0.3,144.31944444444446,-0.3333333333333333,153.0,131.0,126.0,39.8,45.5,32.9,152.0
2026-09-09 15:00:00,2026-09-11 15:00:00,48,15,9,2,9,33.1,51.0,4.9,950.1,0.3,144.31944444444446,-0.3333333333333333,153.0,131.0,126.0,39.8,45.5,32.9,
2026-09-09 15:00:00,2026-09-12 15:00:00,72,15,9,2,9,33.1,51.0,4.9,950.1,0.3,144.31944444444446,-0.3333333333333333,153.0,131.0,126.0,39.8,45.5,32.9,
2026-09-09 16:00:00,2026-09-10 16:00:00,24,16,9,2,9,33.0,51.0,3.8,949.7,0.0,144.61111111111111,-0.25,153.0,154.0,145.0,40.0,45.9,33.1,156.0
2026-09-09 16:00:00,2026-09-11 16:00:00,48,16,9,2,9,33.0,51.0,3.8,949.7,0.0,144.61111111111111,-0.25,153.0,154.0,145.0,40.0,45.9,33.1,
2026-09-09 16:00:00,2026-09-12 16:00:00,72,16,9,2,9,33.0,51.0,3.8,949.7,0.0,144.61111111111111,-0.25,153.0,154.0,145.0,40.0,45.9,33.1,
2026-09-09 17:00:00,2026-09-10 17:00:00,24,17,9,2,9,32.3,54.0,3.6,949.5,0.0,144.80555555555554,0.25,153.0,180.0,162.0,44.4,47.3,35.5,175.0
2026-09-09 17:00:00,2026-09-11 17:00:00,48,17,9,2,9,32.3,54.0,3.6,949.5,0.0,144.80555555555554,0.25,153.0,180.0,162.0,44.4,47.3,35.5,
2026-09-09 17:00:00,2026-09-12 17:00:00,72,17,9,2,9,32.3,54.0,3.6,949.5,0.0,144.80555555555554,0.25,153.0,180.0,162.0,44.4,47.3,35.5,
2026-09-09 18:00:00,2026-09-10 18:00:00,24,18,9,2,9,30.5,67.0,6.0,949.3,0.0,145.01388888888889,1.0,153.0,196.0,170.0,55.6,60.8,41.0,184.0
2026-09-09 18:00:00,2026-09-11 18:00:00,48,18,9,2,9,30.5,67.0,6.0,949.3,0.0,145.01388888888889,1.0,153.0,196.0,170.0,55.6,60.8,41.0,
2026-09-09 18:00:00,2026-09-12 18:00:00,72,18,9,2,9,30.5,67.0,6.0,949.3,0.0,145.01388888888889,1.0,153.0,196.0,170.0,55.6,60.8,41.0,
2026-09-09 19:00:00,2026-09-10 19:00:00,24,19,9,2,9,28.8,74.0,7.1,949.2,0.0,145.22222222222223,1.3333333333333333,153.0,192.0,165.0,69.8,79.6,48.9,179.0
2026-09-09 19:00:00,2026-09-11 19:00:00,48,19,9,2,9,28.8,74.0,7.1,949.2,0.0,145.22222222222223,1.3333333333333333,153.0,192.0,165.0,69.8,79.6,48.9,
2026-09-09 19:00:00,2026-09-12 19:00:00,72,19,9,2,9,28.8,74.0,7.1,949.2,0.0,145.22222222222223,1.3333333333333333,153.0,192.0,165.0,69.8,79.6,48.9,
2026-09-09 20:00:00,2026-09-10 20:00:00,24,20,9,2,9,27.7,81.0,3.7,949.6,0.0,145.40277777777777,1.0416666666666667,153.0,170.0,147.0,78.0,90.3,56.0,161.0
2026-09-09 20:00:00,2026-09-11 20:00:00,48,20,9,2,9,27.7,81.0,3.7,949.6,0.0,145.40277777777777,1.0416666666666667,153.0,170.0,147.0,78.0,90.3,56.0,
2026-09-09 20:00:00,2026-09-12 20:00:00,72,20,9,2,9,27.7,81.0,3.7,949.6,0.0,145.40277777777777,1.0416666666666667,153.0,170.0,147.0,78.0,90.3,56.0,
2026-09-09 21:00:00,2026-09-10 21:00:00,24,21,9,2,9,26.9,84.0,3.6,950.0,0.0,145.55555555555554,0.20833333333333334,152.0,144.0,120.0,80.3,98.5,60.8,152.0
2026-09-09 21:00:00,2026-09-11 21:00:00,48,21,9,2,9,26.9,84.0,3.6,950.0,0.0,145.55555555555554,0.20833333333333334,152.0,144.0,120.0,80.3,98.5,60.8,
2026-09-09 21:00:00,2026-09-12 21:00:00,72,21,9,2,9,26.9,84.0,3.6,950.0,0.0,145.55555555555554,0.20833333333333334,152.0,144.0,120.0,80.3,98.5,60.8,
2026-09-09 22:00:00,2026-09-10 22:00:00,24,22,9,2,9,26.4,86.0,3.0,950.2,0.0,145.91666666666666,-0.25,152.0,148.0,118.0,83.8,104.3,65.0,153.0
2026-09-09 22:00:00,2026-09-11 22:00:00,48,22,9,2,9,26.4,86.0,3.0,950.2,0.0,145.91666666666666,-0.25,152.0,148.0,118.0,83.8,104.3,65.0,
2026-09-09 22:00:00,2026-09-12 22:00:00,72,22,9,2,9,26.4,86.0,3.0,950.2,0.0,145.91666666666666,-0.25,152.0,148.0,118.0,83.8,104.3,65.0,
2026-09-09 23:00:00,2026-09-10 23:00:00,24,23,9,2,9,26.0,88.0,1.9,950.2,0.0,146.29166666666666,-0.2916666666666667,151.0,151.0,116.0,83.8,106.4,70.5,153.0
2026-09-09 23:00:00,2026-09-11 23:00:00,48,23,9,2,9,26.0,88.0,1.9,950.2,0.0,146.29166666666666,-0.2916666666666667,151.0,151.0,116.0,83.8,106.4,70.5,
2026-09-09 23:00:00,2026-09-12 23:00:00,72,23,9,2,9,26.0,88.0,1.9,950.2,0.0,146.29166666666666,-0.2916666666666667,151.0,151.0,116.0,83.8,106.4,70.5,
2026-09-10 00:00:00,2026-09-11 00:00:00,24,0,10,3,9,25.4,90.0,4.7,949.9,0.0,146.68055555555554,-0.2916666666666667,150.0,152.0,115.0,75.4,98.7,71.0,153.0
2026-09-10 00:00:00,2026-09-12 00:00:00,48,0,10,3,9,25.4,90.0,4.7,949.9,0.0,146.68055555555554,-0.2916666666666667,150.0,152.0,115.0,75.4,98.7,71.0,
2026-09-10 00:00:00,2026-09-13 00:00:00,72,0,10,3,9,25.4,90.0,4.7,949.9,0.0,146.68055555555554,-0.2916666666666667,150.0,152.0,115.0,75.4,98.7,71.0,
2026-09-10 01:00:00,2026-09-11 01:00:00,24,1,10,3,9,25.0,89.0,5.4,949.7,0.0,147.06944444444446,-0.2916666666666667,149.0,152.0,115.0,61.5,83.8,64.7,152.0
2026-09-10 01:00:00,2026-09-12 01:00:00,48,1,10,3,9,25.0,89.0,5.4,949.7,0.0,147.06944444444446,-0.2916666666666667,149.0,152.0,115.0,61.5,83.8,64.7,
2026-09-10 01:00:00,2026-09-13 01:00:00,72,1,10,3,9,25.0,89.0,5.4,949.7,0.0,147.06944444444446,-0.2916666666666667,149.0,152.0,115.0,61.5,83.8,64.7,
2026-09-10 02:00:00,2026-09-11 02:00:00,24,2,10,3,9,24.8,88.0,5.4,949.6,0.0,147.45833333333334,-0.25,147.0,153.0,115.0,50.6,68.7,56.6,152.0
2026-09-10 02:00:00,2026-09-12 02:00:00,48,2,10,3,9,24.8,88.0,5.4,949.6,0.0,147.45833333333334,-0.25,147.0,153.0,115.0,50.6,68.7,56.6,
2026-09-10 02:00:00,2026-09-13 02:00:00,72,2,10,3,9,24.8,88.0,5.4,949.6,0.0,147.45833333333334,-0.25,147.0,153.0,115.0,50.6,68.7,56.6,
2026-09-10 03:00:00,2026-09-11 03:00:00,24,3,10,3,9,24.5,86.0,6.2,949.6,0.0,147.875,-0.08333333333333333,145.0,153.0,116.0,44.0,57.7,49.2,152.0
2026-09-10 03:00:00,2026-09-12 03:00:00,48,3,10,3,9,24.5,86.0,6.2,949.6,0.0,147.875,-0.08333333333333333,145.0,153.0,116.0,44.0,57.7,49.2,
2026-09-10 03:00:00,2026-09-13 03:00:00,72,3,10,3,9,24.5,86.0,6.2,949.6,0.0,147.875,-0.08333333333333333,145.0,153.0,116.0,44.0,57.7,49.2,
2026-09-10 04:00:00,2026-09-11 04:00:00,24,4,10,3,9,24.3,86.0,6.0,949.6,0.0,148.30555555555554,0.08333333333333333,143.0,154.0,117.0,39.8,49.2,43.3,152.0
2026-09-10 04:00:00,2026-09-12 04:00:00,48,4,10,3,9,24.3,86.0,6.0,949.6,0.0,148.30555555555554,0.08333333333333333,143.0,154.0,117.0,39.8,49.2,43.3,
2026-09-10 04:00:00,2026-09-13 04:00:00,72,4,10,3,9,24.3,86.0,6.0,949.6,0.0,148.30555555555554,0.08333333333333333,143.0,154.0,117.0,39.8,49.2,43.3,
2026-09-10 05:00:00,2026-09-11 05:00:00,24,5,10,3,9,23.9,88.0,3.9,949.8,0.0,148.75,0.25,142.0,154.0,117.0,37.6,42.6,38.8,151.0
2026-09-10 05:00:00,2026-09-12 05:00:00,48,5,10,3,9,23.9,88.0,3.9,949.8,0.0,148.75,0.25,142.0,154.0,117.0,37.6,42.6,38.8,
2026-09-10 05:00:00,2026-09-13 05:00:00,72,5,10,3,9,23.9,88.0,3.9,949.8,0.0,148.75,0.25,142.0,154.0,117.0,37.6,42.6,38.8,
2026-09-10 06:00:00,2026-09-11 06:00:00,24,6,10,3,9,24.7,85.0,4.5,950.4,0.0,149.20833333333334,0.3333333333333333,142.0,154.0,119.0,37.6,38.5,36.6,151.0
2026-09-10 06:00:00,2026-09-12 06:00:00,48,6,10,3,9,24.7,85.0,4.5,950.4,0.0,149.20833333333334,0.3333333333333333,142.0,154.0,119.0,37.6,38.5,36.6,
2026-09-10 06:00:00,2026-09-13 06:00:00,72,6,10,3,9,24.7,85.0,4.5,950.4,0.0,149.20833333333334,0.3333333333333333,142.0,154.0,119.0,37.6,38.5,36.6,
2026-09-10 07:00:00,2026-09-11 07:00:00,24,7,10,3,9,25.9,81.0,5.9,951.3,0.0,149.65277777777777,0.375,142.0,154.0,120.0,43.0,39.5,38.6,
2026-09-10 07:00:00,2026-09-12 07:00:00,48,7,10,3,9,25.9,81.0,5.9,951.3,0.0,149.65277777777777,0.375,142.0,154.0,120.0,43.0,39.5,38.6,
2026-09-10 07:00:00,2026-09-13 07:00:00,72,7,10,3,9,25.9,81.0,5.9,951.3,0.0,149.65277777777777,0.375,142.0,154.0,120.0,43.0,39.5,38.6,
2026-09-10 08:00:00,2026-09-11 08:00:00,24,8,10,3,9,27.2,76.0,6.0,952.0,0.0,150.08333333333334,0.375,142.0,154.0,121.0,46.3,42.1,42.5,
2026-09-10 08:00:00,2026-09-12 08:00:00,48,8,10,3,9,27.2,76.0,6.0,952.0,0.0,150.08333333333334,0.375,142.0,154.0,121.0,46.3,42.1,42.5,
2026-09-10 08:00:00,2026-09-13 08:00:00,72,8,10,3,9,27.2,76.0,6.0,952.0,0.0,150.08333333333334,0.375,142.0,154.0,121.0,46.3,42.1,42.5,
2026-09-10 09:00:00,2026-09-11 09:00:00,24,9,10,3,9,28.6,72.0,4.6,952.6,0.1,150.5,0.375,142.0,154.0,123.0,44.8,41.2,40.2,
2026-09-10 09:00:00,2026-09-12 09:00:00,48,9,10,3,9,28.6,72.0,4.6,952.6,0.1,150.5,0.375,142.0,154.0,123.0,44.8,41.2,40.2,
2026-09-10 09:00:00,2026-09-13 09:00:00,72,9,10,3,9,28.6,72.0,4.6,952.6,0.1,150.5,0.375,142.0,154.0,123.0,44.8,41.2,40.2,
2026-09-10 10:00:00,2026-09-11 10:00:00,24,10,10,3,9,30.2,66.0,5.1,952.9,0.1,150.90277777777777,0.4166666666666667,143.0,154.0,124.0,47.6,42.6,42.4,
2026-09-10 10:00:00,2026-09-12 10:00:00,48,10,10,3,9,30.2,66.0,5.1,952.9,0.1,150.90277777777777,0.4166666666666667,143.0,154.0,124.0,47.6,42.6,42.4,
2026-09-10 10:00:00,2026-09-13 10:00:00,72,10,10,3,9,30.2,66.0,5.1,952.9,0.1,150.90277777777777,0.4166666666666667,143.0,154.0,124.0,47.6,42.6,42.4,
2026-09-10 11:00:00,2026-09-11 11:00:00,24,11,10,3,9,31.5,62.0,6.9,953.0,0.1,151.29166666666666,0.375,143.0,154.0,126.0,50.1,42.4,45.1,
2026-09-10 11:00:00,2026-09-12 11:00:00,48,11,10,3,9,31.5,62.0,6.9,953.0,0.1,151.29166666666666,0.375,143.0,154.0,126.0,50.1,42.4,45.1,
2026-09-10 11:00:00,2026-09-13 11:00:00,72,11,10,3,9,31.5,62.0,6.9,953.0,0.1,151.29166666666666,0.375,143.0,154.0,126.0,50.1,42.4,45.1,
2026-09-10 12:00:00,2026-09-11 12:00:00,24,12,10,3,9,32.4,59.0,6.8,952.6,0.1,151.65277777777777,0.375,144.0,154.0,127.0,50.8,41.3,46.8,
2026-09-10 12:00:00,2026-09-12 12:00:00,48,12,10,3,9,32.4,59.0,6.8,952.6,0.1,151.65277777777777,0.375,144.0,154.0,127.0,50.8,41.3,46.8,
2026-09-10 12:00:00,2026-09-13 12:00:00,72,12,10,3,9,32.4,59.0,6.8,952.6,0.1,151.65277777777777,0.375,144.0,154.0,127.0,50.8,41.3,46.8,
2026-09-10 13:00:00,2026-09-11 13:00:00,24,13,10,3,9,32.9,57.0,5.6,952.0,0.1,152.0,0.3333333333333333,145.0,154.0,129.0,48.0,40.9,47.0,
2026-09-10 13:00:00,2026-09-12 13:00:00,48,13,10,3,9,32.9,57.0,5.6,952.0,0.1,152.0,0.3333333333333333,145.0,154.0,129.0,48.0,40.9,47.0,
2026-09-10 13:00:00,2026-09-13 13:00:00,72,13,10,3,9,32.9,57.0,5.6,952.0,0.1,152.0,0.3333333333333333,145.0,154.0,129.0,48.0,40.9,47.0,
2026-09-10 14:00:00,2026-09-11 14:00:00,24,14,10,3,9,33.2,56.0,4.6,951.4,0.1,152.31944444444446,0.2916666666666667,146.0,154.0,130.0,47.6,40.0,46.6,
2026-09-10 14:00:00,2026-09-12 14:00:00,48,14,10,3,9,33.2,56.0,4.6,951.4,0.1,152.31944444444446,0.2916666666666667,146.0,154.0,130.0,47.6,40.0,46.6,
2026-09-10 14:00:00,2026-09-13 14:00:00,72,14,10,3,9,33.2,56.0,4.6,951.4,0.1,152.31944444444446,0.2916666666666667,146.0,154.0,130.0,47.6,40.0,46.6,
2026-09-10 15:00:00,2026-09-11 15:00:00,24,15,10,3,9,33.1,56.0,4.8,951.0,0.0,152.625,0.25,147.0,153.0,131.0,47.1,39.8,45.5,
2026-09-10 15:00:00,2026-09-12 15:00:00,48,15,10,3,9,33.1,56.0,4.8,951.0,0.0,152.625,0.25,147.0,153.0,131.0,47.1,39.8,45.5,
2026-09-10 15:00:00,2026-09-13 15:00:00,72,15,10,3,9,33.1,56.0,4.8,951.0,0.0,152.625,0.25,147.0,153.0,131.0,47.1,39.8,45.5,
2026-09-10 16:00:00,2026-09-11 16:00:00,24,16,10,3,9,32.7,56.0,6.1,950.6,0.0,152.91666666666666,0.20833333333333334,159.0,153.0,154.0,47.1,40.0,45.9,
2026-09-10 16:00:00,2026-09-12 16:00:00,48,16,10,3,9,32.7,56.0,6.1,950.6,0.0,152.91666666666666,0.20833333333333334,159.0,153.0,154.0,47.1,40.0,45.9,
2026-09-10 16:00:00,2026-09-13 16:00:00,72,16,10,3,9,32.7,56.0,6.1,950.6,0.0,152.91666666666666,0.20833333333333334,159.0,153.0,154.0,47.1,40.0,45.9,
2026-09-10 17:00:00,2026-09-11 17:00:00,24,17,10,3,9,32.0,59.0,6.8,950.4,0.0,152.94444444444446,-0.125,177.0,153.0,180.0,50.3,44.4,47.3,
2026-09-10 17:00:00,2026-09-12 17:00:00,48,17,10,3,9,32.0,59.0,6.8,950.4,0.0,152.94444444444446,-0.125,177.0,153.0,180.0,50.3,44.4,47.3,
2026-09-10 17:00:00,2026-09-13 17:00:00,72,17,10,3,9,32.0,59.0,6.8,950.4,0.0,152.94444444444446,-0.125,177.0,153.0,180.0,50.3,44.4,47.3,
2026-09-10 18:00:00,2026-09-11 18:00:00,24,18,10,3,9,30.9,64.0,6.0,950.3,0.0,152.875,-0.08333333333333333,185.0,153.0,196.0,55.6,55.6,60.8,
2026-09-10 18:00:00,2026-09-12 18:00:00,48,18,10,3,9,30.9,64.0,6.0,950.3,0.0,152.875,-0.08333333333333333,185.0,153.0,196.0,55.6,55.6,60.8,
2026-09-10 18:00:00,2026-09-13 18:00:00,72,18,10,3,9,30.9,64.0,6.0,950.3,0.0,152.875,-0.08333333333333333,185.0,153.0,196.0,55.6,55.6,60.8,
2026-09-10 19:00:00,2026-09-11 19:00:00,24,19,10,3,9,29.4,72.0,4.4,950.3,0.0,152.70833333333334,-0.041666666666666664,178.0,153.0,192.0,59.6,69.8,79.6,
2026-09-10 19:00:00,2026-09-12 19:00:00,48,19,10,3,9,29.4,72.0,4.4,950.3,0.0,152.70833333333334,-0.041666666666666664,178.0,153.0,192.0,59.6,69.8,79.6,
2026-09-10 19:00:00,2026-09-13 19:00:00,72,19,10,3,9,29.4,72.0,4.4,950.3,0.0,152.70833333333334,-0.041666666666666664,178.0,153.0,192.0,59.6,69.8,79.6,
2026-09-10 20:00:00,2026-09-11 20:00:00,24,20,10,3,9,28.2,79.0,3.2,950.4,0.0,152.52777777777777,0.041666666666666664,158.0,153.0,170.0,62.9,78.0,90.3,
2026-09-10 20:00:00,2026-09-12 20:00:00,48,20,10,3,9,28.2,79.0,3.2,950.4,0.0,152.52777777777777,0.041666666666666664,158.0,153.0,170.0,62.9,78.0,90.3,
2026-09-10 20:00:00,2026-09-13 20:00:00,72,20,10,3,9,28.2,79.0,3.2,950.4,0.0,152.52777777777777,0.041666666666666664,158.0,153.0,170.0,62.9,78.0,90.3,
2026-09-10 21:00:00,2026-09-11 21:00:00,24,21,10,3,9,27.4,84.0,2.8,950.7,0.0,152.40277777777777,0.125,146.0,152.0,144.0,67.5,80.3,98.5,
2026-09-10 21:00:00,2026-09-12 21:00:00,48,21,10,3,9,27.4,84.0,2.8,950.7,0.0,152.40277777777777,0.125,146.0,152.0,144.0,67.5,80.3,98.5,
2026-09-10 21:00:00,2026-09-13 21:00:00,72,21,10,3,9,27.4,84.0,2.8,950.7,0.0,152.40277777777777,0.125,146.0,152.0,144.0,67.5,80.3,98.5,
2026-09-10 22:00:00,2026-09-11 22:00:00,24,22,10,3,9,26.9,87.0,2.9,950.9,0.0,152.51388888888889,0.25,145.0,152.0,148.0,72.9,83.8,104.3,
2026-09-10 22:00:00,2026-09-12 22:00:00,48,22,10,3,9,26.9,87.0,2.9,950.9,0.0,152.51388888888889,0.25,145.0,152.0,148.0,72.9,83.8,104.3,
2026-09-10 22:00:00,2026-09-13 22:00:00,72,22,10,3,9,26.9,87.0,2.9,950.9,0.0,152.51388888888889,0.25,145.0,152.0,148.0,72.9,83.8,104.3,
2026-09-10 23:00:00,2026-09-11 23:00:00,24,23,10,3,9,26.4,89.0,3.1,951.2,0.0,152.58333333333334,0.3333333333333333,144.0,151.0,151.0,77.3,83.8,106.4,
2026-09-10 23:00:00,2026-09-12 23:00:00,48,23,10,3,9,26.4,89.0,3.1,951.2,0.0,152.58333333333334,0.3333333333333333,144.0,151.0,151.0,77.3,83.8,106.4,
2026-09-10 23:00:00,2026-09-13 23:00:00,72,23,10,3,9,26.4,89.0,3.1,951.2,0.0,152.58333333333334,0.3333333333333333,144.0,151.0,151.0,77.3,83.8,106.4,
2026-09-11 00:00:00,2026-09-12 00:00:00,24,0,11,4,9,25.9,91.0,3.7,951.3,0.0,152.61111111111111,0.375,143.0,150.0,152.0,78.0,75.4,98.7,
2026-09-11 00:00:00,2026-09-13 00:00:00,48,0,11,4,9,25.9,91.0,3.7,951.3,0.0,152.61111111111111,0.375,143.0,150.0,152.0,78.0,75.4,98.7,
2026-09-11 00:00:00,2026-09-14 00:00:00,72,0,11,4,9,25.9,91.0,3.7,951.3,0.0,152.61111111111111,0.375,143.0,150.0,152.0,78.0,75.4,98.7,
2026-09-11 01:00:00,2026-09-12 01:00:00,24,1,11,4,9,25.4,92.0,4.5,951.3,0.0,152.625,0.4166666666666667,143.0,149.0,152.0,75.0,61.5,83.8,
2026-09-11 01:00:00,2026-09-13 01:00:00,48,1,11,4,9,25.4,92.0,4.5,951.3,0.0,152.625,0.4166666666666667,143.0,149.0,152.0,75.0,61.5,83.8,
2026-09-11 01:00:00,2026-09-14 01:00:00,72,1,11,4,9,25.4,92.0,4.5,951.3,0.0,152.625,0.4166666666666667,143.0,149.0,152.0,75.0,61.5,83.8,
2026-09-11 02:00:00,2026-09-12 02:00:00,24,2,11,4,9,25.1,93.0,5.1,951.5,0.0,152.625,0.375,145.0,147.0,153.0,69.8,50.6,68.7,
2026-09-11 02:00:00,2026-09-13 02:00:00,48,2,11,4,9,25.1,93.0,5.1,951.5,0.0,152.625,0.375,145.0,147.0,153.0,69.8,50.6,68.7,
2026-09-11 02:00:00,2026-09-14 02:00:00,72,2,11,4,9,25.1,93.0,5.1,951.5,0.0,152.625,0.375,145.0,147.0,153.0,69.8,50.6,68.7,
2026-09-11 03:00:00,2026-09-12 03:00:00,24,3,11,4,9,24.7,92.0,5.5,951.7,0.0,152.61111111111111,0.2916666666666667,147.0,145.0,153.0,64.3,44.0,57.7,
2026-09-11 03:00:00,2026-09-13 03:00:00,48,3,11,4,9,24.7,92.0,5.5,951.7,0.0,152.61111111111111,0.2916666666666667,147.0,145.0,153.0,64.3,44.0,57.7,
2026-09-11 03:00:00,2026-09-14 03:00:00,72,3,11,4,9,24.7,92.0,5.5,951.7,0.0,152.61111111111111,0.2916666666666667,147.0,145.0,153.0,64.3,44.0,57.7,
2026-09-11 04:00:00,2026-09-12 04:00:00,24,4,11,4,9,24.4,91.0,5.7,952.0,0.0,152.59722222222223,0.20833333333333334,149.0,143.0,154.0,58.6,39.8,49.2,
2026-09-11 04:00:00,2026-09-13 04:00:00,48,4,11,4,9,24.4,91.0,5.7,952.0,0.0,152.59722222222223,0.20833333333333334,149.0,143.0,154.0,58.6,39.8,49.2,
2026-09-11 04:00:00,2026-09-14 04:00:00,72,4,11,4,9,24.4,91.0,5.7,952.0,0.0,152.59722222222223,0.20833333333333334,149.0,143.0,154.0,58.6,39.8,49.2,
2026-09-11 05:00:00,2026-09-12 05:00:00,24,5,11,4,9,24.5,88.0,5.8,952.4,0.0,152.56944444444446,0.125,150.0,142.0,154.0,54.2,37.6,42.6,
2026-09-11 05:00:00,2026-09-13 05:00:00,48,5,11,4,9,24.5,88.0,5.8,952.4,0.0,152.56944444444446,0.125,150.0,142.0,154.0,54.2,37.6,42.6,
2026-09-11 05:00:00,2026-09-14 05:00:00,72,5,11,4,9,24.5,88.0,5.8,952.4,0.0,152.56944444444446,0.125,150.0,142.0,154.0,54.2,37.6,42.6,
2026-09-11 06:00:00,2026-09-12 06:00:00,24,6,11,4,9,25.2,85.0,5.7,953.1,0.0,152.52777777777777,0.041666666666666664,151.0,142.0,154.0,52.2,37.6,38.5,
2026-09-11 06:00:00,2026-09-13 06:00:00,48,6,11,4,9,25.2,85.0,5.7,953.1,0.0,152.52777777777777,0.041666666666666664,151.0,142.0,154.0,52.2,37.6,38.5,
2026-09-11 06:00:00,2026-09-14 06:00:00,72,6,11,4,9,25.2,85.0,5.7,953.1,0.0,152.52777777777777,0.041666666666666664,151.0,142.0,154.0,52.2,37.6,38.5,
2026-09-11 07:00:00,2026-09-12 07:00:00,24,7,11,4,9,26.3,81.0,5.6,954.0,0.0,152.48611111111111,0.0,151.0,142.0,154.0,51.8,43.0,39.5,
2026-09-11 07:00:00,2026-09-13 07:00:00,48,7,11,4,9,26.3,81.0,5.6,954.0,0.0,152.48611111111111,0.0,151.0,142.0,154.0,51.8,43.0,39.5,
2026-09-11 07:00:00,2026-09-14 07:00:00,72,7,11,4,9,26.3,81.0,5.6,954.0,0.0,152.48611111111111,0.0,151.0,142.0,154.0,51.8,43.0,39.5,
