time,pm10,pm2_5,carbon_monoxide,nitrogen_dioxide,sulphur_dioxide,ozone,us_aqi,temperature_2m,relative_humidity_2m,wind_speed_10m,surface_pressure,precipitation
2026-06-06 00:00:00,35.9,29.1,2029.0,35.5,5.5,54.0,99.0,,,,,
2026-06-06 01:00:00,31.3,26.1,1577.0,28.0,4.5,56.0,97.0,,,,,
2026-06-06 02:00:00,28.3,23.7,1192.0,21.9,3.8,58.0,94.0,,,,,
2026-06-06 03:00:00,26.1,22.0,942.0,17.7,3.4,58.0,92.0,,,,,
2026-06-06 04:00:00,24.8,20.9,758.0,14.9,3.3,58.0,90.0,,,,,
2026-06-06 05:00:00,24.3,20.1,653.0,15.2,3.6,57.0,88.0,,,,,
2026-06-06 06:00:00,24.2,19.9,678.0,16.6,4.7,69.0,87.0,,,,,
2026-06-06 07:00:00,27.7,21.7,782.0,18.2,6.1,85.0,85.0,,,,,
2026-06-06 08:00:00,34.1,22.8,820.0,18.0,7.4,104.0,85.0,,,,,
2026-06-06 09:00:00,33.2,20.5,707.0,14.0,8.3,126.0,84.0,,,,,
2026-06-06 10:00:00,26.4,15.8,527.0,8.2,9.0,150.0,84.0,,,,,
2026-06-06 11:00:00,26.0,15.0,390.0,3.9,9.2,167.0,83.0,,,,,
2026-06-06 12:00:00,25.8,14.7,344.0,2.6,8.6,174.0,81.0,,,,,
2026-06-06 13:00:00,25.7,14.5,340.0,2.9,7.5,174.0,80.0,,,,,
2026-06-06 14:00:00,25.7,14.3,346.0,3.5,6.6,172.0,90.0,,,,,
2026-06-06 15:00:00,25.5,13.9,290.0,1.8,6.0,172.0,112.0,,,,,
2026-06-06 16:00:00,25.1,13.6,242.0,0.6,5.7,169.0,130.0,,,,,
2026-06-06 17:00:00,13.1,8.2,384.0,6.7,4.9,156.0,144.0,,,,,
2026-06-06 18:00:00,13.9,8.9,909.0,20.3,5.4,131.0,150.0,,,,,
2026-06-06 19:00:00,17.3,12.9,1623.0,39.5,6.1,95.0,146.0,,,,,
2026-06-06 20:00:00,25.5,20.8,2122.0,56.2,6.6,64.0,131.0,,,,,
2026-06-06 21:00:00,29.7,24.9,2224.0,68.9,6.9,41.0,108.0,,,,,
2026-06-06 22:00:00,31.3,26.6,2112.0,79.2,7.1,23.0,79.0,,,,,
2026-06-06 23:00:00,34.9,30.6,1930.0,83.8,7.0,12.0,69.0,,,,,
2026-06-07 00:00:00,34.7,31.1,1694.0,79.9,6.4,11.0,69.0,,,,,
2026-06-07 01:00:00,31.5,28.6,1388.0,70.5,5.5,16.0,69.0,,,,,
2026-06-07 02:00:00,27.9,25.4,1113.0,60.8,4.8,22.0,70.0,,,,,
2026-06-07 03:00:00,25.0,22.6,888.0,52.7,4.2,24.0,70.0,,,,,
2026-06-07 04:00:00,22.6,20.4,693.0,44.4,3.8,26.0,70.0,,,,,
2026-06-07 05:00:00,27.6,24.8,571.0,49.4,4.3,26.0,70.0,,,,,
2026-06-07 06:00:00,23.9,21.5,577.0,39.2,6.1,57.0,70.0,,,,,
2026-06-07 07:00:00,22.6,19.9,655.0,25.0,8.7,99.0,70.0,,,,,
2026-06-07 08:00:00,21.0,14.1,680.0,13.6,10.5,135.0,70.0,,,,,
2026-06-07 09:00:00,22.6,13.6,579.0,7.9,11.0,156.0,69.0,,,,,
2026-06-07 10:00:00,23.0,13.4,425.0,5.0,10.7,170.0,69.0,,,,,
2026-06-07 11:00:00,23.1,13.6,310.0,3.2,10.2,179.0,69.0,,,,,
2026-06-07 12:00:00,24.1,14.2,277.0,2.2,9.6,183.0,69.0,,,,,
2026-06-07 13:00:00,25.4,14.8,284.0,2.3,8.7,183.0,80.0,,,,,
2026-06-07 14:00:00,26.1,14.8,297.0,2.6,7.9,181.0,114.0,,,,,
2026-06-07 15:00:00,26.3,14.3,274.0,2.5,7.1,178.0,140.0,,,,,
2026-06-07 16:00:00,25.8,13.6,256.0,2.6,6.4,173.0,155.0,,,,,
2026-06-07 17:00:00,21.1,11.8,336.0,4.4,6.2,165.0,161.0,,,,,
2026-06-07 18:00:00,20.0,11.0,613.0,9.7,6.2,150.0,163.0,,,,,
2026-06-07 19:00:00,19.8,12.6,987.0,17.5,6.3,129.0,159.0,,,,,
2026-06-07 20:00:00,22.8,16.0,1253.0,27.1,6.4,105.0,151.0,,,,,
2026-06-07 21:00:00,26.0,19.7,1321.0,41.2,6.8,76.0,135.0,,,,,
2026-06-07 22:00:00,33.4,27.4,1281.0,57.1,7.3,44.0,113.0,,,,,
2026-06-07 23:00:00,37.0,32.1,1201.0,65.3,7.3,24.0,84.0,,,,,
2026-06-08 00:00:00,31.8,28.6,1081.0,59.8,6.5,25.0,68.0,,,,,
2026-06-08 01:00:00,26.5,24.2,919.0,46.6,5.2,37.0,68.0,,,,,
2026-06-08 02:00:00,21.8,20.1,782.0,35.2,4.2,47.0,68.0,,,,,
2026-06-08 03:00:00,17.9,16.5,682.0,28.8,3.5,47.0,68.0,,,,,
2026-06-08 04:00:00,15.1,14.0,607.0,24.1,2.9,44.0,67.0,,,,,
2026-06-08 05:00:00,14.6,13.7,577.0,20.6,3.4,50.0,67.0,,,,,
2026-06-08 06:00:00,13.9,13.1,638.0,19.6,5.1,69.0,66.0,,,,,
2026-06-08 07:00:00,14.7,13.5,745.0,18.0,7.3,95.0,65.0,,,,,
2026-06-08 08:00:00,12.8,10.2,787.0,15.7,8.8,119.0,65.0,,,,,
2026-06-08 09:00:00,14.3,9.7,698.0,11.9,8.8,139.0,64.0,,,,,
2026-06-08 10:00:00,17.8,9.9,545.0,7.3,8.1,156.0,64.0,,,,,
2026-06-08 11:00:00,19.7,10.1,418.0,4.0,7.3,169.0,64.0,,,,,
2026-06-08 12:00:00,21.2,10.4,352.0,2.8,6.7,175.0,63.0,,,,,
2026-06-08 13:00:00,21.5,10.3,313.0,2.9,6.0,177.0,73.0,,,,,
2026-06-08 14:00:00,21.8,10.4,291.0,3.4,5.5,177.0,100.0,,,,,
2026-06-08 15:00:00,21.4,10.2,236.0,2.7,5.1,179.0,123.0,,,,,
2026-06-08 16:00:00,20.7,10.1,199.0,2.5,4.9,179.0,141.0,,,,,
2026-06-08 17:00:00,14.5,7.6,324.0,6.4,5.2,174.0,153.0,,,,,
2026-06-08 18:00:00,13.6,7.7,776.0,19.8,5.8,148.0,158.0,,,,,
2026-06-08 19:00:00,16.0,11.6,1390.0,38.7,6.7,112.0,157.0,,,,,
2026-06-08 20:00:00,23.4,19.2,1822.0,56.4,7.4,79.0,147.0,,,,,
2026-06-08 21:00:00,30.5,26.3,1918.0,73.2,8.0,50.0,127.0,,,,,
2026-06-08 22:00:00,38.0,33.6,1832.0,88.7,8.5,25.0,100.0,,,,,
2026-06-08 23:00:00,39.0,35.4,1679.0,95.1,8.5,10.0,68.0,,,,,
2026-06-09 00:00:00,33.2,30.4,1457.0,86.1,7.7,13.0,63.0,,,,,
2026-06-09 01:00:00,28.0,25.7,1167.0,68.0,6.4,26.0,63.0,,,,,
2026-06-09 02:00:00,24.0,22.0,932.0,52.0,5.4,38.0,63.0,,,,,
2026-06-09 03:00:00,21.0,19.1,787.0,42.0,4.6,40.0,63.0,,,,,
2026-06-09 04:00:00,18.3,16.6,697.0,34.0,4.1,41.0,63.0,,,,,
2026-06-09 05:00:00,22.6,20.5,673.0,39.4,4.4,33.0,63.0,,,,,
2026-06-09 06:00:00,18.7,16.9,773.0,34.3,7.0,64.0,64.0,,,,,
2026-06-09 07:00:00,16.9,14.8,939.0,27.1,10.6,106.0,64.0,,,,,
2026-06-09 08:00:00,15.5,12.2,1009.0,20.3,12.8,141.0,64.0,,,,,
2026-06-09 09:00:00,15.6,11.3,885.0,14.3,12.5,161.0,65.0,,,,,
2026-06-09 10:00:00,19.0,11.8,665.0,8.7,10.8,172.0,65.0,,,,,
2026-06-09 11:00:00,19.8,11.9,483.0,4.7,9.2,180.0,65.0,,,,,
2026-06-09 12:00:00,19.9,12.0,389.0,3.1,8.0,184.0,65.0,,,,,
2026-06-09 13:00:00,18.7,11.4,333.0,3.1,6.9,183.0,88.0,,,,,
2026-06-09 14:00:00,17.9,11.1,300.0,3.6,6.0,181.0,120.0,,,,,
2026-06-09 15:00:00,17.1,10.7,233.0,2.7,5.5,180.0,145.0,,,,,
2026-06-09 16:00:00,16.2,10.2,189.0,2.2,5.3,179.0,158.0,,,,,
2026-06-09 17:00:00,5.2,4.4,324.0,7.0,5.1,174.0,164.0,,,,,
2026-06-09 18:00:00,5.6,4.6,829.0,20.4,5.9,152.0,166.0,,,,,
2026-06-09 19:00:00,10.2,9.1,1515.0,39.3,7.0,120.0,163.0,,,,,
2026-06-09 20:00:00,18.7,17.2,1965.0,57.0,7.9,89.0,153.0,,,,,
2026-06-09 21:00:00,29.3,27.5,1972.0,74.4,8.4,59.0,134.0,,,,,
2026-06-09 22:00:00,37.7,35.9,1745.0,90.6,8.6,30.0,108.0,,,,,
2026-06-09 23:00:00,34.5,33.2,1493.0,95.4,8.4,16.0,76.0,,,,,
2026-06-10 00:00:00,26.4,25.8,1262.0,80.2,7.6,26.0,65.0,,,,,
2026-06-10 01:00:00,20.0,19.6,1006.0,53.6,6.4,51.0,64.0,,,,,
2026-06-10 02:00:00,15.7,15.4,798.0,32.2,5.4,70.0,64.0,,,,,
2026-06-10 03:00:00,13.0,12.5,652.0,22.0,4.8,74.0,63.0,,,,,
2026-06-10 04:00:00,11.5,11.0,553.0,16.9,4.4,73.0,63.0,,,,,
2026-06-10 05:00:00,8.9,8.7,534.0,16.7,4.5,67.0,62.0,,,,,
2026-06-10 06:00:00,10.5,9.9,671.0,17.8,6.0,87.0,61.0,,,,,
2026-06-10 07:00:00,15.0,13.5,888.0,19.0,8.1,116.0,61.0,,,,,
2026-06-10 08:00:00,23.3,15.8,987.0,18.6,10.2,143.0,61.0,,,,,
2026-06-10 09:00:00,44.4,22.8,845.0,14.8,12.5,167.0,61.0,,,,,
2026-06-10 10:00:00,50.1,25.2,586.0,9.3,14.7,189.0,62.0,,,,,
2026-06-10 11:00:00,44.9,23.3,386.0,5.2,15.5,203.0,63.0,,,,,
2026-06-10 12:00:00,38.3,20.4,319.0,3.7,13.9,204.0,89.0,,,,,
2026-06-10 13:00:00,33.2,18.1,310.0,3.5,10.8,197.0,117.0,,,,,
2026-06-10 14:00:00,29.5,16.4,313.0,3.8,8.4,190.0,144.0,,,,,
2026-06-10 15:00:00,27.1,15.3,266.0,2.9,7.2,186.0,162.0,,,,,
2026-06-10 16:00:00,24.9,14.2,231.0,2.4,6.6,182.0,173.0,,,,,
2026-06-10 17:00:00,16.6,10.4,344.0,6.9,5.9,171.0,180.0,,,,,
2026-06-10 18:00:00,16.6,10.7,763.0,25.0,6.6,142.0,180.0,,,,,
2026-06-10 19:00:00,21.0,15.4,1330.0,50.3,7.5,101.0,173.0,,,,,
2026-06-10 20:00:00,31.7,25.5,1703.0,71.4,8.3,65.0,156.0,,,,,
2026-06-10 21:00:00,44.5,37.4,1706.0,85.8,8.9,39.0,129.0,,,,,
2026-06-10 22:00:00,52.3,45.4,1515.0,96.0,9.4,18.0,95.0,,,,,
2026-06-10 23:00:00,52.7,46.7,1319.0,97.7,9.4,8.0,70.0,,,,,
2026-06-11 00:00:00,45.1,40.4,1178.0,85.9,8.5,14.0,71.0,,,,,
2026-06-11 01:00:00,35.7,32.4,1032.0,65.7,7.1,31.0,72.0,,,,,
2026-06-11 02:00:00,29.5,26.5,894.0,47.9,6.0,46.0,73.0,,,,,
2026-06-11 03:00:00,25.9,22.8,742.0,36.1,5.4,53.0,74.0,,,,,
2026-06-11 04:00:00,23.7,20.3,599.0,26.6,5.1,58.0,75.0,,,,,
2026-06-11 05:00:00,24.5,22.3,542.0,35.3,5.6,49.0,75.0,,,,,
2026-06-11 06:00:00,22.1,20.0,657.0,31.3,6.9,76.0,76.0,,,,,
2026-06-11 07:00:00,23.1,20.5,858.0,25.5,8.8,113.0,77.0,,,,,
2026-06-11 08:00:00,25.6,18.7,970.0,19.9,10.6,147.0,78.0,,,,,
2026-06-11 09:00:00,28.2,19.7,896.0,14.7,12.6,174.0,78.0,,,,,
2026-06-11 10:00:00,29.3,20.5,732.0,9.7,14.6,198.0,78.0,,,,,
2026-06-11 11:00:00,28.9,20.3,597.0,6.0,15.4,214.0,77.0,,,,,
2026-06-11 12:00:00,28.3,19.6,537.0,4.2,14.1,220.0,85.0,,,,,
2026-06-11 13:00:00,28.3,19.3,504.0,3.8,11.7,217.0,120.0,,,,,
2026-06-11 14:00:00,28.8,19.3,476.0,4.0,9.7,212.0,154.0,,,,,
2026-06-11 15:00:00,29.9,19.4,433.0,4.7,8.8,204.0,176.0,,,,,
2026-06-11 16:00:00,31.9,20.2,395.0,6.1,8.3,193.0,190.0,,,,,
2026-06-11 17:00:00,21.5,12.3,394.0,7.6,6.8,176.0,198.0,,,,,
2026-06-11 18:00:00,21.8,13.7,448.0,8.3,7.4,176.0,198.0,,,,,
2026-06-11 19:00:00,31.1,25.0,540.0,9.4,8.2,175.0,195.0,,,,,
2026-06-11 20:00:00,46.4,35.7,650.0,11.5,8.7,169.0,188.0,,,,,
2026-06-11 21:00:00,48.1,37.6,803.0,15.7,8.6,153.0,180.0,,,,,
2026-06-11 22:00:00,41.4,35.0,975.0,20.9,8.2,131.0,170.0,,,,,
2026-06-11 23:00:00,38.3,34.6,1073.0,24.4,7.7,113.0,157.0,,,,,
2026-06-12 00:00:00,36.7,33.4,1041.0,24.8,7.2,101.0,140.0,,,,,
2026-06-12 01:00:00,33.8,31.0,935.0,23.5,6.5,92.0,120.0,,,,,
2026-06-12 02:00:00,30.7,28.2,826.0,22.0,6.1,86.0,103.0,,,,,
2026-06-12 03:00:00,29.8,26.3,731.0,20.6,5.8,82.0,84.0,,,,,
2026-06-12 04:00:00,34.5,25.8,632.0,18.9,5.8,81.0,78.0,,,,,
2026-06-12 05:00:00,75.9,49.4,552.0,12.2,9.9,93.0,78.0,,,,,
2026-06-12 06:00:00,71.2,45.3,504.0,12.3,10.4,98.0,81.0,,,,,
2026-06-12 07:00:00,86.8,45.1,475.0,12.3,10.9,106.0,83.0,,,,,
2026-06-12 08:00:00,104.1,43.3,442.0,11.6,11.1,115.0,85.0,,,,,
2026-06-12 09:00:00,130.4,46.6,391.0,9.4,10.4,126.0,86.0,,,,,
2026-06-12 10:00:00,122.9,44.1,337.0,6.4,9.3,138.0,89.0,,,,,
2026-06-12 11:00:00,111.1,39.7,298.0,4.2,8.4,148.0,90.0,,,,,
2026-06-12 12:00:00,102.9,36.8,283.0,3.4,8.0,155.0,92.0,,,,,
2026-06-12 13:00:00,92.0,34.3,284.0,3.4,7.8,161.0,93.0,,,,,
2026-06-12 14:00:00,83.4,32.8,299.0,3.9,7.8,164.0,95.0,,,,,
2026-06-12 15:00:00,81.3,32.6,315.0,4.4,8.1,166.0,103.0,,,,,
2026-06-12 16:00:00,83.1,33.3,346.0,5.4,8.7,167.0,116.0,,,,,
2026-06-12 17:00:00,78.2,32.1,431.0,8.0,10.3,168.0,127.0,,,,,
2026-06-12 18:00:00,70.3,30.2,599.0,14.5,9.9,148.0,136.0,,,,,
2026-06-12 19:00:00,54.6,28.1,821.0,23.5,9.3,120.0,138.0,,,,,
2026-06-12 20:00:00,51.3,28.9,1053.0,30.0,8.8,99.0,132.0,,,,,
2026-06-12 21:00:00,49.0,29.5,1323.0,31.8,8.6,92.0,120.0,,,,,
2026-06-12 22:00:00,45.1,29.9,1602.0,31.1,8.5,92.0,106.0,,,,,
2026-06-12 23:00:00,45.1,31.4,1759.0,29.9,8.2,90.0,99.0,,,,,
2026-06-13 00:00:00,43.3,32.2,1721.0,28.6,7.4,85.0,99.0,,,,,
2026-06-13 01:00:00,39.9,31.7,1562.0,26.7,6.4,79.0,99.0,,,,,
2026-06-13 02:00:00,42.6,30.7,1372.0,25.6,5.5,71.0,99.0,,,,,
2026-06-13 03:00:00,40.3,30.5,1157.0,26.1,4.7,58.0,99.0,,,,,
2026-06-13 04:00:00,37.7,30.9,911.0,27.3,4.2,43.0,99.0,,,,,
2026-06-13 05:00:00,62.6,35.0,709.0,17.9,9.4,91.0,100.0,,,,,
2026-06-13 06:00:00,48.7,29.9,583.0,16.8,8.7,101.0,99.0,,,,,
2026-06-13 07:00:00,48.4,27.2,501.0,15.1,7.8,115.0,97.0,,,,,
2026-06-13 08:00:00,51.8,27.5,439.0,12.9,7.1,128.0,96.0,,,,,
2026-06-13 09:00:00,61.9,30.6,396.0,9.8,6.9,139.0,95.0,,,,,
2026-06-13 10:00:00,66.4,30.3,374.0,6.2,6.9,150.0,94.0,,,,,
2026-06-13 11:00:00,62.4,28.5,355.0,3.6,6.8,158.0,92.0,,,,,
2026-06-13 12:00:00,59.5,27.2,333.0,2.7,6.5,163.0,92.0,,,,,
2026-06-13 13:00:00,68.0,30.4,314.0,2.8,6.1,165.0,91.0,,,,,
2026-06-13 14:00:00,56.9,25.7,303.0,3.5,5.8,165.0,105.0,,,,,
2026-06-13 15:00:00,55.1,25.0,283.0,4.1,5.5,163.0,118.0,,,,,
2026-06-13 16:00:00,54.7,25.7,270.0,5.3,5.2,159.0,128.0,,,,,
2026-06-13 17:00:00,46.2,21.4,316.0,8.7,4.6,150.0,135.0,,,,,
2026-06-13 18:00:00,43.5,21.7,464.0,10.3,5.2,146.0,137.0,,,,,
2026-06-13 19:00:00,41.0,21.5,671.0,12.9,6.1,140.0,136.0,,,,,
2026-06-13 20:00:00,41.0,23.8,856.0,18.6,6.7,127.0,133.0,,,,,
2026-06-13 21:00:00,41.3,27.9,996.0,30.7,6.9,102.0,125.0,,,,,
2026-06-13 22:00:00,43.7,31.7,1116.0,45.7,6.9,71.0,112.0,,,,,
2026-06-13 23:00:00,46.0,36.1,1205.0,55.7,6.7,47.0,92.0,,,,,
2026-06-14 00:00:00,43.9,36.8,1269.0,56.5,6.2,37.0,87.0,,,,,
2026-06-14 01:00:00,42.4,35.6,1304.0,52.1,5.5,35.0,87.0,,,,,
2026-06-14 02:00:00,41.8,36.9,1284.0,46.8,4.9,35.0,87.0,,,,,
2026-06-14 03:00:00,41.2,36.4,1181.0,41.6,4.3,34.0,88.0,,,,,
2026-06-14 04:00:00,40.6,35.9,1024.0,35.4,3.9,36.0,88.0,,,,,
2026-06-14 05:00:00,41.1,37.3,873.0,37.5,4.9,32.0,89.0,,,,,
2026-06-14 06:00:00,39.3,35.2,745.0,30.4,7.8,62.0,89.0,,,,,
2026-06-14 07:00:00,36.0,27.6,623.0,20.4,11.8,105.0,89.0,,,,,
2026-06-14 08:00:00,41.1,22.5,523.0,12.3,14.2,139.0,89.0,,,,,
2026-06-14 09:00:00,57.0,25.2,454.0,7.7,13.7,157.0,89.0,,,,,
2026-06-14 10:00:00,66.6,28.6,407.0,4.9,11.7,166.0,89.0,,,,,
2026-06-14 11:00:00,68.7,29.7,370.0,3.1,10.0,172.0,88.0,,,,,
2026-06-14 12:00:00,68.9,30.0,339.0,2.2,9.1,174.0,89.0,,,,,
2026-06-14 13:00:00,66.1,29.0,319.0,2.2,8.5,172.0,89.0,,,,,
2026-06-14 14:00:00,64.7,28.5,308.0,2.6,8.1,169.0,111.0,,,,,
2026-06-14 15:00:00,62.6,27.4,297.0,2.8,7.9,166.0,133.0,,,,,
2026-06-14 16:00:00,61.7,26.8,296.0,3.4,7.8,162.0,146.0,,,,,
2026-06-14 17:00:00,58.0,24.9,331.0,4.8,7.1,151.0,151.0,,,,,
2026-06-14 18:00:00,59.8,25.6,420.0,8.7,7.9,142.0,150.0,,,,,
2026-06-14 19:00:00,58.1,26.4,546.0,14.2,8.9,128.0,145.0,,,,,
2026-06-14 20:00:00,53.0,28.1,687.0,19.0,9.5,114.0,135.0,,,,,
2026-06-14 21:00:00,48.2,29.5,869.0,22.8,9.2,100.0,123.0,,,,,
2026-06-14 22:00:00,44.4,30.4,1065.0,25.9,8.3,85.0,107.0,,,,,
2026-06-14 23:00:00,41.6,30.3,1173.0,27.6,7.4,73.0,90.0,,,,,
2026-06-15 00:00:00,39.0,29.0,1133.0,27.0,6.4,65.0,90.0,,,,,
2026-06-15 01:00:00,36.4,27.4,1005.0,25.0,5.4,60.0,89.0,,,,,
2026-06-15 02:00:00,33.3,25.6,871.0,23.0,4.6,56.0,89.0,,,,,
2026-06-15 03:00:00,29.9,23.5,740.0,21.8,3.9,50.0,88.0,,,,,
2026-06-15 04:00:00,27.0,21.5,603.0,20.7,3.5,46.0,87.0,,,,,
2026-06-15 05:00:00,23.7,19.8,512.0,20.1,3.8,49.0,86.0,,,,,
2026-06-15 06:00:00,22.8,18.5,512.0,18.0,6.5,72.0,84.0,,,,,
2026-06-15 07:00:00,27.2,18.7,559.0,14.9,10.3,104.0,83.0,,,,,
2026-06-15 08:00:00,46.6,22.7,575.0,12.0,12.9,131.0,82.0,,,,,
2026-06-15 09:00:00,53.7,25.0,517.0,9.2,13.3,146.0,82.0,,,,,
2026-06-15 10:00:00,56.5,25.8,429.0,6.6,12.6,155.0,82.0,,,,,
2026-06-15 11:00:00,53.6,24.7,360.0,4.6,11.7,162.0,82.0,,,,,
2026-06-15 12:00:00,51.6,24.4,330.0,3.6,10.8,168.0,82.0,,,,,
2026-06-15 13:00:00,49.8,24.1,320.0,3.3,9.8,172.0,81.0,,,,,
2026-06-15 14:00:00,50.9,25.0,322.0,3.6,9.0,174.0,103.0,,,,,
2026-06-15 15:00:00,50.4,25.4,294.0,3.9,8.5,173.0,124.0,,,,,
2026-06-15 16:00:00,49.7,25.4,277.0,4.7,8.1,170.0,139.0,,,,,
2026-06-15 17:00:00,72.2,41.9,390.0,10.0,9.5,156.0,147.0,,,,,
2026-06-15 18:00:00,70.8,41.4,753.0,12.5,10.0,149.0,149.0,,,,,
2026-06-15 19:00:00,69.2,41.4,1246.0,16.2,10.5,139.0,148.0,,,,,
2026-06-15 20:00:00,66.8,41.4,1620.0,20.6,10.7,125.0,143.0,,,,,
2026-06-15 21:00:00,61.9,40.2,1781.0,26.7,10.1,105.0,134.0,,,,,
2026-06-15 22:00:00,58.6,38.5,1823.0,33.5,9.1,82.0,120.0,,,,,
2026-06-15 23:00:00,54.2,40.6,1782.0,37.8,8.0,64.0,100.0,,,,,
2026-06-16 00:00:00,50.5,39.9,1643.0,38.1,7.0,53.0,87.0,,,,,
2026-06-16 01:00:00,47.0,38.3,1419.0,35.8,5.9,46.0,88.0,,,,,
2026-06-16 02:00:00,44.1,35.9,1191.0,32.8,5.1,43.0,89.0,,,,,
2026-06-16 03:00:00,46.6,36.1,961.0,29.0,4.5,42.0,90.0,,,,,
2026-06-16 04:00:00,44.6,34.0,726.0,24.4,4.2,44.0,91.0,,,,,
2026-06-16 05:00:00,38.2,29.7,552.0,21.6,4.2,49.0,92.0,,,,,
2026-06-16 06:00:00,39.2,28.9,483.0,19.6,5.9,70.0,93.0,,,,,
2026-06-16 07:00:00,50.8,29.8,475.0,16.7,8.2,99.0,94.0,,,,,
2026-06-16 08:00:00,68.2,38.1,460.0,13.7,10.1,125.0,94.0,,,,,
2026-06-16 09:00:00,72.6,41.4,410.0,10.3,11.2,146.0,96.0,,,,,
2026-06-16 10:00:00,75.0,42.4,353.0,6.8,11.8,165.0,97.0,,,,,
2026-06-16 11:00:00,73.1,41.6,312.0,4.3,11.9,178.0,98.0,,,,,
2026-06-16 12:00:00,72.4,41.2,295.0,3.4,11.3,182.0,100.0,,,,,
2026-06-16 13:00:00,74.7,42.4,293.0,3.7,10.1,179.0,101.0,,,,,
2026-06-16 14:00:00,72.2,41.9,300.0,4.5,9.1,174.0,110.0,,,,,
2026-06-16 15:00:00,69.4,41.3,300.0,4.0,8.5,170.0,132.0,,,,,
2026-06-16 16:00:00,71.0,42.8,309.0,4.2,8.0,164.0,147.0,,,,,
2026-06-16 17:00:00,60.8,41.1,366.0,9.8,7.7,153.0,154.0,,,,,
2026-06-16 18:00:00,46.3,34.3,515.0,16.0,7.6,138.0,155.0,,,,,
2026-06-16 19:00:00,40.6,31.2,712.0,24.5,7.5,117.0,151.0,,,,,
2026-06-16 20:00:00,40.6,34.1,863.0,31.1,7.3,99.0,138.0,,,,,
2026-06-16 21:00:00,44.2,37.8,924.0,33.8,7.0,88.0,120.0,,,,,
2026-06-16 22:00:00,45.4,37.5,938.0,34.6,6.5,80.0,105.0,,,,,
2026-06-16 23:00:00,47.3,38.6,940.0,35.1,6.1,71.0,105.0,,,,,
2026-06-17 00:00:00,48.3,39.9,947.0,36.2,5.7,60.0,105.0,,,,,
2026-06-17 01:00:00,46.8,39.9,942.0,37.0,5.2,48.0,105.0,,,,,
2026-06-17 02:00:00,45.1,39.3,906.0,36.9,4.8,39.0,105.0,,,,,
2026-06-17 03:00:00,43.3,38.3,806.0,35.5,4.1,31.0,106.0,,,,,
2026-06-17 04:00:00,41.4,36.9,675.0,33.1,3.4,26.0,106.0,,,,,
2026-06-17 05:00:00,44.4,38.1,589.0,24.5,4.2,43.0,106.0,,,,,
2026-06-17 06:00:00,45.1,36.4,601.0,22.9,6.7,63.0,107.0,,,,,
2026-06-17 07:00:00,44.5,34.9,658.0,20.5,10.1,90.0,108.0,,,,,
2026-06-17 08:00:00,46.8,32.1,680.0,17.5,12.9,117.0,108.0,,,,,
2026-06-17 09:00:00,43.5,30.5,619.0,13.3,14.7,141.0,108.0,,,,,
2026-06-17 10:00:00,48.8,32.0,522.0,8.6,15.9,164.0,107.0,,,,,
2026-06-17 11:00:00,54.8,34.6,448.0,5.1,16.1,180.0,105.0,,,,,
2026-06-17 12:00:00,56.3,35.4,420.0,3.7,14.7,185.0,105.0,,,,,
2026-06-17 13:00:00,70.1,43.7,416.0,3.7,12.3,182.0,104.0,,,,,
2026-06-17 14:00:00,66.4,42.8,427.0,4.6,10.5,177.0,105.0,,,,,
2026-06-17 15:00:00,60.8,39.5,417.0,6.0,9.8,171.0,129.0,,,,,
2026-06-17 16:00:00,64.5,42.1,422.0,8.3,9.6,163.0,147.0,,,,,
2026-06-17 17:00:00,48.2,31.9,541.0,9.7,8.1,155.0,155.0,,,,,
2026-06-17 18:00:00,47.8,34.0,864.0,19.6,7.9,134.0,157.0,,,,,
2026-06-17 19:00:00,40.7,34.6,1302.0,33.2,7.6,104.0,152.0,,,,,
2026-06-17 20:00:00,40.9,35.6,1687.0,43.6,7.3,80.0,137.0,,,,,
2026-06-17 21:00:00,42.4,37.8,2005.0,48.0,7.0,66.0,115.0,,,,,
2026-06-17 22:00:00,41.8,37.4,2271.0,49.1,6.7,57.0,104.0,,,,,
2026-06-17 23:00:00,39.6,35.9,2360.0,48.1,6.2,50.0,104.0,,,,,
2026-06-18 00:00:00,36.8,33.5,2152.0,44.6,5.3,45.0,103.0,,,,,
2026-06-18 01:00:00,34.3,31.7,1767.0,39.2,4.2,43.0,103.0,,,,,
2026-06-18 02:00:00,32.7,30.5,1446.0,34.2,3.4,41.0,102.0,,,,,
2026-06-18 03:00:00,31.5,29.3,1281.0,30.7,2.8,36.0,101.0,,,,,
2026-06-18 04:00:00,30.0,27.9,1179.0,27.7,2.4,31.0,100.0,,,,,
2026-06-18 05:00:00,25.6,22.6,1108.0,19.5,3.7,55.0,99.0,,,,,
2026-06-18 06:00:00,25.2,22.4,1085.0,20.2,4.4,67.0,98.0,,,,,
2026-06-18 07:00:00,27.9,23.6,1093.0,21.0,5.5,83.0,97.0,,,,,
2026-06-18 08:00:00,35.0,25.8,1044.0,20.1,7.2,103.0,96.0,,,,,
2026-06-18 09:00:00,43.0,28.6,872.0,15.9,10.4,128.0,96.0,,,,,
2026-06-18 10:00:00,46.6,30.2,643.0,10.1,14.1,155.0,95.0,,,,,
2026-06-18 11:00:00,50.6,31.4,471.0,5.6,16.4,175.0,95.0,,,,,
2026-06-18 12:00:00,62.2,34.7,409.0,3.9,15.8,182.0,95.0,,,,,
2026-06-18 13:00:00,53.8,32.7,404.0,3.6,13.7,182.0,95.0,,,,,
2026-06-18 14:00:00,53.4,32.5,407.0,3.8,11.9,179.0,95.0,,,,,
2026-06-18 15:00:00,52.5,32.0,380.0,2.0,10.9,177.0,119.0,,,,,
2026-06-18 16:00:00,52.2,31.5,360.0,0.7,10.2,173.0,139.0,,,,,
2026-06-18 17:00:00,40.5,24.8,413.0,7.4,10.9,161.0,153.0,,,,,
2026-06-18 18:00:00,39.1,24.0,606.0,11.6,10.3,144.0,158.0,,,,,
2026-06-18 19:00:00,38.0,26.1,871.0,17.7,9.5,120.0,156.0,,,,,
2026-06-18 20:00:00,36.3,25.1,1066.0,24.1,9.0,98.0,147.0,,,,,
2026-06-18 21:00:00,36.7,27.1,1123.0,31.0,9.0,80.0,129.0,,,,,
2026-06-18 22:00:00,42.0,32.1,1111.0,38.2,9.2,65.0,107.0,,,,,
2026-06-18 23:00:00,42.5,34.0,1095.0,43.5,9.3,52.0,88.0,,,,,
2026-06-19 00:00:00,43.4,34.8,1107.0,45.9,9.0,43.0,88.0,,,,,
2026-06-19 01:00:00,43.9,36.1,1116.0,46.5,8.5,36.0,88.0,,,,,
2026-06-19 02:00:00,43.1,36.6,1094.0,46.0,8.0,31.0,88.0,,,,,
2026-06-19 03:00:00,41.9,36.3,1002.0,44.8,7.4,25.0,89.0,,,,,
2026-06-19 04:00:00,40.3,35.4,880.0,42.6,6.8,22.0,89.0,,,,,
2026-06-19 05:00:00,33.5,29.7,815.0,23.4,6.9,57.0,90.0,,,,,
2026-06-19 06:00:00,32.2,28.1,883.0,21.9,7.8,71.0,90.0,,,,,
2026-06-19 07:00:00,30.4,24.6,1009.0,19.7,9.1,92.0,91.0,,,,,
2026-06-19 08:00:00,32.7,22.6,1056.0,16.8,10.1,111.0,91.0,,,,,
2026-06-19 09:00:00,34.3,22.3,941.0,12.7,10.6,128.0,90.0,,,,,
2026-06-19 10:00:00,36.9,22.9,748.0,8.0,10.7,145.0,90.0,,,,,
2026-06-19 11:00:00,36.4,22.1,589.0,4.5,10.7,158.0,89.0,,,,,
2026-06-19 12:00:00,36.1,21.9,505.0,3.2,10.4,168.0,89.0,,,,,
2026-06-19 13:00:00,36.6,22.7,456.0,3.2,10.0,174.0,88.0,,,,,
2026-06-19 14:00:00,38.8,24.3,435.0,3.7,9.6,177.0,89.0,,,,,
2026-06-19 15:00:00,40.3,25.3,412.0,2.9,9.4,178.0,112.0,,,,,
2026-06-19 16:00:00,42.1,26.3,416.0,2.7,9.3,174.0,130.0,,,,,
2026-06-19 17:00:00,36.9,26.3,529.0,10.8,12.0,153.0,143.0,,,,,
2026-06-19 18:00:00,34.9,24.9,842.0,34.7,13.4,121.0,149.0,,,,,
2026-06-19 19:00:00,35.7,25.9,1264.0,67.8,15.3,77.0,144.0,,,,,
2026-06-19 20:00:00,54.9,45.4,1606.0,94.2,16.9,41.0,126.0,,,,,
2026-06-19 21:00:00,66.4,56.7,1822.0,108.3,18.0,22.0,99.0,,,,,
2026-06-19 22:00:00,69.8,60.3,1958.0,115.6,18.8,12.0,89.0,,,,,
2026-06-19 23:00:00,76.4,67.1,1962.0,117.2,18.4,5.0,92.0,,,,,
2026-06-20 00:00:00,77.8,70.5,1756.0,111.1,15.9,1.0,94.0,,,,,
2026-06-20 01:00:00,70.1,65.9,1418.0,99.3,12.1,0.0,97.0,,,,,
2026-06-20 02:00:00,62.4,59.6,1132.0,88.2,9.2,2.0,99.0,,,,,
2026-06-20 03:00:00,55.6,53.6,956.0,81.1,7.7,3.0,102.0,,,,,
2026-06-20 04:00:00,50.2,48.1,831.0,74.7,6.9,5.0,103.0,,,,,
2026-06-20 05:00:00,45.2,43.1,765.0,64.8,6.4,11.0,105.0,,,,,
2026-06-20 06:00:00,40.3,38.6,804.0,53.0,7.7,38.0,106.0,,,,,
2026-06-20 07:00:00,36.8,34.8,902.0,36.6,9.5,76.0,107.0,,,,,
2026-06-20 08:00:00,28.1,22.2,933.0,22.9,10.8,110.0,108.0,,,,,
2026-06-20 09:00:00,30.2,21.4,820.0,14.5,11.1,134.0,108.0,,,,,
2026-06-20 10:00:00,32.1,21.3,640.0,8.8,10.8,153.0,108.0,,,,,
2026-06-20 11:00:00,33.4,21.5,492.0,5.0,10.5,168.0,108.0,,,,,
2026-06-20 12:00:00,35.3,22.8,415.0,3.2,10.2,178.0,108.0,,,,,
2026-06-20 13:00:00,35.6,23.6,371.0,3.4,9.8,183.0,108.0,,,,,
2026-06-20 14:00:00,36.3,24.2,344.0,4.0,9.4,184.0,108.0,,,,,
2026-06-20 15:00:00,36.2,23.9,307.0,2.3,8.9,184.0,119.0,,,,,
2026-06-20 16:00:00,36.2,23.6,287.0,1.1,8.4,179.0,142.0,,,,,
2026-06-20 17:00:00,13.2,11.0,349.0,8.4,6.8,152.0,155.0,,,,,
2026-06-20 18:00:00,13.9,11.5,567.0,29.4,7.7,122.0,158.0,,,,,
2026-06-20 19:00:00,19.9,17.5,867.0,57.9,9.0,81.0,153.0,,,,,
2026-06-20 20:00:00,31.1,28.3,1089.0,75.5,9.5,51.0,135.0,,,,,
2026-06-20 21:00:00,27.4,24.5,1167.0,72.0,8.6,45.0,108.0,,,,,
2026-06-20 22:00:00,27.6,24.4,1168.0,57.5,6.9,50.0,99.0,,,,,
2026-06-20 23:00:00,28.0,24.7,1132.0,44.5,5.5,55.0,96.0,,,,,
2026-06-21 00:00:00,27.1,23.8,1059.0,37.3,4.6,54.0,93.0,,,,,
2026-06-21 01:00:00,25.3,22.2,949.0,31.5,3.9,53.0,89.0,,,,,
2026-06-21 02:00:00,23.5,20.7,847.0,26.5,3.3,52.0,86.0,,,,,
2026-06-21 03:00:00,21.4,19.0,766.0,22.2,2.7,50.0,83.0,,,,,
2026-06-21 04:00:00,19.7,17.1,693.0,18.8,2.2,49.0,80.0,,,,,
2026-06-21 05:00:00,20.4,17.2,634.0,12.7,2.6,60.0,77.0,,,,,
2026-06-21 06:00:00,21.0,17.9,601.0,12.5,4.1,75.0,75.0,,,,,
2026-06-21 07:00:00,23.6,20.0,582.0,12.0,6.2,95.0,74.0,,,,,
2026-06-21 08:00:00,28.2,20.0,547.0,10.9,7.9,115.0,73.0,,,,,
2026-06-21 09:00:00,24.2,16.8,470.0,8.4,9.1,133.0,72.0,,,,,
2026-06-21 10:00:00,20.4,13.4,377.0,5.3,10.0,151.0,72.0,,,,,
2026-06-21 11:00:00,20.7,13.1,313.0,3.0,10.3,162.0,72.0,,,,,
2026-06-21 12:00:00,21.2,13.2,304.0,2.4,9.6,164.0,71.0,,,,,
2026-06-21 13:00:00,22.0,13.8,326.0,2.6,8.4,161.0,70.0,,,,,
2026-06-21 14:00:00,23.0,14.6,347.0,3.2,7.4,156.0,91.0,,,,,
2026-06-21 15:00:00,24.3,15.7,353.0,3.1,7.0,153.0,108.0,,,,,
2026-06-21 16:00:00,27.3,17.9,359.0,3.3,6.9,150.0,121.0,,,,,
2026-06-21 17:00:00,33.5,21.4,381.0,6.2,6.3,145.0,128.0,,,,,
2026-06-21 18:00:00,31.7,22.5,432.0,16.6,6.4,121.0,131.0,,,,,
2026-06-21 19:00:00,31.1,25.9,500.0,31.1,6.4,88.0,124.0,,,,,
2026-06-21 20:00:00,35.0,30.4,563.0,42.8,6.5,60.0,109.0,,,,,
2026-06-21 21:00:00,39.7,34.9,626.0,49.6,6.6,44.0,86.0,,,,,
2026-06-21 22:00:00,41.3,36.8,684.0,53.6,6.7,33.0,71.0,,,,,
2026-06-21 23:00:00,40.3,35.7,708.0,54.4,6.5,26.0,72.0,,,,,
2026-06-22 00:00:00,36.9,32.8,674.0,50.9,5.7,22.0,73.0,,,,,
2026-06-22 01:00:00,33.6,30.2,606.0,44.2,4.6,22.0,73.0,,,,,
2026-06-22 02:00:00,31.2,28.5,543.0,36.9,3.6,27.0,74.0,,,,,
2026-06-22 03:00:00,29.5,27.2,479.0,28.9,2.8,38.0,75.0,,,,,
2026-06-22 04:00:00,25.7,23.3,420.0,20.5,2.2,53.0,75.0,,,,,
2026-06-22 05:00:00,17.1,14.8,425.0,8.2,1.9,89.0,76.0,,,,,
2026-06-22 06:00:00,18.3,14.5,573.0,11.7,2.5,89.0,76.0,,,,,
2026-06-22 07:00:00,21.0,16.1,785.0,16.3,3.4,89.0,75.0,,,,,
2026-06-22 08:00:00,27.0,19.4,887.0,18.3,4.4,96.0,75.0,,,,,
2026-06-22 09:00:00,33.8,22.2,766.0,14.9,5.6,114.0,75.0,,,,,
2026-06-22 10:00:00,34.1,22.1,535.0,8.9,7.0,139.0,75.0,,,,,
2026-06-22 11:00:00,31.8,20.8,356.0,4.3,7.9,158.0,76.0,,,,,
2026-06-22 12:00:00,30.5,20.0,297.0,3.0,8.0,167.0,77.0,,,,,
2026-06-22 13:00:00,30.2,19.6,291.0,3.1,7.7,170.0,77.0,,,,,
2026-06-22 14:00:00,32.1,20.5,299.0,3.8,7.5,171.0,84.0,,,,,
2026-06-22 15:00:00,34.2,21.9,249.0,3.6,7.8,174.0,101.0,,,,,
2026-06-22 16:00:00,34.6,22.3,213.0,3.8,8.3,175.0,119.0,,,,,
2026-06-22 17:00:00,24.3,17.2,365.0,7.6,5.8,139.0,136.0,,,,,
2026-06-22 18:00:00,24.8,18.5,887.0,24.8,6.5,110.0,142.0,,,,,
2026-06-22 19:00:00,28.4,24.2,1599.0,48.8,7.5,69.0,135.0,,,,,
2026-06-22 20:00:00,34.5,30.6,2130.0,67.9,8.2,36.0,116.0,,,,,
2026-06-22 21:00:00,39.6,35.7,2336.0,78.0,8.4,17.0,89.0,,,,,
2026-06-22 22:00:00,43.8,40.2,2363.0,83.2,8.4,6.0,78.0,,,,,
2026-06-22 23:00:00,45.9,42.7,2277.0,85.1,8.0,0.0,78.0,,,,,
2026-06-23 00:00:00,44.7,41.9,2049.0,83.3,7.2,0.0,79.0,,,,,
2026-06-23 01:00:00,41.7,39.3,1708.0,78.1,6.1,4.0,80.0,,,,,
2026-06-23 02:00:00,38.9,36.8,1410.0,71.5,5.1,9.0,80.0,,,,,
2026-06-23 03:00:00,37.0,35.0,1203.0,63.5,3.8,9.0,81.0,,,,,
2026-06-23 04:00:00,35.9,34.1,1039.0,54.0,2.7,10.0,82.0,,,,,
2026-06-23 05:00:00,27.5,25.9,925.0,35.0,4.7,33.0,83.0,,,,,
2026-06-23 06:00:00,26.0,24.5,892.0,31.1,7.0,55.0,83.0,,,,,
2026-06-23 07:00:00,25.4,23.6,910.0,25.5,10.2,86.0,84.0,,,,,
2026-06-23 08:00:00,26.5,20.8,892.0,19.8,12.3,114.0,85.0,,,,,
2026-06-23 09:00:00,27.2,20.3,794.0,14.1,12.2,137.0,85.0,,,,,
2026-06-23 10:00:00,25.9,19.2,661.0,8.4,11.0,157.0,85.0,,,,,
2026-06-23 11:00:00,27.7,20.9,542.0,4.3,9.8,172.0,85.0,,,,,
2026-06-23 12:00:00,24.9,19.1,447.0,2.8,9.1,179.0,85.0,,,,,
2026-06-23 13:00:00,22.7,17.8,365.0,3.0,8.5,181.0,84.0,,,,,
2026-06-23 14:00:00,21.8,17.3,321.0,3.6,8.0,179.0,96.0,,,,,
2026-06-23 15:00:00,20.9,16.6,285.0,2.2,7.5,177.0,123.0,,,,,
2026-06-23 16:00:00,20.0,15.8,285.0,1.3,7.1,173.0,142.0,,,,,
2026-06-23 17:00:00,16.5,13.1,431.0,7.2,6.9,157.0,154.0,,,,,
2026-06-23 18:00:00,16.4,12.5,861.0,27.6,7.9,124.0,157.0,,,,,
2026-06-23 19:00:00,22.6,19.4,1436.0,55.7,9.2,78.0,151.0,,,,,
2026-06-23 20:00:00,33.8,30.0,1854.0,76.3,10.1,43.0,132.0,,,,,
2026-06-23 21:00:00,38.8,35.2,1997.0,83.4,10.1,27.0,103.0,,,,,
2026-06-23 22:00:00,39.8,36.8,1982.0,82.9,9.7,22.0,82.0,,,,,
2026-06-23 23:00:00,39.1,36.6,1854.0,77.4,9.1,23.0,82.0,,,,,
2026-06-24 00:00:00,35.6,33.5,1564.0,65.0,8.3,33.0,81.0,,,,,
2026-06-24 01:00:00,31.3,29.4,1161.0,47.6,7.2,49.0,81.0,,,,,
2026-06-24 02:00:00,27.9,26.1,837.0,33.6,6.4,62.0,80.0,,,,,
2026-06-24 03:00:00,25.7,24.0,666.0,26.7,5.8,65.0,79.0,,,,,
2026-06-24 04:00:00,24.1,22.4,573.0,23.3,5.5,65.0,78.0,,,,,
2026-06-24 05:00:00,22.9,21.1,530.0,16.4,4.4,84.0,77.0,,,,,
2026-06-24 06:00:00,23.1,21.7,559.0,15.6,5.6,100.0,77.0,,,,,
2026-06-24 07:00:00,22.6,21.2,638.0,14.4,7.2,122.0,77.0,,,,,
2026-06-24 08:00:00,23.7,19.1,670.0,12.6,8.5,140.0,76.0,,,,,
2026-06-24 09:00:00,29.6,20.9,599.0,9.8,9.1,151.0,76.0,,,,,
2026-06-24 10:00:00,36.2,22.6,481.0,6.5,9.4,158.0,76.0,,,,,
2026-06-24 11:00:00,42.5,23.6,391.0,4.1,9.4,162.0,77.0,,,,,
2026-06-24 12:00:00,48.1,25.3,362.0,3.1,9.0,163.0,77.0,,,,,
2026-06-24 13:00:00,48.3,25.4,361.0,3.0,8.4,161.0,96.0,,,,,
2026-06-24 14:00:00,46.7,25.1,365.0,3.5,7.9,158.0,113.0,,,,,
2026-06-24 15:00:00,44.5,24.4,342.0,2.9,7.5,156.0,125.0,,,,,
2026-06-24 16:00:00,43.8,24.2,322.0,2.9,7.3,152.0,132.0,,,,,
2026-06-24 17:00:00,44.1,24.8,377.0,8.5,7.4,140.0,135.0,,,,,
2026-06-24 18:00:00,48.4,28.2,569.0,25.3,8.2,112.0,132.0,,,,,
2026-06-24 19:00:00,48.1,31.3,836.0,47.7,9.2,77.0,123.0,,,,,
2026-06-24 20:00:00,54.8,39.2,1052.0,64.3,9.9,49.0,105.0,,,,,
2026-06-24 21:00:00,56.3,42.4,1190.0,70.5,9.8,35.0,83.0,,,,,
2026-06-24 22:00:00,54.7,43.3,1279.0,70.9,9.3,29.0,84.0,,,,,
2026-06-24 23:00:00,51.5,42.3,1280.0,67.1,8.6,29.0,85.0,,,,,
2026-06-25 00:00:00,47.3,39.9,1145.0,57.9,7.8,35.0,85.0,,,,,
2026-06-25 01:00:00,42.1,36.2,923.0,44.6,6.8,46.0,86.0,,,,,
2026-06-25 02:00:00,37.7,32.6,724.0,32.9,5.9,57.0,86.0,,,,,
2026-06-25 03:00:00,35.2,29.9,576.0,24.6,5.0,66.0,87.0,,,,,
2026-06-25 04:00:00,31.9,26.5,451.0,17.9,4.3,75.0,87.0,,,,,
2026-06-25 05:00:00,30.7,24.9,373.0,13.6,4.1,85.0,87.0,,,,,
2026-06-25 06:00:00,30.2,24.1,371.0,13.3,4.8,96.0,88.0,,,,,
2026-06-25 07:00:00,32.2,25.6,415.0,15.4,6.0,107.0,88.0,,,,,
2026-06-25 08:00:00,45.6,27.4,440.0,15.9,7.3,120.0,88.0,,,,,
2026-06-25 09:00:00,56.0,29.7,414.0,12.6,8.8,137.0,89.0,,,,,
2026-06-25 10:00:00,62.2,31.8,369.0,7.7,10.5,155.0,90.0,,,,,
2026-06-25 11:00:00,68.9,34.6,337.0,4.1,11.6,168.0,90.0,,,,,
2026-06-25 12:00:00,72.6,36.1,329.0,2.9,11.6,174.0,91.0,,,,,
2026-06-25 13:00:00,75.2,38.1,334.0,3.0,11.1,175.0,92.0,,,,,
2026-06-25 14:00:00,69.6,36.2,348.0,3.6,10.6,174.0,107.0,,,,,
2026-06-25 15:00:00,69.6,36.7,334.0,2.3,10.2,173.0,124.0,,,,,
2026-06-25 16:00:00,65.2,34.7,330.0,1.5,9.9,168.0,138.0,,,,,
2026-06-25 17:00:00,40.6,26.8,440.0,8.4,7.7,166.0,148.0,,,,,
2026-06-25 18:00:00,42.5,28.4,766.0,27.8,8.7,135.0,153.0,,,,,
2026-06-25 19:00:00,45.9,34.0,1207.0,54.7,10.2,91.0,150.0,,,,,
2026-06-25 20:00:00,54.5,43.7,1564.0,76.2,11.0,55.0,134.0,,,,,
2026-06-25 21:00:00,57.0,47.6,1784.0,88.3,10.9,32.0,108.0,,,,,
2026-06-25 22:00:00,60.3,51.7,1921.0,94.9,10.2,16.0,97.0,,,,,
2026-06-25 23:00:00,62.4,54.7,1940.0,94.8,9.2,8.0,97.0,,,,,
2026-06-26 00:00:00,58.0,52.6,1789.0,84.8,7.8,11.0,98.0,,,,,
2026-06-26 01:00:00,51.2,47.4,1518.0,68.2,6.2,22.0,99.0,,,,,
2026-06-26 02:00:00,46.2,43.0,1248.0,53.2,5.0,33.0,100.0,,,,,
2026-06-26 03:00:00,43.1,39.8,987.0,42.6,4.4,38.0,101.0,,,,,
2026-06-26 04:00:00,40.2,37.4,726.0,33.8,4.2,42.0,103.0,,,,,
2026-06-26 05:00:00,43.8,41.2,553.0,38.3,4.9,33.0,104.0,,,,,
2026-06-26 06:00:00,41.4,38.2,540.0,32.5,6.7,57.0,105.0,,,,,
2026-06-26 07:00:00,36.6,31.5,616.0,24.3,9.3,91.0,107.0,,,,,
2026-06-26 08:00:00,36.9,28.1,655.0,17.1,11.6,122.0,107.0,,,,,
2026-06-26 09:00:00,40.5,29.2,595.0,11.9,13.5,147.0,108.0,,,,,
2026-06-26 10:00:00,46.0,31.7,499.0,7.6,15.2,169.0,107.0,,,,,
2026-06-26 11:00:00,48.9,33.3,425.0,4.7,16.0,186.0,107.0,,,,,
2026-06-26 12:00:00,49.0,34.2,394.0,3.5,15.5,196.0,107.0,,,,,
2026-06-26 13:00:00,48.1,34.3,386.0,3.6,14.3,200.0,107.0,,,,,
2026-06-26 14:00:00,47.8,34.9,396.0,4.3,13.2,201.0,115.0,,,,,
2026-06-26 15:00:00,49.2,36.2,407.0,3.0,12.7,203.0,146.0,,,,,
2026-06-26 16:00:00,49.5,36.3,436.0,2.2,12.4,201.0,165.0,,,,,
2026-06-26 17:00:00,50.6,35.2,529.0,9.1,11.7,186.0,177.0,,,,,
2026-06-26 18:00:00,51.2,35.9,728.0,32.6,12.4,148.0,183.0,,,,,
2026-06-26 19:00:00,59.8,45.4,991.0,64.8,13.2,96.0,180.0,,,,,
2026-06-26 20:00:00,69.8,53.7,1240.0,87.1,13.4,55.0,166.0,,,,,
2026-06-26 21:00:00,72.4,55.9,1489.0,91.0,12.3,37.0,141.0,,,,,
2026-06-26 22:00:00,65.2,53.1,1724.0,84.9,10.4,32.0,111.0,,,,,
2026-06-26 23:00:00,59.5,49.7,1822.0,75.7,8.7,31.0,112.0,,,,,
2026-06-27 00:00:00,52.9,45.1,1689.0,63.5,7.2,36.0,111.0,,,,,
2026-06-27 01:00:00,45.5,39.7,1419.0,48.1,5.9,45.0,110.0,,,,,
2026-06-27 02:00:00,39.9,35.0,1169.0,35.6,4.9,53.0,109.0,,,,,
2026-06-27 03:00:00,36.9,32.1,979.0,28.8,4.2,53.0,109.0,,,,,
2026-06-27 04:00:00,34.9,30.4,810.0,24.9,3.9,51.0,108.0,,,,,
2026-06-27 05:00:00,31.9,29.0,700.0,26.4,3.9,49.0,107.0,,,,,
2026-06-27 06:00:00,31.4,28.5,696.0,24.1,5.2,72.0,106.0,,,,,
2026-06-27 07:00:00,33.8,29.8,752.0,20.8,7.1,105.0,105.0,,,,,
2026-06-27 08:00:00,51.1,34.2,764.0,17.1,9.1,134.0,105.0,,,,,
2026-06-27 09:00:00,63.6,39.8,673.0,12.8,11.3,157.0,105.0,,,,,
2026-06-27 10:00:00,66.4,41.7,538.0,8.2,13.5,177.0,106.0,,,,,
2026-06-27 11:00:00,66.4,42.6,434.0,4.8,14.7,191.0,107.0,,,,,
2026-06-27 12:00:00,64.3,42.0,393.0,3.4,14.0,195.0,108.0,,,,,
2026-06-27 13:00:00,61.7,41.2,383.0,3.3,12.2,193.0,109.0,,,,,
2026-06-27 14:00:00,59.3,40.2,385.0,3.7,10.8,188.0,127.0,,,,,
2026-06-27 15:00:00,56.7,38.8,362.0,2.2,10.2,185.0,151.0,,,,,
2026-06-27 16:00:00,54.9,37.5,351.0,1.3,9.9,181.0,164.0,,,,,
2026-06-27 17:00:00,34.0,23.9,439.0,7.9,8.9,159.0,171.0,,,,,
2026-06-27 18:00:00,34.9,23.9,718.0,33.7,10.0,123.0,172.0,,,,,
2026-06-27 19:00:00,44.9,34.3,1096.0,69.0,11.4,72.0,163.0,,,,,
2026-06-27 20:00:00,55.1,44.4,1384.0,93.3,12.2,35.0,142.0,,,,,
2026-06-27 21:00:00,58.3,48.5,1518.0,97.0,11.9,22.0,108.0,,,,,
2026-06-27 22:00:00,56.2,48.7,1561.0,89.6,11.1,23.0,106.0,,,,,
2026-06-27 23:00:00,53.6,46.9,1513.0,79.2,10.1,27.0,105.0,,,,,
2026-06-28 00:00:00,50.1,44.0,1329.0,66.7,9.0,34.0,105.0,,,,,
2026-06-28 01:00:00,45.9,40.4,1054.0,51.1,7.8,45.0,105.0,,,,,
2026-06-28 02:00:00,41.2,36.2,821.0,38.0,6.9,55.0,105.0,,,,,
2026-06-28 03:00:00,36.6,32.4,676.0,29.5,6.3,61.0,105.0,,,,,
2026-06-28 04:00:00,33.5,29.6,572.0,23.5,5.9,66.0,105.0,,,,,
2026-06-28 05:00:00,32.7,29.3,502.0,22.0,5.7,66.0,105.0,,,,,
2026-06-28 06:00:00,32.7,28.8,478.0,18.4,7.1,89.0,105.0,,,,,
2026-06-28 07:00:00,35.6,30.0,487.0,13.4,9.1,120.0,105.0,,,,,
2026-06-28 08:00:00,45.6,32.7,485.0,9.1,10.7,146.0,105.0,,,,,
2026-06-28 09:00:00,52.5,36.0,451.0,6.4,11.6,159.0,105.0,,,,,
2026-06-28 10:00:00,53.3,36.2,405.0,4.5,12.1,167.0,104.0,,,,,
2026-06-28 11:00:00,51.9,34.6,367.0,3.2,12.2,171.0,104.0,,,,,
2026-06-28 12:00:00,50.2,32.8,341.0,2.5,11.6,172.0,103.0,,,,,
2026-06-28 13:00:00,47.4,30.9,322.0,2.5,10.7,170.0,102.0,,,,,
2026-06-28 14:00:00,44.9,29.3,311.0,2.7,9.9,168.0,120.0,,,,,
2026-06-28 15:00:00,43.1,28.2,288.0,2.3,9.6,168.0,137.0,,,,,
2026-06-28 16:00:00,41.8,27.2,272.0,2.2,9.5,166.0,147.0,,,,,
2026-06-28 17:00:00,41.2,26.5,321.0,5.1,9.6,159.0,151.0,,,,,
2026-06-28 18:00:00,40.9,26.0,492.0,13.9,9.9,140.0,151.0,,,,,
2026-06-28 19:00:00,45.4,32.4,727.0,25.7,10.4,114.0,146.0,,,,,
2026-06-28 20:00:00,48.4,36.2,909.0,34.9,10.7,93.0,134.0,,,,,
2026-06-28 21:00:00,50.9,38.3,1003.0,39.5,10.7,80.0,117.0,,,,,
2026-06-28 22:00:00,55.8,41.8,1045.0,41.5,10.4,71.0,98.0,,,,,
2026-06-28 23:00:00,60.5,45.9,1024.0,41.6,10.0,64.0,96.0,,,,,
2026-06-29 00:00:00,61.7,47.8,904.0,39.4,9.2,59.0,96.0,,,,,
2026-06-29 01:00:00,57.7,46.3,721.0,35.4,8.1,55.0,97.0,,,,,
2026-06-29 02:00:00,52.0,43.0,572.0,31.0,7.3,55.0,97.0,,,,,
2026-06-29 03:00:00,47.4,39.8,487.0,26.5,6.8,57.0,98.0,,,,,
2026-06-29 04:00:00,44.2,37.5,436.0,21.7,6.5,63.0,98.0,,,,,
2026-06-29 05:00:00,48.5,39.3,430.0,19.4,6.0,61.0,99.0,,,,,
2026-06-29 06:00:00,48.3,39.2,509.0,17.5,7.5,83.0,100.0,,,,,
2026-06-29 07:00:00,52.2,40.4,633.0,14.7,9.7,114.0,101.0,,,,,
2026-06-29 08:00:00,58.1,41.2,692.0,12.0,11.4,141.0,102.0,,,,,
2026-06-29 09:00:00,58.1,40.6,615.0,9.3,12.4,160.0,103.0,,,,,
2026-06-29 10:00:00,56.6,39.3,472.0,6.5,13.0,175.0,103.0,,,,,
2026-06-29 11:00:00,55.1,38.2,364.0,4.5,13.2,186.0,103.0,,,,,
2026-06-29 12:00:00,55.6,38.5,333.0,3.6,12.7,191.0,104.0,,,,,
2026-06-29 13:00:00,53.2,37.1,337.0,3.4,11.8,191.0,104.0,,,,,
2026-06-29 14:00:00,50.1,34.9,348.0,3.7,11.1,189.0,130.0,,,,,
2026-06-29 15:00:00,48.0,33.3,345.0,3.5,10.8,188.0,152.0,,,,,
2026-06-29 16:00:00,47.3,32.7,349.0,3.8,10.8,184.0,164.0,,,,,
2026-06-29 17:00:00,52.4,38.1,396.0,7.6,10.7,177.0,171.0,,,,,
2026-06-29 18:00:00,51.7,38.5,523.0,13.8,10.6,158.0,174.0,,,,,
2026-06-29 19:00:00,51.0,41.3,692.0,22.5,10.3,132.0,171.0,,,,,
2026-06-29 20:00:00,53.1,43.5,828.0,29.7,10.1,109.0,162.0,,,,,
2026-06-29 21:00:00,55.4,45.2,919.0,34.4,9.9,93.0,149.0,,,,,
2026-06-29 22:00:00,58.4,47.7,977.0,37.6,9.6,81.0,128.0,,,,,
2026-06-29 23:00:00,61.0,50.2,963.0,38.4,9.3,73.0,112.0,,,,,
2026-06-30 00:00:00,62.2,51.2,825.0,35.8,8.8,70.0,113.0,,,,,
2026-06-30 01:00:00,61.5,50.6,615.0,30.8,8.2,72.0,113.0,,,,,
2026-06-30 02:00:00,60.1,49.5,450.0,26.1,7.8,75.0,113.0,,,,,
2026-06-30 03:00:00,59.1,48.4,375.0,22.4,7.5,78.0,114.0,,,,,
2026-06-30 04:00:00,58.8,47.5,345.0,18.9,7.2,83.0,115.0,,,,,
2026-06-30 05:00:00,59.5,48.4,337.0,20.6,7.9,79.0,116.0,,,,,
2026-06-30 06:00:00,58.1,47.8,358.0,18.1,9.5,99.0,117.0,,,,,
2026-06-30 07:00:00,65.2,48.0,401.0,14.6,11.7,126.0,118.0,,,,,
2026-06-30 08:00:00,71.2,48.5,426.0,11.4,13.5,150.0,119.0,,,,,
2026-06-30 09:00:00,74.7,48.3,410.0,8.8,14.7,168.0,119.0,,,,,
2026-06-30 10:00:00,77.5,49.1,376.0,6.4,15.5,182.0,120.0,,,,,
2026-06-30 11:00:00,78.5,49.9,347.0,4.7,15.7,190.0,121.0,,,,,
2026-06-30 12:00:00,75.7,49.5,330.0,3.8,14.8,190.0,123.0,,,,,
2026-06-30 13:00:00,82.7,55.8,318.0,3.6,13.2,185.0,124.0,,,,,
2026-06-30 14:00:00,67.1,46.1,316.0,4.1,11.9,179.0,141.0,,,,,
2026-06-30 15:00:00,62.2,43.5,332.0,5.3,11.2,173.0,156.0,,,,,
2026-06-30 16:00:00,64.0,45.2,358.0,7.2,10.7,167.0,163.0,,,,,
2026-06-30 17:00:00,62.2,44.5,375.0,8.2,10.6,169.0,166.0,,,,,
2026-06-30 18:00:00,70.3,51.5,368.0,10.2,10.5,160.0,166.0,,,,,
2026-06-30 19:00:00,76.8,58.0,353.0,13.2,10.2,147.0,163.0,,,,,
2026-06-30 20:00:00,73.8,57.0,359.0,16.3,9.9,133.0,156.0,,,,,
2026-06-30 21:00:00,69.8,56.0,409.0,19.6,9.3,120.0,146.0,,,,,
2026-06-30 22:00:00,68.2,54.1,480.0,23.1,8.6,106.0,135.0,,,,,
2026-06-30 23:00:00,68.0,53.4,536.0,26.1,8.0,93.0,136.0,,,,,
2026-07-01 00:00:00,67.1,53.7,567.0,28.8,7.5,79.0,136.0,,,,,
2026-07-01 01:00:00,64.0,52.9,584.0,31.0,7.0,67.0,137.0,,,,,
2026-07-01 02:00:00,60.5,50.5,581.0,31.1,6.6,60.0,137.0,,,,,
2026-07-01 03:00:00,59.6,48.4,542.0,27.6,6.3,62.0,137.0,,,,,
2026-07-01 04:00:00,62.4,48.2,483.0,22.1,6.0,70.0,137.0,,,,,
2026-07-01 05:00:00,48.3,35.4,446.0,7.5,5.7,126.0,137.0,,,,,
2026-07-01 06:00:00,37.7,28.8,463.0,10.1,6.3,125.0,136.0,,,,,
2026-07-01 07:00:00,41.0,27.6,503.0,13.5,7.2,125.0,134.0,,,,,
2026-07-01 08:00:00,50.4,30.9,512.0,14.9,8.2,129.0,132.0,,,,,
2026-07-01 09:00:00,79.4,42.5,455.0,12.3,9.4,143.0,130.0,,,,,
2026-07-01 10:00:00,92.4,47.0,368.0,7.8,10.7,161.0,129.0,,,,,
2026-07-01 11:00:00,96.2,48.2,306.0,4.4,11.4,174.0,129.0,,,,,
2026-07-01 12:00:00,97.3,47.8,290.0,3.5,11.1,178.0,129.0,,,,,
2026-07-01 13:00:00,97.3,47.0,299.0,3.7,10.2,176.0,129.0,,,,,
2026-07-01 14:00:00,97.6,46.1,326.0,4.5,9.5,173.0,128.0,,,,,
2026-07-01 15:00:00,108.5,48.3,373.0,5.1,9.6,170.0,134.0,,,,,
2026-07-01 16:00:00,95.2,44.2,438.0,6.1,9.9,164.0,144.0,,,,,
2026-07-01 17:00:00,145.3,59.8,506.0,10.2,10.0,153.0,151.0,,,,,
2026-07-01 18:00:00,154.6,63.6,572.0,13.6,10.2,141.0,153.0,,,,,
2026-07-01 19:00:00,156.0,65.4,641.0,18.2,10.5,125.0,149.0,,,,,
2026-07-01 20:00:00,122.5,60.1,709.0,22.1,10.4,111.0,139.0,,,,,
2026-07-01 21:00:00,91.5,50.3,799.0,24.7,9.7,101.0,132.0,,,,,
2026-07-01 22:00:00,86.8,48.4,887.0,26.4,8.7,94.0,131.0,,,,,
2026-07-01 23:00:00,85.7,48.7,905.0,26.6,7.6,89.0,131.0,,,,,
2026-07-02 00:00:00,81.5,47.7,788.0,24.4,6.4,88.0,130.0,,,,,
2026-07-02 01:00:00,62.4,39.9,599.0,20.7,5.2,89.0,130.0,,,,,
2026-07-02 02:00:00,44.5,32.1,459.0,17.2,4.3,92.0,128.0,,,,,
2026-07-02 03:00:00,43.1,32.5,425.0,14.0,3.7,96.0,127.0,,,,,
2026-07-02 04:00:00,36.7,29.0,440.0,11.1,3.4,101.0,125.0,,,,,
2026-07-02 05:00:00,55.6,43.2,453.0,27.8,7.5,59.0,123.0,,,,,
2026-07-02 06:00:00,60.3,48.3,446.0,26.6,8.8,67.0,124.0,,,,,
2026-07-02 07:00:00,62.9,44.9,437.0,24.7,10.7,79.0,126.0,,,,,
2026-07-02 08:00:00,84.8,47.1,424.0,22.1,12.9,97.0,127.0,,,,,
2026-07-02 09:00:00,91.3,49.2,405.0,18.2,15.9,125.0,129.0,,,,,
2026-07-02 10:00:00,87.5,47.3,383.0,13.6,19.1,158.0,130.0,,,,,
2026-07-02 11:00:00,79.6,44.2,365.0,9.8,20.9,184.0,130.0,,,,,
2026-07-02 12:00:00,80.6,45.3,354.0,7.3,20.0,197.0,129.0,,,,,
2026-07-02 13:00:00,84.3,46.9,347.0,5.6,17.7,203.0,129.0,,,,,
2026-07-02 14:00:00,87.8,48.0,348.0,4.9,15.7,203.0,129.0,,,,,
2026-07-02 15:00:00,90.8,48.8,358.0,4.1,14.7,199.0,132.0,,,,,
2026-07-02 16:00:00,93.4,49.5,375.0,4.2,14.0,190.0,155.0,,,,,
2026-07-02 17:00:00,85.2,44.6,401.0,7.8,9.5,155.0,170.0,,,,,
2026-07-02 18:00:00,97.6,47.0,439.0,20.4,9.8,132.0,175.0,,,,,
2026-07-02 19:00:00,97.1,52.0,485.0,37.7,10.1,99.0,171.0,,,,,
2026-07-02 20:00:00,103.1,58.0,528.0,50.8,10.2,73.0,157.0,,,,,
2026-07-02 21:00:00,103.8,60.5,571.0,56.0,9.9,60.0,133.0,,,,,
2026-07-02 22:00:00,96.6,60.1,612.0,56.9,9.3,54.0,126.0,,,,,
2026-07-02 23:00:00,87.1,57.9,631.0,55.9,8.6,49.0,127.0,,,,,
2026-07-03 00:00:00,81.0,56.0,619.0,53.2,7.8,44.0,128.0,,,,,
2026-07-03 01:00:00,75.9,53.4,585.0,48.6,7.0,41.0,129.0,,,,,
2026-07-03 02:00:00,70.5,49.9,537.0,43.3,6.2,41.0,131.0,,,,,
2026-07-03 03:00:00,70.1,49.5,455.0,37.0,5.5,44.0,132.0,,,,,
2026-07-03 04:00:00,72.4,47.5,360.0,30.1,4.8,49.0,134.0,,,,,
2026-07-03 05:00:00,34.5,27.7,318.0,19.7,4.4,72.0,136.0,,,,,
2026-07-03 06:00:00,32.7,26.9,386.0,19.8,6.2,88.0,135.0,,,,,
2026-07-03 07:00:00,34.9,26.7,508.0,19.7,8.6,110.0,132.0,,,,,
2026-07-03 08:00:00,49.1,28.9,584.0,18.4,10.8,133.0,130.0,,,,,
2026-07-03 09:00:00,77.1,37.3,558.0,14.5,12.3,155.0,129.0,,,,,
2026-07-03 10:00:00,96.2,44.2,487.0,9.2,13.5,177.0,127.0,,,,,
2026-07-03 11:00:00,101.5,47.0,436.0,5.4,14.3,194.0,127.0,,,,,
2026-07-03 12:00:00,99.2,46.8,437.0,4.1,14.4,204.0,127.0,,,,,
2026-07-03 13:00:00,92.9,44.9,460.0,4.2,14.1,210.0,127.0,,,,,
2026-07-03 14:00:00,83.8,41.9,478.0,4.9,13.8,212.0,137.0,,,,,
2026-07-03 15:00:00,81.0,41.8,455.0,2.8,13.7,215.0,160.0,,,,,
2026-07-03 16:00:00,78.5,41.6,428.0,1.3,13.8,215.0,177.0,,,,,
2026-07-03 17:00:00,45.5,25.6,482.0,8.9,8.5,160.0,190.0,,,,,
2026-07-03 18:00:00,47.0,26.0,678.0,37.5,9.5,119.0,191.0,,,,,
2026-07-03 19:00:00,53.9,35.2,955.0,76.9,11.0,62.0,181.0,,,,,
2026-07-03 20:00:00,69.2,48.0,1222.0,106.3,12.3,19.0,160.0,,,,,
2026-07-03 21:00:00,81.5,58.9,1475.0,117.8,13.7,3.0,124.0,,,,,
2026-07-03 22:00:00,85.2,62.4,1718.0,119.3,15.0,2.0,118.0,,,,,
2026-07-03 23:00:00,85.4,63.6,1869.0,113.8,15.3,6.0,118.0,,,,,
2026-07-04 00:00:00,80.6,61.2,1893.0,99.0,13.8,14.0,119.0,,,,,
2026-07-04 01:00:00,70.3,54.7,1825.0,77.2,11.4,28.0,119.0,,,,,
2026-07-04 02:00:00,61.2,48.8,1691.0,57.6,9.3,41.0,119.0,,,,,
2026-07-04 03:00:00,53.2,42.8,1456.0,43.1,8.0,50.0,119.0,,,,,
2026-07-04 04:00:00,46.9,37.8,1155.0,30.8,7.0,59.0,119.0,,,,,
2026-07-04 05:00:00,53.1,43.7,914.0,31.7,7.4,55.0,118.0,,,,,
2026-07-04 06:00:00,48.2,39.8,791.0,26.8,8.6,80.0,119.0,,,,,
2026-07-04 07:00:00,45.4,35.0,728.0,19.9,10.2,115.0,121.0,,,,,
2026-07-04 08:00:00,53.3,35.0,674.0,13.9,11.9,146.0,121.0,,,,,
2026-07-04 09:00:00,58.1,36.1,613.0,9.9,13.8,168.0,122.0,,,,,
2026-07-04 10:00:00,61.7,37.8,560.0,6.8,15.7,184.0,122.0,,,,,
2026-07-04 11:00:00,63.6,38.2,512.0,4.7,16.6,196.0,121.0,,,,,
2026-07-04 12:00:00,63.6,38.5,462.0,3.7,15.8,201.0,120.0,,,,,
2026-07-04 13:00:00,63.3,38.8,417.0,3.6,14.1,200.0,120.0,,,,,
2026-07-04 14:00:00,61.2,37.7,392.0,4.0,12.5,197.0,141.0,,,,,
2026-07-04 15:00:00,59.1,36.4,370.0,0.8,11.4,195.0,162.0,,,,,
2026-07-04 16:00:00,57.0,34.9,368.0,0.0,10.5,190.0,175.0,,,,,
2026-07-04 17:00:00,50.1,30.7,452.0,8.1,10.3,174.0,182.0,,,,,
2026-07-04 18:00:00,49.5,30.4,681.0,39.5,11.3,130.0,183.0,,,,,
2026-07-04 19:00:00,57.0,40.3,996.0,82.4,12.7,69.0,174.0,,,,,
2026-07-04 20:00:00,70.5,52.6,1292.0,111.4,13.5,25.0,154.0,,,,,
2026-07-04 21:00:00,75.7,56.7,1594.0,114.5,13.4,13.0,119.0,,,,,
2026-07-04 22:00:00,75.7,57.2,1877.0,103.7,12.8,18.0,119.0,,,,,
2026-07-04 23:00:00,71.7,56.1,1959.0,89.3,12.0,27.0,118.0,,,,,
2026-07-05 00:00:00,65.2,52.4,1682.0,72.0,11.0,40.0,118.0,,,,,
2026-07-05 01:00:00,59.8,48.1,1204.0,51.1,9.9,57.0,117.0,,,,,
2026-07-05 02:00:00,56.5,44.8,815.0,34.3,9.1,72.0,116.0,,,,,
2026-07-05 03:00:00,54.4,42.7,630.0,25.4,8.6,80.0,116.0,,,,,
2026-07-05 04:00:00,53.2,41.7,535.0,20.7,8.3,85.0,116.0,,,,,
2026-07-05 05:00:00,50.3,40.2,478.0,25.0,8.5,70.0,116.0,,,,,
2026-07-05 06:00:00,50.1,39.8,460.0,20.6,9.8,93.0,116.0,,,,,
2026-07-05 07:00:00,54.2,41.7,480.0,14.4,11.6,126.0,116.0,,,,,
2026-07-05 08:00:00,67.3,49.7,488.0,9.3,13.2,154.0,116.0,,,,,
2026-07-05 09:00:00,75.4,55.1,461.0,6.5,14.5,173.0,118.0,,,,,
2026-07-05 10:00:00,78.9,57.2,421.0,4.9,15.5,188.0,120.0,,,,,
2026-07-05 11:00:00,78.5,55.5,386.0,3.8,15.7,196.0,122.0,,,,,
2026-07-05 12:00:00,73.3,51.1,360.0,3.0,14.4,196.0,124.0,,,,,
2026-07-05 13:00:00,67.1,46.6,339.0,2.8,12.2,191.0,125.0,,,,,
2026-07-05 14:00:00,63.1,43.5,325.0,2.9,10.4,184.0,147.0,,,,,
2026-07-05 15:00:00,60.1,41.0,303.0,2.1,9.5,180.0,162.0,,,,,
2026-07-05 16:00:00,57.7,38.6,288.0,1.7,9.0,174.0,171.0,,,,,
2026-07-05 17:00:00,74.3,47.6,333.0,5.6,8.9,162.0,174.0,,,,,
2026-07-05 18:00:00,71.7,45.3,502.0,28.6,9.9,127.0,172.0,,,,,
2026-07-05 19:00:00,81.5,56.8,730.0,59.7,11.3,80.0,162.0,,,,,
2026-07-05 20:00:00,90.1,66.4,873.0,78.1,12.0,48.0,142.0,,,,,
2026-07-05 21:00:00,79.6,63.6,851.0,71.8,11.6,46.0,134.0,,,,,
2026-07-05 22:00:00,77.5,63.3,744.0,52.7,10.6,58.0,134.0,,,,,
2026-07-05 23:00:00,79.4,64.0,653.0,36.1,9.7,71.0,135.0,,,,,
2026-07-06 00:00:00,78.7,62.9,619.0,27.3,9.0,79.0,136.0,,,,,
2026-07-06 01:00:00,76.4,60.8,602.0,20.9,8.4,86.0,137.0,,,,,
2026-07-06 02:00:00,74.5,59.4,579.0,16.2,7.9,92.0,138.0,,,,,
2026-07-06 03:00:00,72.2,58.3,534.0,13.3,7.6,95.0,140.0,,,,,
2026-07-06 04:00:00,69.8,56.5,485.0,12.1,7.4,97.0,141.0,,,,,
2026-07-06 05:00:00,79.4,63.8,459.0,13.4,8.2,88.0,143.0,,,,,
2026-07-06 06:00:00,75.4,62.2,483.0,13.2,9.5,105.0,145.0,,,,,
2026-07-06 07:00:00,83.8,64.7,532.0,12.8,11.2,128.0,148.0,,,,,
2026-07-06 08:00:00,94.3,68.9,557.0,11.7,12.5,149.0,150.0,,,,,
2026-07-06 09:00:00,94.8,68.9,533.0,9.4,13.0,166.0,151.0,,,,,
2026-07-06 10:00:00,91.7,67.8,486.0,6.4,13.0,181.0,151.0,,,,,
2026-07-06 11:00:00,86.8,64.5,445.0,4.3,12.7,190.0,151.0,,,,,
2026-07-06 12:00:00,82.2,60.5,418.0,3.4,11.7,189.0,152.0,,,,,
2026-07-06 13:00:00,75.2,55.3,398.0,3.3,10.3,182.0,152.0,,,,,
2026-07-06 14:00:00,69.6,51.3,393.0,4.2,9.4,175.0,152.0,,,,,
2026-07-06 15:00:00,72.4,53.0,382.0,4.9,9.2,173.0,154.0,,,,,
2026-07-06 16:00:00,68.5,50.3,385.0,6.4,9.5,171.0,162.0,,,,,
2026-07-06 17:00:00,87.5,61.0,475.0,9.0,10.4,157.0,165.0,,,,,
2026-07-06 18:00:00,82.7,59.8,738.0,19.8,9.6,134.0,164.0,,,,,
2026-07-06 19:00:00,68.2,56.1,1088.0,34.7,8.4,101.0,156.0,35.1,49.0,6.9,943.7,0.0
2026-07-06 20:00:00,65.4,56.2,1337.0,45.2,7.5,76.0,154.0,33.9,55.0,5.3,944.1,0.0
2026-07-06 21:00:00,65.4,56.8,1416.0,47.1,7.1,66.0,154.0,32.6,63.0,6.4,944.4,0.0
2026-07-06 22:00:00,62.6,56.9,1393.0,44.6,7.0,63.0,153.0,31.6,66.0,6.3,945.1,0.0
2026-07-06 23:00:00,61.0,54.4,1290.0,42.4,6.8,59.0,153.0,31.2,70.0,0.4,945.5,0.0
2026-07-07 00:00:00,62.4,55.1,1060.0,43.0,6.2,48.0,153.0,30.7,72.0,1.1,945.3,0.0
2026-07-07 01:00:00,65.0,56.6,749.0,43.8,5.6,36.0,153.0,30.0,75.0,3.3,945.0,0.0
2026-07-07 02:00:00,63.3,56.2,512.0,41.5,5.1,34.0,153.0,26.8,84.0,2.3,945.8,4.2
2026-07-07 03:00:00,60.5,52.3,414.0,32.8,4.8,49.0,152.0,26.8,84.0,8.1,945.2,0.0
2026-07-07 04:00:00,31.2,26.3,390.0,21.1,4.8,74.0,152.0,26.5,86.0,6.3,945.6,0.4
2026-07-07 05:00:00,69.8,62.2,399.0,56.1,7.1,13.0,151.0,26.6,85.0,8.2,945.4,3.8
2026-07-07 06:00:00,68.2,61.2,443.0,48.3,8.1,39.0,151.0,27.1,81.0,4.2,945.7,0.0
2026-07-07 07:00:00,67.8,60.8,520.0,37.2,9.6,75.0,151.0,28.0,77.0,1.1,945.8,0.0
2026-07-07 08:00:00,70.1,54.1,579.0,27.1,12.0,112.0,151.0,26.8,84.0,7.2,946.6,2.0
2026-07-07 09:00:00,80.1,59.6,603.0,19.1,16.3,148.0,151.0,26.8,81.0,3.9,946.8,2.1
2026-07-07 10:00:00,86.4,64.0,610.0,12.0,21.4,185.0,150.0,26.3,83.0,4.5,947.1,2.9
2026-07-07 11:00:00,90.3,67.1,599.0,7.0,24.2,210.0,150.0,30.6,64.0,4.7,945.8,0.6
2026-07-07 12:00:00,95.0,68.9,560.0,4.6,22.5,218.0,150.0,31.7,61.0,4.7,945.4,0.0
2026-07-07 13:00:00,92.9,66.4,505.0,4.3,18.4,216.0,151.0,34.0,52.0,4.1,944.8,0.0
2026-07-07 14:00:00,92.2,64.3,466.0,4.8,15.0,210.0,151.0,35.5,47.0,4.5,944.1,0.0
2026-07-07 15:00:00,90.8,62.4,427.0,1.9,13.4,207.0,157.0,36.2,44.0,6.0,943.4,0.0
2026-07-07 16:00:00,89.4,60.3,406.0,0.0,12.5,200.0,178.0,36.4,44.0,7.1,942.7,0.0
2026-07-07 17:00:00,55.3,36.7,487.0,9.3,10.5,167.0,192.0,37.4,39.0,8.2,941.6,0.0
2026-07-07 18:00:00,53.2,38.5,724.0,35.0,11.0,126.0,195.0,36.6,42.0,7.9,941.6,0.0
2026-07-07 19:00:00,58.7,44.6,1064.0,70.4,11.7,70.0,185.0,35.8,44.0,6.8,942.0,0.0
2026-07-07 20:00:00,66.1,50.8,1431.0,96.3,12.2,28.0,163.0,34.6,48.0,3.3,942.8,0.0
2026-07-07 21:00:00,75.2,58.8,1899.0,105.7,12.4,11.0,150.0,33.7,52.0,1.9,943.2,0.0
2026-07-07 22:00:00,77.5,63.3,2395.0,105.5,12.5,7.0,150.0,32.7,55.0,3.4,943.6,0.0
2026-07-07 23:00:00,73.3,61.5,2621.0,98.0,12.3,12.0,150.0,32.5,57.0,6.9,943.0,0.0
2026-07-08 00:00:00,70.1,58.3,2372.0,79.3,11.6,29.0,151.0,32.1,55.0,6.9,943.2,0.1
2026-07-08 01:00:00,65.7,53.8,1853.0,53.2,10.6,55.0,151.0,31.1,58.0,4.0,943.6,0.3
2026-07-08 02:00:00,61.2,50.1,1389.0,33.1,9.8,74.0,151.0,29.8,66.0,2.5,943.6,0.3
2026-07-08 03:00:00,57.2,47.3,1079.0,25.0,9.0,76.0,150.0,26.9,78.0,9.4,943.5,0.6
2026-07-08 04:00:00,53.9,44.9,823.0,22.9,8.4,72.0,150.0,26.9,77.0,5.7,943.0,0.0
2026-07-08 05:00:00,63.1,52.5,649.0,23.2,7.7,65.0,151.0,27.2,80.0,8.4,943.6,2.4
2026-07-08 06:00:00,60.8,50.8,595.0,22.5,8.8,86.0,151.0,27.4,80.0,8.9,943.7,0.2
2026-07-08 07:00:00,60.3,50.3,622.0,21.3,10.4,115.0,150.0,27.6,77.0,7.4,944.0,0.0
2026-07-08 08:00:00,71.2,54.9,641.0,19.1,12.2,144.0,150.0,28.4,73.0,7.4,944.6,0.0
2026-07-08 09:00:00,82.4,63.3,620.0,14.9,14.5,172.0,150.0,27.4,81.0,3.3,945.2,1.8
2026-07-08 10:00:00,88.5,68.2,590.0,9.7,16.9,199.0,150.0,27.8,77.0,6.4,945.7,1.8
2026-07-08 11:00:00,95.2,72.4,553.0,5.8,18.1,217.0,150.0,30.7,65.0,6.0,944.7,0.0
2026-07-08 12:00:00,87.3,66.8,499.0,4.3,17.0,222.0,150.0,31.9,62.0,5.4,944.3,0.0
2026-07-08 13:00:00,78.7,60.3,438.0,4.2,14.6,219.0,150.0,33.7,59.0,6.6,944.0,0.6
2026-07-08 14:00:00,72.9,55.8,396.0,4.8,12.6,212.0,157.0,34.2,59.0,5.5,944.1,0.1
2026-07-08 15:00:00,68.0,51.8,374.0,3.7,11.5,206.0,177.0,33.3,63.0,4.9,943.6,0.1
2026-07-08 16:00:00,64.5,49.0,371.0,3.3,10.8,197.0,191.0,33.2,65.0,4.1,943.5,0.1
2026-07-08 17:00:00,91.7,75.2,417.0,11.5,13.4,194.0,200.0,33.1,67.0,7.8,942.8,0.7
2026-07-08 18:00:00,88.0,73.6,559.0,20.4,12.4,169.0,201.0,30.5,73.0,10.9,943.2,0.4
2026-07-08 19:00:00,86.4,77.5,749.0,32.8,10.9,135.0,198.0,29.6,74.0,8.8,943.2,0.0
2026-07-08 20:00:00,82.4,73.8,873.0,41.8,9.7,107.0,185.0,29.2,78.0,7.0,943.5,0.0
2026-07-08 21:00:00,76.4,70.3,868.0,44.4,9.2,92.0,167.0,27.9,84.0,5.5,944.4,0.5
2026-07-08 22:00:00,74.0,67.5,796.0,43.8,8.9,82.0,153.0,27.4,84.0,3.4,944.6,0.4
2026-07-08 23:00:00,76.4,69.6,728.0,42.6,8.1,73.0,154.0,28.9,75.0,4.7,944.8,1.0
2026-07-09 00:00:00,76.1,70.1,687.0,41.8,6.1,60.0,154.0,26.9,83.0,5.6,944.5,1.1
2026-07-09 01:00:00,81.5,76.1,650.0,40.6,3.6,48.0,154.0,27.5,80.0,4.3,944.1,0.0
2026-07-09 02:00:00,85.4,79.9,621.0,38.9,1.7,38.0,155.0,26.0,85.0,7.6,944.3,2.2
2026-07-09 03:00:00,85.7,80.1,592.0,36.8,0.3,29.0,156.0,25.3,86.0,2.7,944.7,1.3
2026-07-09 04:00:00,84.3,78.9,570.0,34.2,0.0,24.0,157.0,25.5,83.0,0.8,944.6,0.0
2026-07-09 05:00:00,94.1,87.8,586.0,55.6,3.0,9.0,158.0,25.4,82.0,1.8,944.2,0.0
2026-07-09 06:00:00,91.5,86.6,683.0,49.0,6.4,39.0,159.0,25.4,82.0,1.8,944.2,0.0
2026-07-09 07:00:00,87.1,83.4,818.0,39.5,11.2,82.0,160.0,26.8,75.0,1.0,944.6,0.0
2026-07-09 08:00:00,72.6,62.2,887.0,30.4,15.4,124.0,161.0,28.5,66.0,2.7,944.8,0.0
2026-07-09 09:00:00,70.5,56.2,828.0,22.0,18.5,166.0,161.0,30.6,58.0,6.0,944.9,0.0
2026-07-09 10:00:00,75.9,59.6,704.0,13.8,21.0,208.0,161.0,32.3,50.0,7.2,944.7,0.0
2026-07-09 11:00:00,78.7,62.2,599.0,7.9,21.9,235.0,160.0,32.9,45.0,6.2,945.3,0.0
2026-07-09 12:00:00,79.6,61.9,543.0,5.2,20.0,239.0,160.0,33.9,43.0,7.0,945.2,0.0
2026-07-09 13:00:00,78.5,59.4,506.0,4.7,16.6,229.0,160.0,34.7,42.0,7.5,944.6,0.0
2026-07-09 14:00:00,76.8,56.7,484.0,5.0,13.9,218.0,160.0,35.4,40.0,6.2,944.2,0.0
2026-07-09 15:00:00,76.1,55.1,436.0,4.2,13.0,213.0,177.0,35.8,39.0,6.1,943.9,0.0
2026-07-09 16:00:00,74.0,52.7,403.0,4.2,12.8,208.0,198.0,35.7,40.0,6.1,943.4,0.0
2026-07-09 17:00:00,63.3,45.2,507.0,9.2,12.0,184.0,205.0,35.5,40.0,8.2,943.1,0.0
2026-07-09 18:00:00,63.6,48.0,896.0,23.1,12.2,155.0,206.0,34.4,46.0,7.5,943.1,0.0
2026-07-09 19:00:00,68.7,53.8,1423.0,42.5,12.4,114.0,202.0,32.5,57.0,3.9,943.2,0.0
2026-07-09 20:00:00,72.2,58.2,1767.0,58.3,12.5,79.0,186.0,30.8,62.0,6.2,943.6,0.0
2026-07-09 21:00:00,74.5,60.8,1769.0,68.8,12.3,55.0,161.0,29.8,67.0,4.5,944.3,0.0
2026-07-09 22:00:00,75.9,63.6,1589.0,75.7,11.9,38.0,157.0,29.2,68.0,5.4,945.1,0.0
2026-07-09 23:00:00,69.6,61.2,1388.0,75.0,11.2,33.0,157.0,29.7,67.0,5.1,944.8,0.0
2026-07-10 00:00:00,59.8,54.1,1207.0,60.9,9.9,50.0,157.0,29.0,71.0,5.0,945.0,0.0
2026-07-10 01:00:00,48.3,44.0,1005.0,39.2,8.2,79.0,156.0,27.7,69.0,17.7,945.6,0.1
2026-07-10 02:00:00,36.9,34.2,821.0,22.7,6.9,100.0,155.0,26.2,74.0,11.4,945.4,0.1
2026-07-10 03:00:00,32.6,29.8,648.0,16.9,5.9,99.0,154.0,26.4,72.0,8.5,945.3,0.0
2026-07-10 04:00:00,29.8,26.8,493.0,16.3,5.2,90.0,152.0,26.4,73.0,6.9,945.4,0.0
2026-07-10 05:00:00,61.0,54.4,416.0,24.3,7.7,64.0,151.0,26.2,84.0,6.9,944.7,0.0
2026-07-10 06:00:00,56.0,50.8,479.0,24.7,8.6,83.0,150.0,25.7,86.0,8.1,944.6,0.2
2026-07-10 07:00:00,55.8,50.2,619.0,25.1,9.9,109.0,146.0,27.1,79.0,5.4,945.0,0.0
2026-07-10 08:00:00,63.1,48.9,708.0,23.6,11.5,135.0,143.0,29.1,68.0,6.4,945.6,0.0
2026-07-10 09:00:00,87.1,61.0,682.0,18.4,13.9,160.0,141.0,31.0,62.0,5.6,945.7,0.0
2026-07-10 10:00:00,99.9,66.6,604.0,11.4,16.7,185.0,142.0,32.7,58.0,6.6,945.7,0.0
2026-07-10 11:00:00,97.3,61.5,540.0,6.1,18.0,202.0,142.0,34.0,55.0,5.4,945.4,0.0
2026-07-10 12:00:00,90.8,56.0,513.0,4.1,16.7,206.0,142.0,34.7,53.0,5.0,945.0,0.1
2026-07-10 13:00:00,85.7,52.4,500.0,3.9,14.0,201.0,142.0,35.4,50.0,5.2,944.2,0.1
2026-07-10 14:00:00,82.9,50.8,495.0,4.3,11.9,195.0,141.0,36.0,48.0,7.5,943.7,0.0
2026-07-10 15:00:00,79.4,48.5,486.0,4.4,11.1,190.0,160.0,35.9,46.0,8.9,943.4,0.0
2026-07-10 16:00:00,76.6,46.9,486.0,5.2,10.8,182.0,173.0,34.9,49.0,12.6,943.0,0.0
2026-07-10 17:00:00,67.8,41.7,529.0,7.6,12.1,176.0,180.0,36.6,39.0,8.3,942.2,0.3
2026-07-10 18:00:00,64.7,45.2,663.0,19.2,12.4,151.0,183.0,35.3,43.0,14.8,942.4,0.0
2026-07-10 19:00:00,64.0,48.1,840.0,35.3,12.9,117.0,177.0,32.4,58.0,13.7,942.6,0.0
2026-07-10 20:00:00,67.1,52.2,955.0,47.2,13.0,89.0,164.0,31.4,63.0,9.6,943.0,0.0
2026-07-10 21:00:00,67.3,54.4,954.0,51.8,12.7,74.0,143.0,30.6,66.0,9.2,943.9,0.0
2026-07-10 22:00:00,63.6,53.1,891.0,52.4,12.0,66.0,137.0,29.9,67.0,10.1,944.4,0.0
2026-07-10 23:00:00,58.7,51.0,815.0,49.5,11.0,64.0,136.0,29.7,68.0,13.4,944.0,0.0
2026-07-11 00:00:00,54.6,47.8,734.0,41.7,9.2,70.0,134.0,28.6,71.0,11.2,944.0,0.0
2026-07-11 01:00:00,51.1,44.6,642.0,30.6,7.0,82.0,134.0,28.1,73.0,9.8,943.8,0.0
2026-07-11 02:00:00,41.1,35.9,567.0,21.6,5.3,92.0,134.0,27.9,74.0,10.1,943.1,0.0
2026-07-11 03:00:00,37.3,31.4,514.0,16.9,4.3,96.0,134.0,27.7,74.0,10.1,943.1,0.0
2026-07-11 04:00:00,39.6,32.2,479.0,14.4,3.8,97.0,134.0,25.7,86.0,12.6,942.3,0.9
2026-07-11 05:00:00,37.3,30.6,480.0,11.6,3.6,104.0,135.0,24.3,97.0,11.3,942.8,0.7
2026-07-11 06:00:00,22.6,18.3,556.0,13.6,4.2,109.0,132.0,24.6,93.0,8.2,943.0,1.5
2026-07-11 07:00:00,40.6,30.5,668.0,16.1,5.1,118.0,129.0,25.6,87.0,5.3,943.1,0.1
2026-07-11 08:00:00,42.0,30.4,724.0,16.8,6.4,129.0,127.0,27.5,77.0,5.0,943.7,0.0
2026-07-11 09:00:00,44.1,30.3,666.0,13.8,8.7,146.0,125.0,29.2,70.0,6.4,944.2,0.0
2026-07-11 10:00:00,52.0,33.2,552.0,9.0,11.4,167.0,122.0,30.8,65.0,8.6,944.0,0.0
2026-07-11 11:00:00,59.8,36.6,460.0,5.4,13.3,183.0,118.0,31.2,63.0,8.8,944.3,0.0
2026-07-11 12:00:00,59.8,37.7,417.0,4.2,13.8,194.0,116.0,31.1,64.0,9.3,944.3,0.0
2026-07-11 13:00:00,58.7,38.2,395.0,4.1,13.5,200.0,114.0,32.0,61.0,7.3,943.6,0.1
2026-07-11 14:00:00,57.6,38.3,393.0,4.7,13.2,202.0,132.0,32.8,59.0,10.1,942.7,0.1
2026-07-11 15:00:00,60.1,40.6,413.0,4.3,13.1,200.0,151.0,31.4,64.0,10.3,942.5,0.2
2026-07-11 16:00:00,56.9,38.1,452.0,4.6,12.9,194.0,164.0,32.0,62.0,10.5,942.2,0.3
2026-07-11 17:00:00,50.4,35.3,496.0,9.1,8.1,154.0,174.0,31.8,59.0,11.7,942.1,0.2
2026-07-11 18:00:00,50.8,36.6,534.0,17.5,7.7,134.0,176.0,30.9,65.0,11.2,941.9,0.0
2026-07-11 19:00:00,48.2,38.1,577.0,29.0,7.1,108.0,170.0,29.2,72.0,13.9,942.4,0.0
2026-07-11 20:00:00,43.5,35.9,646.0,36.8,6.5,87.0,158.0,28.3,77.0,8.4,942.9,0.0
2026-07-11 21:00:00,41.3,34.6,791.0,37.7,5.8,79.0,139.0,28.1,78.0,5.1,943.6,0.0
2026-07-11 22:00:00,37.3,32.6,961.0,35.0,5.1,78.0,113.0,27.9,79.0,5.0,943.8,0.0
2026-07-11 23:00:00,30.0,27.4,1026.0,31.7,4.4,78.0,101.0,27.5,83.0,6.9,943.3,0.0
2026-07-12 00:00:00,25.4,23.6,886.0,28.7,3.8,77.0,99.0,22.6,94.0,21.1,943.6,5.6
2026-07-12 01:00:00,21.9,20.8,641.0,25.1,3.3,78.0,97.0,22.5,94.0,9.2,943.0,2.5
2026-07-12 02:00:00,21.8,19.6,456.0,21.9,2.9,79.0,95.0,22.9,95.0,6.9,942.0,0.9
2026-07-12 03:00:00,23.2,19.0,401.0,19.1,2.7,80.0,94.0,23.1,93.0,10.1,941.0,0.1
2026-07-12 04:00:00,23.4,18.9,405.0,16.7,2.7,81.0,93.0,23.4,91.0,1.3,941.1,0.0
2026-07-12 05:00:00,34.1,34.1,426.0,41.9,4.2,27.0,92.0,24.0,97.0,3.1,940.4,0.0
2026-07-12 06:00:00,33.9,33.6,461.0,37.9,4.6,41.0,92.0,23.9,97.0,10.4,940.9,0.0
2026-07-12 07:00:00,33.6,32.1,513.0,32.2,5.2,61.0,93.0,24.5,91.0,8.4,941.5,0.0
2026-07-12 08:00:00,37.6,29.9,542.0,26.2,6.5,84.0,93.0,25.5,85.0,3.3,942.3,0.0
2026-07-12 09:00:00,43.4,32.1,529.0,19.9,8.9,111.0,93.0,26.0,82.0,5.1,942.7,0.0
2026-07-12 10:00:00,37.4,26.6,494.0,13.4,11.9,140.0,93.0,27.0,78.0,9.7,942.7,0.0
2026-07-12 11:00:00,40.0,28.7,460.0,8.4,14.2,164.0,93.0,26.6,78.0,5.2,943.0,0.0
2026-07-12 12:00:00,44.2,31.0,431.0,5.8,15.3,182.0,92.0,29.0,69.0,8.8,943.3,0.0
2026-07-12 13:00:00,47.3,32.9,403.0,4.8,15.7,195.0,92.0,28.4,70.0,8.4,943.4,0.0
2026-07-12 14:00:00,50.5,35.2,393.0,4.5,15.5,202.0,91.0,29.7,64.0,5.6,943.3,0.0
2026-07-12 15:00:00,52.3,36.6,354.0,2.2,14.5,203.0,109.0,30.7,59.0,6.5,943.6,0.0
2026-07-12 16:00:00,50.6,35.5,332.0,0.5,12.9,199.0,139.0,30.7,59.0,6.9,943.5,0.0
2026-07-12 17:00:00,44.7,25.1,487.0,6.2,6.7,149.0,160.0,31.2,57.0,11.3,943.1,0.0
2026-07-12 18:00:00,44.9,28.2,988.0,17.5,6.8,125.0,166.0,30.3,64.0,7.1,943.4,0.0
2026-07-12 19:00:00,50.8,33.4,1665.0,33.6,6.9,92.0,164.0,29.3,69.0,5.5,943.4,0.0
2026-07-12 20:00:00,64.5,42.3,2165.0,48.7,7.3,63.0,152.0,28.1,76.0,5.1,943.4,0.0
2026-07-12 21:00:00,75.0,50.8,2353.0,63.3,8.3,41.0,128.0,27.8,80.0,3.6,944.0,0.0
2026-07-12 22:00:00,80.1,56.6,2363.0,77.0,9.6,24.0,95.0,27.6,80.0,0.6,944.4,0.0
2026-07-12 23:00:00,78.7,58.6,2244.0,83.1,10.0,13.0,92.0,27.5,81.0,3.2,944.1,0.0
2026-07-13 00:00:00,61.9,50.4,1950.0,76.2,8.9,13.0,95.0,26.7,85.0,0.9,944.0,0.0
2026-07-13 01:00:00,48.9,41.6,1528.0,61.7,6.9,21.0,97.0,26.1,88.0,2.3,943.6,0.0
2026-07-13 02:00:00,40.7,36.6,1167.0,48.6,5.4,28.0,98.0,26.0,88.0,3.1,943.4,0.0
2026-07-13 03:00:00,35.0,32.2,918.0,39.4,4.7,32.0,100.0,25.4,90.0,1.8,943.0,0.0
2026-07-13 04:00:00,30.2,28.2,730.0,31.6,4.4,37.0,101.0,25.0,92.0,2.7,942.5,0.0
2026-07-13 05:00:00,33.5,31.5,639.0,42.4,5.4,24.0,102.0,25.4,86.0,2.8,942.6,0.0
2026-07-13 06:00:00,29.7,28.6,710.0,42.3,5.8,33.0,102.0,25.5,84.0,1.3,942.8,0.0
2026-07-13 07:00:00,29.4,28.3,878.0,41.6,6.4,47.0,101.0,26.9,78.0,2.5,943.1,0.0
2026-07-13 08:00:00,27.9,26.1,978.0,38.0,7.6,72.0,101.0,28.9,70.0,0.8,943.9,0.0
2026-07-13 09:00:00,29.5,23.9,931.0,28.5,10.0,117.0,101.0,30.6,63.0,1.6,944.0,0.0
2026-07-13 10:00:00,36.0,26.7,816.0,16.0,12.9,172.0,100.0,32.3,54.0,3.4,944.0,0.0
2026-07-13 11:00:00,39.6,29.1,705.0,6.8,14.8,212.0,100.0,33.6,49.0,3.1,944.3,0.0
2026-07-13 12:00:00,41.6,30.2,613.0,3.7,14.8,225.0,100.0,33.2,50.0,3.6,944.5,0.0
2026-07-13 13:00:00,45.6,31.5,525.0,3.8,13.7,223.0,100.0,33.3,47.0,4.5,944.2,0.0
2026-07-13 14:00:00,46.1,31.7,465.0,4.7,12.8,218.0,101.0,32.7,49.0,6.7,944.5,0.3
2026-07-13 15:00:00,47.1,31.8,365.0,2.1,12.3,217.0,140.0,33.2,47.0,3.2,944.0,0.0
2026-07-13 16:00:00,48.0,31.9,293.0,0.2,12.0,211.0,170.0,33.4,45.0,1.6,944.1,0.0
2026-07-13 17:00:00,37.7,25.1,484.0,10.0,11.7,189.0,192.0,34.2,40.0,8.1,943.0,0.0
2026-07-13 18:00:00,44.2,32.5,1221.0,26.1,11.1,155.0,201.0,32.9,49.0,7.4,943.3,0.0
2026-07-13 19:00:00,46.2,36.9,2221.0,48.2,10.2,108.0,200.0,30.9,63.0,3.3,943.3,0.0
2026-07-13 20:00:00,43.8,36.1,2861.0,64.5,9.4,70.0,184.0,29.3,70.0,3.8,943.7,0.0
2026-07-13 21:00:00,44.2,37.5,2815.0,70.1,8.8,51.0,159.0,28.2,73.0,4.5,944.1,0.0
2026-07-13 22:00:00,41.3,36.3,2411.0,69.8,8.3,41.0,126.0,27.6,78.0,1.5,944.3,0.0
2026-07-13 23:00:00,38.2,34.6,2008.0,66.2,7.6,36.0,96.0,28.3,73.0,2.8,944.3,0.0
2026-07-14 00:00:00,35.0,32.5,1710.0,58.7,6.5,36.0,94.0,27.4,78.0,4.8,944.3,0.0
2026-07-14 01:00:00,32.4,29.9,1413.0,48.0,5.3,40.0,93.0,26.8,80.0,4.0,944.2,0.0
2026-07-14 02:00:00,30.9,28.3,1168.0,38.7,4.3,43.0,92.0,26.6,79.0,4.3,944.1,0.0
2026-07-14 03:00:00,29.6,27.0,992.0,32.3,3.6,41.0,91.0,25.8,82.0,3.6,944.0,0.0
2026-07-14 04:00:00,27.7,25.2,867.0,27.3,3.3,39.0,91.0,25.6,81.0,7.0,944.1,0.0
2026-07-14 05:00:00,32.4,27.0,788.0,25.0,3.9,55.0,91.0,24.3,84.0,12.1,944.9,0.0
2026-07-14 06:00:00,31.1,25.8,777.0,24.7,4.6,68.0,90.0,22.6,98.0,8.4,945.2,2.8
2026-07-14 07:00:00,33.3,26.8,812.0,24.0,5.7,88.0,90.0,23.6,93.0,8.1,945.7,0.6
2026-07-14 08:00:00,40.2,28.1,819.0,21.9,7.2,112.0,90.0,26.0,81.0,4.4,945.9,0.2
2026-07-14 09:00:00,41.0,27.5,762.0,17.1,9.8,143.0,90.0,28.6,68.0,5.8,946.0,0.0
2026-07-14 10:00:00,39.1,26.3,678.0,10.8,12.9,178.0,90.0,30.6,61.0,3.3,946.3,0.0
2026-07-14 11:00:00,37.8,25.9,602.0,6.2,14.8,204.0,90.0,32.3,54.0,3.3,946.7,0.0
2026-07-14 12:00:00,37.5,26.0,537.0,4.5,14.5,215.0,90.0,33.3,50.0,4.4,946.4,0.0
2026-07-14 13:00:00,38.0,26.4,479.0,4.4,13.0,217.0,93.0,33.9,48.0,2.9,945.9,0.0
2026-07-14 14:00:00,37.8,26.5,454.0,4.8,11.7,216.0,127.0,34.3,47.0,6.8,945.7,0.0
2026-07-14 15:00:00,38.5,26.8,450.0,1.6,11.2,217.0,156.0,34.4,45.0,5.6,945.3,0.0
2026-07-14 16:00:00,38.9,26.5,478.0,0.0,10.9,214.0,177.0,34.1,45.0,6.5,945.3,0.0
2026-07-14 17:00:00,30.6,21.0,599.0,8.2,11.0,189.0,193.0,34.5,39.0,7.2,945.0,0.1
2026-07-14 18:00:00,33.4,24.0,901.0,31.8,11.2,148.0,200.0,33.0,48.0,10.9,945.2,0.0
2026-07-14 19:00:00,41.1,34.6,1297.0,64.4,11.6,90.0,196.0,30.3,61.0,14.2,945.4,0.0
2026-07-14 20:00:00,48.2,41.0,1583.0,89.2,11.6,45.0,178.0,29.1,65.0,6.0,945.7,0.0
2026-07-14 21:00:00,57.2,48.8,1678.0,99.9,11.3,22.0,151.0,28.4,71.0,4.9,946.4,0.0
2026-07-14 22:00:00,65.4,57.0,1663.0,102.7,10.7,11.0,109.0,28.0,74.0,6.0,946.6,0.0
2026-07-14 23:00:00,61.9,56.7,1583.0,99.4,9.8,7.0,90.0,28.1,72.0,8.8,946.7,0.0
2026-07-15 00:00:00,54.2,50.8,1424.0,87.7,8.2,11.0,92.0,27.2,75.0,4.3,946.4,0.0
2026-07-15 01:00:00,47.8,45.3,1199.0,69.8,6.3,21.0,93.0,26.7,78.0,3.1,946.7,0.0
2026-07-15 02:00:00,43.5,41.2,995.0,54.0,4.7,30.0,94.0,26.4,79.0,2.2,946.5,0.0
2026-07-15 03:00:00,39.7,37.5,821.0,42.8,3.6,33.0,95.0,25.9,81.0,3.1,946.0,0.0
2026-07-15 04:00:00,36.0,34.0,669.0,33.7,2.9,34.0,96.0,25.5,83.0,3.5,946.0,0.0
2026-07-15 05:00:00,41.2,38.4,596.0,34.1,3.5,37.0,97.0,26.1,81.0,3.9,946.3,0.0
2026-07-15 06:00:00,38.5,36.0,679.0,32.1,4.6,63.0,98.0,26.2,79.0,3.8,946.5,0.0
2026-07-15 07:00:00,36.4,33.6,842.0,29.1,6.3,99.0,99.0,27.6,74.0,2.4,946.8,0.0
2026-07-15 08:00:00,36.2,27.8,918.0,25.0,8.8,134.0,99.0,29.7,64.0,1.5,947.6,0.0
2026-07-15 09:00:00,42.0,29.4,804.0,18.9,13.0,165.0,99.0,31.7,54.0,4.1,947.8,0.0
2026-07-15 10:00:00,46.3,32.2,604.0,11.8,17.9,193.0,99.0,33.2,48.0,6.7,948.1,0.0
2026-07-15 11:00:00,50.8,34.9,455.0,6.5,20.8,213.0,100.0,33.9,46.0,4.0,948.6,0.0
2026-07-15 12:00:00,53.0,36.2,421.0,4.4,19.8,220.0,100.0,34.1,47.0,6.2,948.1,0.0
2026-07-15 13:00:00,53.0,36.1,439.0,4.2,16.7,219.0,106.0,34.7,45.0,6.2,947.7,0.0
2026-07-15 14:00:00,54.2,36.4,463.0,4.9,14.2,215.0,144.0,35.2,45.0,6.4,947.5,0.0
2026-07-15 15:00:00,53.4,35.3,457.0,4.7,13.4,212.0,170.0,35.2,45.0,7.3,947.0,0.0
2026-07-15 16:00:00,55.1,35.6,456.0,5.3,13.3,206.0,188.0,34.1,47.0,8.7,946.9,0.0
2026-07-15 17:00:00,47.7,34.5,524.0,11.8,10.7,182.0,199.0,34.8,43.0,8.9,947.0,0.3
2026-07-15 18:00:00,46.0,38.6,714.0,29.4,10.5,148.0,201.0,31.0,56.0,6.3,947.1,0.0
2026-07-15 19:00:00,46.8,41.4,971.0,53.7,10.2,101.0,195.0,29.3,67.0,7.2,947.4,0.1
2026-07-15 20:00:00,50.1,45.3,1196.0,71.9,9.7,63.0,177.0,28.7,71.0,3.0,947.4,0.0
2026-07-15 21:00:00,51.0,47.0,1369.0,79.1,8.9,42.0,152.0,28.4,75.0,4.8,947.8,0.0
2026-07-15 22:00:00,52.4,49.6,1510.0,80.2,8.0,30.0,115.0,28.1,77.0,4.8,948.1,0.0
2026-07-15 23:00:00,54.0,51.9,1575.0,77.5,7.0,24.0,109.0,28.1,78.0,6.3,947.9,0.0
2026-07-16 00:00:00,53.0,51.5,1530.0,70.3,5.8,23.0,108.0,27.5,81.0,4.3,948.0,0.0
2026-07-16 01:00:00,50.9,49.5,1411.0,59.4,4.6,27.0,108.0,27.0,83.0,3.7,947.9,0.0
2026-07-16 02:00:00,48.9,47.0,1276.0,48.9,3.7,33.0,109.0,26.7,84.0,3.4,947.9,0.0
2026-07-16 03:00:00,46.6,44.5,1124.0,39.5,3.3,38.0,109.0,26.3,85.0,3.3,947.7,0.0
2026-07-16 04:00:00,43.9,41.8,957.0,30.6,3.3,43.0,110.0,26.2,85.0,2.8,947.7,0.0
2026-07-16 05:00:00,48.8,46.4,844.0,35.4,3.6,34.0,111.0,27.2,80.0,3.0,948.0,0.0
2026-07-16 06:00:00,48.9,45.9,840.0,33.4,5.3,62.0,112.0,27.2,77.0,4.6,948.2,0.0
2026-07-16 07:00:00,47.8,44.6,889.0,30.5,7.8,102.0,113.0,28.6,71.0,3.8,948.6,0.0
2026-07-16 08:00:00,43.1,35.4,894.0,26.3,10.6,139.0,114.0,30.5,61.0,2.8,948.8,0.0
2026-07-16 09:00:00,51.3,38.2,802.0,19.9,14.4,170.0,114.0,32.2,56.0,1.2,948.6,0.0
2026-07-16 10:00:00,60.5,41.7,666.0,12.3,18.5,199.0,115.0,33.8,50.0,4.0,948.7,0.0
2026-07-16 11:00:00,70.8,44.9,548.0,6.6,20.4,216.0,116.0,34.8,47.0,7.0,949.1,0.0
2026-07-16 12:00:00,74.5,45.4,466.0,4.4,18.4,217.0,117.0,35.6,44.0,8.0,948.6,0.0
2026-07-16 13:00:00,73.8,44.2,403.0,4.1,14.3,206.0,118.0,36.4,42.0,7.1,948.0,0.0
2026-07-16 14:00:00,71.5,42.3,364.0,4.4,11.0,195.0,145.0,36.4,42.0,6.9,947.7,0.0
2026-07-16 15:00:00,69.8,40.9,310.0,1.6,9.6,190.0,168.0,36.4,41.0,5.9,947.1,0.0
2026-07-16 16:00:00,69.2,39.6,282.0,0.0,9.1,184.0,182.0,36.2,42.0,7.0,946.7,0.0
2026-07-16 17:00:00,67.1,36.9,402.0,7.4,9.4,166.0,189.0,36.4,41.0,9.1,946.2,0.0
2026-07-16 18:00:00,66.6,40.4,806.0,37.4,10.3,123.0,188.0,35.1,44.0,9.9,946.0,0.0
2026-07-16 19:00:00,71.9,48.4,1359.0,78.4,11.6,63.0,176.0,33.6,49.0,9.0,945.9,0.0
2026-07-16 20:00:00,83.4,59.4,1784.0,107.2,12.4,19.0,152.0,32.6,51.0,6.5,945.7,0.0
2026-07-16 21:00:00,84.5,61.7,1982.0,113.3,12.4,5.0,123.0,31.7,57.0,4.1,945.8,0.0
2026-07-16 22:00:00,84.5,63.3,2052.0,107.1,12.0,6.0,125.0,30.8,65.0,2.2,946.0,0.0
2026-07-16 23:00:00,80.6,63.3,2006.0,96.4,11.3,13.0,126.0,30.9,66.0,2.2,945.8,0.0
2026-07-17 00:00:00,73.1,59.1,1805.0,81.2,10.3,25.0,128.0,29.8,73.0,1.8,945.5,0.0
2026-07-17 01:00:00,68.2,55.4,1488.0,61.6,9.1,42.0,128.0,28.9,77.0,6.2,945.2,0.0
2026-07-17 02:00:00,64.7,52.5,1193.0,45.3,8.2,57.0,129.0,28.6,80.0,3.1,945.2,0.0
2026-07-17 03:00:00,61.5,49.4,945.0,35.6,7.7,64.0,130.0,28.5,80.0,3.9,945.3,0.0
2026-07-17 04:00:00,58.7,46.6,718.0,29.4,7.5,69.0,130.0,28.3,80.0,6.2,945.4,0.0
2026-07-17 05:00:00,61.7,48.8,573.0,29.1,7.7,70.0,131.0,29.0,75.0,5.7,945.7,0.0
2026-07-17 06:00:00,60.1,47.0,569.0,25.5,9.1,90.0,131.0,29.0,75.0,5.3,946.4,0.0
2026-07-17 07:00:00,62.2,44.4,646.0,20.3,11.1,118.0,131.0,30.5,69.0,6.5,947.2,0.0
2026-07-17 08:00:00,80.8,46.8,683.0,15.6,12.8,142.0,131.0,31.8,65.0,8.6,947.5,0.0
2026-07-17 09:00:00,92.7,50.9,620.0,11.7,14.0,159.0,132.0,33.1,60.0,10.1,947.8,0.0
2026-07-17 10:00:00,95.9,51.7,517.0,8.1,14.9,172.0,133.0,34.2,56.0,9.4,947.9,0.0
2026-07-17 11:00:00,98.5,51.3,436.0,5.5,15.2,181.0,135.0,34.9,52.0,7.9,948.2,0.3
2026-07-17 12:00:00,91.0,47.7,396.0,4.2,14.4,187.0,135.0,35.4,50.0,6.9,947.9,0.1
2026-07-17 13:00:00,83.6,44.6,378.0,3.9,12.9,189.0,135.0,36.1,47.0,6.2,947.5,0.0
2026-07-17 14:00:00,77.3,42.0,385.0,4.3,11.7,188.0,135.0,36.4,45.0,4.8,946.7,0.1
2026-07-17 15:00:00,73.1,40.6,414.0,4.2,11.2,186.0,151.0,36.9,43.0,2.5,946.1,0.0
2026-07-17 16:00:00,71.2,39.9,468.0,4.9,11.1,182.0,161.0,36.9,42.0,3.6,945.6,0.0
2026-07-17 17:00:00,86.4,46.4,556.0,9.4,10.9,165.0,168.0,37.3,40.0,5.4,944.9,0.0
2026-07-17 18:00:00,76.1,47.4,714.0,22.5,11.0,139.0,169.0,35.7,46.0,9.2,944.8,0.2
2026-07-17 19:00:00,75.4,50.2,907.0,40.6,11.1,102.0,163.0,33.5,59.0,12.0,944.8,0.0
2026-07-17 20:00:00,77.8,51.9,1041.0,54.9,11.1,72.0,151.0,32.6,60.0,9.8,945.1,0.0
2026-07-17 21:00:00,82.9,55.1,1077.0,62.2,10.8,53.0,137.0,31.9,63.0,8.7,945.8,0.0
2026-07-17 22:00:00,85.9,58.4,1054.0,65.7,10.3,41.0,136.0,31.2,67.0,7.3,946.1,0.0
2026-07-17 23:00:00,86.8,60.5,994.0,65.6,9.8,34.0,135.0,31.7,66.0,9.6,945.7,0.0
2026-07-18 00:00:00,85.2,60.8,882.0,60.9,9.1,34.0,135.0,31.2,68.0,8.4,945.7,0.0
2026-07-18 01:00:00,83.4,59.3,732.0,52.6,8.4,41.0,135.0,30.6,70.0,7.3,945.8,0.0
2026-07-18 02:00:00,78.7,57.0,608.0,44.3,7.9,48.0,136.0,30.4,71.0,8.1,945.8,0.0
2026-07-18 03:00:00,75.9,54.5,531.0,36.7,7.6,54.0,136.0,29.8,72.0,8.7,945.8,0.0
2026-07-18 04:00:00,75.2,52.9,481.0,29.2,7.5,61.0,137.0,29.3,75.0,6.9,946.0,0.0
2026-07-18 05:00:00,75.7,51.8,460.0,17.4,7.8,87.0,137.0,29.7,76.0,11.7,946.1,0.0
2026-07-18 06:00:00,74.7,51.7,491.0,17.3,8.6,94.0,138.0,29.3,75.0,10.0,946.2,0.0
2026-07-18 07:00:00,82.9,51.8,551.0,17.0,9.7,106.0,138.0,30.4,72.0,7.8,946.5,0.0
2026-07-18 08:00:00,91.0,52.5,577.0,15.8,11.1,119.0,139.0,31.8,68.0,9.0,946.6,0.0
2026-07-18 09:00:00,98.3,53.3,531.0,12.7,13.0,137.0,139.0,33.1,62.0,9.4,946.6,0.0
2026-07-18 10:00:00,106.2,56.1,451.0,8.7,15.2,157.0,140.0,34.6,56.0,9.4,946.7,0.0
2026-07-18 11:00:00,108.0,56.8,387.0,5.6,16.4,173.0,140.0,35.5,52.0,8.6,946.5,0.0
2026-07-18 12:00:00,100.1,53.4,355.0,4.2,15.8,181.0,141.0,35.9,50.0,7.5,946.1,0.1
2026-07-18 13:00:00,90.8,49.1,339.0,3.9,14.2,185.0,141.0,36.7,48.0,8.5,945.6,0.0
2026-07-18 14:00:00,83.4,46.3,343.0,4.4,12.8,185.0,142.0,37.1,47.0,9.7,945.1,0.0
2026-07-18 15:00:00,75.4,43.2,370.0,4.8,12.2,183.0,142.0,37.1,45.0,8.6,944.8,0.0
2026-07-18 16:00:00,75.0,43.5,417.0,6.1,11.8,178.0,147.0,36.6,47.0,9.0,944.4,0.1
2026-07-18 17:00:00,79.9,46.9,477.0,10.5,10.8,156.0,157.0,36.9,45.0,7.9,944.0,0.7
2026-07-18 18:00:00,71.7,48.8,557.0,18.9,10.3,136.0,160.0,35.0,53.0,11.7,944.6,0.3
2026-07-18 19:00:00,77.3,53.7,651.0,30.6,9.7,108.0,157.0,33.7,60.0,11.1,944.5,0.0
2026-07-18 20:00:00,72.6,52.7,733.0,39.9,9.1,84.0,146.0,32.8,64.0,12.2,945.2,0.0
2026-07-18 21:00:00,67.1,51.2,816.0,45.5,8.8,67.0,144.0,31.7,69.0,10.4,945.9,0.0
2026-07-18 22:00:00,64.7,50.3,888.0,48.9,8.6,55.0,143.0,31.2,71.0,8.4,946.5,0.0
2026-07-18 23:00:00,62.9,50.2,887.0,48.4,8.3,50.0,142.0,31.8,70.0,9.5,945.8,0.0
2026-07-19 00:00:00,61.9,50.3,751.0,41.7,7.7,56.0,141.0,31.2,71.0,9.5,945.7,0.0
2026-07-19 01:00:00,59.8,47.6,542.0,31.2,7.1,70.0,140.0,29.9,70.0,15.7,946.2,0.0
2026-07-19 02:00:00,51.9,39.0,386.0,22.7,6.5,81.0,139.0,28.5,74.0,7.3,945.8,0.0
2026-07-19 03:00:00,48.3,35.6,336.0,18.7,6.0,84.0,137.0,28.0,79.0,7.3,946.2,0.1
2026-07-19 04:00:00,46.3,33.6,338.0,16.8,5.6,84.0,135.0,27.8,81.0,8.7,946.0,0.1
2026-07-19 05:00:00,31.7,24.4,357.0,11.7,4.0,95.0,133.0,27.4,88.0,8.0,945.7,0.2
2026-07-19 06:00:00,30.6,22.7,396.0,12.4,3.9,96.0,130.0,27.4,86.0,8.1,946.2,0.1
2026-07-19 07:00:00,30.4,21.9,452.0,13.3,3.8,99.0,127.0,28.6,79.0,8.9,946.9,0.0
2026-07-19 08:00:00,35.5,24.0,473.0,13.0,4.6,106.0,124.0,29.5,73.0,6.0,946.9,0.1
2026-07-19 09:00:00,40.6,25.3,423.0,10.5,7.1,121.0,121.0,30.7,68.0,12.1,947.5,0.1
2026-07-19 10:00:00,59.4,32.5,338.0,6.8,10.4,141.0,118.0,31.9,66.0,12.4,947.9,0.3
2026-07-19 11:00:00,73.8,38.9,278.0,4.2,12.7,155.0,116.0,33.4,61.0,11.5,948.1,0.1
2026-07-19 12:00:00,81.3,42.5,268.0,3.5,13.0,159.0,114.0,33.0,62.0,12.1,947.7,0.1
2026-07-19 13:00:00,85.7,46.3,283.0,3.8,12.2,157.0,113.0,34.1,59.0,10.7,947.1,0.2
2026-07-19 14:00:00,74.7,42.1,302.0,5.0,11.4,152.0,112.0,34.7,55.0,10.5,946.4,0.1
2026-07-19 15:00:00,60.5,37.1,308.0,6.8,10.9,144.0,112.0,34.8,55.0,6.5,946.0,0.1
2026-07-19 16:00:00,62.9,38.1,319.0,9.4,10.3,134.0,111.0,34.6,55.0,6.5,945.4,0.0
2026-07-19 17:00:00,80.6,45.1,371.0,8.3,10.5,131.0,114.0,34.2,56.0,10.1,945.2,0.0
2026-07-19 18:00:00,81.7,46.4,518.0,14.0,10.1,116.0,116.0,33.6,59.0,11.1,945.4,0.0
2026-07-19 19:00:00,75.9,49.7,706.0,21.7,9.6,94.0,111.0,32.4,65.0,10.5,945.5,0.0
2026-07-19 20:00:00,68.9,47.6,812.0,26.9,8.7,78.0,110.0,31.4,69.0,10.8,945.9,0.0
2026-07-19 21:00:00,64.5,46.3,767.0,27.5,7.2,71.0,109.0,30.8,71.0,10.1,946.5,0.0
2026-07-19 22:00:00,57.2,42.3,640.0,25.5,5.5,70.0,109.0,30.5,71.0,10.0,946.9,0.0
2026-07-19 23:00:00,46.2,37.1,519.0,22.8,4.1,71.0,108.0,31.2,69.0,13.4,946.5,0.0
2026-07-20 00:00:00,30.6,25.0,427.0,19.2,3.4,75.0,107.0,28.0,89.0,13.4,946.0,1.5
2026-07-20 01:00:00,25.2,21.0,342.0,14.8,3.1,82.0,104.0,27.3,91.0,14.3,946.0,0.4
2026-07-20 02:00:00,25.7,20.7,280.0,11.6,2.9,86.0,101.0,26.0,94.0,10.8,946.3,5.8
2026-07-20 03:00:00,26.5,19.9,243.0,10.2,2.8,85.0,100.0,25.3,95.0,13.4,945.8,1.3
2026-07-20 04:00:00,24.7,18.5,231.0,10.1,2.9,82.0,98.0,25.0,95.0,10.5,946.2,0.4
2026-07-20 05:00:00,35.9,21.7,259.0,8.1,1.9,94.0,97.0,25.6,97.0,11.1,946.0,0.1
2026-07-20 06:00:00,16.6,10.6,368.0,12.2,2.9,90.0,97.0,25.9,97.0,10.1,945.5,0.7
2026-07-20 07:00:00,42.6,22.2,519.0,17.8,4.4,85.0,96.0,26.8,92.0,5.7,945.7,0.3
2026-07-20 08:00:00,52.7,27.4,607.0,20.4,6.2,88.0,96.0,27.2,90.0,7.6,946.6,1.5
2026-07-20 09:00:00,58.6,30.5,571.0,17.4,8.8,104.0,96.0,27.7,87.0,7.7,947.4,0.6
2026-07-20 10:00:00,63.3,32.8,472.0,11.5,11.7,127.0,97.0,28.3,83.0,7.4,946.9,0.5
2026-07-20 11:00:00,65.9,33.9,394.0,6.9,13.7,146.0,97.0,30.7,71.0,7.6,948.0,0.2
2026-07-20 12:00:00,67.3,34.9,361.0,4.6,14.1,158.0,96.0,31.1,69.0,10.6,947.5,0.7
2026-07-20 13:00:00,65.2,34.1,348.0,3.5,13.5,165.0,96.0,31.3,68.0,8.6,946.9,0.3
2026-07-20 14:00:00,66.8,34.9,369.0,5.1,12.5,163.0,95.0,31.5,64.0,9.0,946.4,0.3
2026-07-20 15:00:00,69.6,36.0,449.0,11.2,11.0,145.0,94.0,30.1,73.0,7.8,946.3,0.2
2026-07-20 16:00:00,71.5,36.6,563.0,19.9,9.1,118.0,100.0,29.8,74.0,10.4,946.0,0.3
2026-07-20 17:00:00,75.9,38.9,644.0,13.8,14.4,134.0,106.0,31.1,69.0,11.3,945.6,0.1
2026-07-20 18:00:00,79.2,41.4,665.0,27.4,13.5,107.0,112.0,29.8,75.0,10.0,946.0,0.0
2026-07-20 19:00:00,79.4,43.4,653.0,45.7,12.3,71.0,108.0,29.2,81.0,8.2,946.1,0.0
2026-07-20 20:00:00,74.3,45.8,631.0,55.4,10.9,49.0,93.0,28.7,83.0,8.2,946.6,0.0
2026-07-20 21:00:00,65.7,38.8,605.0,48.1,9.2,54.0,92.0,28.3,84.0,7.8,947.0,0.0
2026-07-20 22:00:00,66.6,38.6,569.0,32.2,7.4,72.0,92.0,27.9,85.0,8.7,947.3,0.0
2026-07-20 23:00:00,72.2,36.2,523.0,19.7,5.9,86.0,92.0,25.6,94.0,10.6,947.3,5.8
2026-07-21 00:00:00,59.6,31.8,460.0,15.9,4.9,86.0,91.0,24.6,97.0,15.5,947.3,2.3
2026-07-21 01:00:00,59.0,29.6,388.0,15.6,4.3,82.0,92.0,24.6,95.0,7.8,946.9,1.0
2026-07-21 02:00:00,58.6,29.0,334.0,15.2,4.0,79.0,93.0,24.0,97.0,8.3,946.3,1.1
2026-07-21 03:00:00,51.7,25.9,302.0,12.7,3.8,83.0,93.0,24.1,98.0,4.0,946.4,10.2
2026-07-21 04:00:00,37.6,17.9,289.0,10.0,3.9,88.0,94.0,24.4,97.0,7.6,946.3,3.9
2026-07-21 05:00:00,37.1,17.1,313.0,7.0,4.4,106.0,94.0,24.7,95.0,7.4,946.5,2.7
2026-07-21 06:00:00,31.2,16.2,408.0,13.0,5.0,97.0,93.0,24.8,94.0,5.2,946.6,2.6
2026-07-21 07:00:00,28.4,15.0,540.0,21.1,5.8,84.0,94.0,24.5,95.0,7.5,947.0,2.1
2026-07-21 08:00:00,26.2,15.1,627.0,26.1,6.4,75.0,93.0,24.5,95.0,2.1,947.8,4.4
2026-07-21 09:00:00,20.6,12.4,625.0,24.9,6.7,75.0,92.0,25.2,94.0,1.0,947.5,2.7
2026-07-21 10:00:00,15.0,9.3,578.0,20.6,6.8,80.0,91.0,25.5,94.0,8.4,948.0,1.3
2026-07-21 11:00:00,14.2,8.9,539.0,17.2,6.7,83.0,89.0,25.0,94.0,11.2,948.5,1.2
2026-07-21 12:00:00,15.1,7.7,524.0,16.2,6.2,81.0,87.0,24.6,95.0,15.3,948.9,3.7
2026-07-21 13:00:00,20.2,9.2,516.0,16.2,5.5,76.0,85.0,24.4,90.0,14.1,948.8,2.5
2026-07-21 14:00:00,20.7,11.5,519.0,16.6,4.8,74.0,83.0,24.8,91.0,15.0,948.6,2.0
2026-07-21 15:00:00,21.2,14.7,515.0,16.8,4.3,77.0,81.0,25.5,90.0,17.0,948.1,1.1
2026-07-21 16:00:00,21.7,12.5,520.0,17.5,3.9,81.0,79.0,25.1,92.0,12.7,947.7,0.7
2026-07-21 17:00:00,28.5,15.7,590.0,16.6,5.0,81.0,78.0,25.2,89.0,13.0,947.9,0.4
2026-07-21 18:00:00,22.7,14.1,777.0,22.6,5.2,71.0,76.0,24.8,92.0,12.9,948.1,0.8
2026-07-21 19:00:00,20.4,15.0,1029.0,31.0,5.4,57.0,74.0,24.4,93.0,10.1,948.5,0.2
2026-07-21 20:00:00,19.9,15.4,1237.0,38.5,5.6,44.0,71.0,24.4,93.0,7.6,948.6,0.0
2026-07-21 21:00:00,21.1,17.1,1386.0,44.9,5.8,33.0,69.0,24.6,91.0,7.0,949.1,0.0
2026-07-21 22:00:00,24.4,20.3,1492.0,50.3,5.9,24.0,67.0,24.5,91.0,5.4,949.1,0.0
2026-07-21 23:00:00,24.3,20.4,1495.0,51.8,5.8,19.0,66.0,25.2,90.0,4.0,948.7,0.0
2026-07-22 00:00:00,22.5,18.8,1334.0,46.6,5.2,22.0,65.0,24.8,92.0,3.3,948.4,0.4
2026-07-22 01:00:00,19.5,15.8,1069.0,37.4,4.4,30.0,64.0,25.0,91.0,1.9,947.9,0.3
2026-07-22 02:00:00,18.9,15.1,822.0,30.0,3.8,36.0,63.0,24.7,94.0,2.0,947.5,0.1
2026-07-22 03:00:00,21.9,17.5,606.0,26.6,3.6,38.0,61.0,24.5,95.0,2.5,947.4,0.0
2026-07-22 04:00:00,22.8,18.6,408.0,25.0,3.7,38.0,61.0,24.5,95.0,1.3,948.0,0.0
2026-07-22 05:00:00,31.9,26.5,312.0,49.4,5.0,2.0,61.0,24.2,95.0,2.1,947.2,0.0
2026-07-22 06:00:00,35.7,28.9,410.0,41.3,5.7,21.0,62.0,24.2,95.0,0.6,947.9,0.0
2026-07-22 07:00:00,31.8,20.0,611.0,29.9,6.7,47.0,63.0,24.5,92.0,4.5,947.9,0.0
2026-07-22 08:00:00,27.2,16.7,722.0,20.5,7.3,69.0,63.0,25.3,88.0,4.9,948.3,0.0
2026-07-22 09:00:00,18.9,12.9,631.0,15.1,7.0,84.0,63.0,26.9,79.0,10.6,948.4,0.2
2026-07-22 10:00:00,11.2,8.7,451.0,11.6,6.2,96.0,63.0,28.0,71.0,15.0,948.7,0.0
2026-07-22 11:00:00,8.0,7.0,326.0,9.3,5.8,103.0,63.0,26.7,73.0,11.1,949.1,0.0
2026-07-22 12:00:00,7.8,7.3,327.0,7.6,6.1,106.0,63.0,28.0,68.0,13.6,948.8,0.0
2026-07-22 13:00:00,8.1,7.9,384.0,7.0,6.8,105.0,63.0,27.1,73.0,11.5,947.8,0.0
2026-07-22 14:00:00,8.2,8.1,427.0,8.6,6.9,101.0,63.0,28.0,70.0,9.7,947.4,0.0
2026-07-22 15:00:00,7.6,7.5,408.0,13.1,6.0,93.0,63.0,27.9,68.0,22.6,947.2,0.0
2026-07-22 16:00:00,9.7,9.6,375.0,19.9,4.5,82.0,62.0,26.6,77.0,17.2,947.0,0.0
2026-07-22 17:00:00,21.6,20.4,407.0,16.9,4.9,87.0,62.0,27.8,71.0,19.3,947.2,0.0
2026-07-22 18:00:00,21.2,20.1,544.0,26.5,5.2,72.0,62.0,26.9,75.0,17.8,947.2,0.0
2026-07-22 19:00:00,23.3,22.4,746.0,39.8,5.6,51.0,63.0,26.0,79.0,11.8,947.4,0.0
2026-07-22 20:00:00,27.2,26.1,968.0,50.7,5.9,34.0,63.0,25.6,82.0,7.8,948.2,0.0
2026-07-22 21:00:00,31.5,30.3,1246.0,57.6,6.2,24.0,64.0,25.3,84.0,4.8,948.8,0.0
2026-07-22 22:00:00,34.2,32.9,1544.0,62.2,6.4,17.0,65.0,24.9,87.0,4.0,948.8,0.0
2026-07-22 23:00:00,33.3,32.1,1707.0,63.1,6.3,14.0,66.0,25.5,86.0,4.1,948.2,0.0
2026-07-23 00:00:00,32.4,31.2,1637.0,58.0,5.6,16.0,67.0,24.9,89.0,3.9,948.1,0.0
2026-07-23 01:00:00,31.0,28.8,1432.0,49.2,4.6,22.0,68.0,24.4,92.0,1.8,947.5,0.1
2026-07-23 02:00:00,29.8,27.5,1234.0,42.8,3.9,25.0,69.0,24.1,92.0,3.0,947.0,0.1
2026-07-23 03:00:00,31.9,29.6,1076.0,42.3,3.6,19.0,70.0,24.2,90.0,2.5,946.7,0.0
2026-07-23 04:00:00,31.3,29.2,924.0,44.1,3.7,9.0,71.0,23.9,91.0,2.1,946.7,0.0
2026-07-23 05:00:00,39.8,39.0,821.0,47.5,3.1,1.0,72.0,24.6,94.0,5.1,947.2,0.0
2026-07-23 06:00:00,44.2,43.4,816.0,42.6,4.9,20.0,73.0,24.6,94.0,5.2,947.0,0.1
2026-07-23 07:00:00,39.8,39.1,859.0,35.6,7.4,46.0,74.0,24.8,92.0,6.7,947.0,0.0
2026-07-23 08:00:00,25.8,24.9,842.0,28.3,9.4,70.0,75.0,25.5,88.0,3.7,947.6,0.1
2026-07-23 09:00:00,21.2,20.5,690.0,20.5,10.6,91.0,76.0,26.9,78.0,5.2,947.9,0.1
2026-07-23 10:00:00,20.0,19.2,478.0,12.4,11.4,109.0,77.0,28.2,71.0,10.5,948.0,0.0
2026-07-23 11:00:00,18.7,17.8,319.0,6.5,11.2,121.0,77.0,29.2,63.0,14.9,948.6,0.0
2026-07-23 12:00:00,16.1,15.1,262.0,4.1,9.4,123.0,78.0,30.0,62.0,11.1,948.1,0.0
2026-07-23 13:00:00,13.1,12.0,258.0,4.0,6.7,118.0,79.0,30.5,60.0,12.6,947.5,0.2
2026-07-23 14:00:00,11.4,9.8,273.0,4.8,4.7,113.0,79.0,29.5,63.0,16.8,947.2,0.4
2026-07-23 15:00:00,8.5,7.6,226.0,4.3,4.2,113.0,79.0,30.0,62.0,14.7,947.0,0.1
2026-07-23 16:00:00,8.0,7.2,198.0,4.7,4.4,112.0,79.0,29.7,62.0,12.5,946.4,0.0
2026-07-23 17:00:00,27.6,26.3,398.0,11.7,4.7,98.0,79.0,29.6,64.0,13.6,946.3,0.0
2026-07-23 18:00:00,30.6,29.6,1071.0,25.1,5.0,77.0,80.0,28.6,70.0,9.2,946.2,0.0
2026-07-23 19:00:00,33.4,32.6,1972.0,43.7,5.4,47.0,80.0,27.5,76.0,5.9,946.0,0.0
2026-07-23 20:00:00,39.3,38.6,2578.0,58.0,6.2,24.0,81.0,26.5,82.0,3.1,946.8,0.0
2026-07-23 21:00:00,47.4,46.8,2617.0,63.9,7.7,13.0,82.0,26.2,83.0,0.6,947.2,0.0
2026-07-23 22:00:00,57.3,56.7,2361.0,65.6,9.6,9.0,83.0,25.7,85.0,0.2,947.4,0.0
2026-07-23 23:00:00,65.0,64.3,2100.0,65.4,10.4,6.0,85.0,26.1,85.0,5.3,947.4,0.0
2026-07-24 00:00:00,63.3,62.9,1925.0,63.7,9.4,5.0,88.0,25.4,88.0,2.7,947.2,0.0
2026-07-24 01:00:00,52.4,51.8,1746.0,60.1,7.4,6.0,90.0,25.0,90.0,6.4,946.9,0.0
2026-07-24 02:00:00,47.5,47.0,1578.0,56.7,5.8,7.0,92.0,24.9,90.0,4.0,946.9,0.0
2026-07-24 03:00:00,40.9,40.4,1441.0,54.6,4.9,4.0,94.0,24.8,91.0,1.3,946.7,0.0
2026-07-24 04:00:00,35.7,35.3,1315.0,52.6,4.4,2.0,94.0,24.6,92.0,2.0,946.7,0.0
2026-07-24 05:00:00,45.4,44.9,1159.0,48.1,4.5,4.0,95.0,25.0,90.0,5.7,946.9,0.0
2026-07-24 06:00:00,41.0,40.5,930.0,40.3,5.8,24.0,95.0,25.0,90.0,5.1,946.9,0.0
2026-07-24 07:00:00,36.3,35.6,671.0,29.4,7.7,52.0,95.0,26.1,86.0,7.2,947.6,0.0
2026-07-24 08:00:00,27.9,26.8,469.0,19.9,8.9,77.0,95.0,27.0,76.0,11.6,948.5,0.0
2026-07-24 09:00:00,24.4,23.2,368.0,13.5,8.9,95.0,95.0,27.7,74.0,8.8,948.6,0.0
2026-07-24 10:00:00,20.5,18.9,325.0,8.5,8.4,111.0,95.0,28.7,69.0,10.4,948.7,0.0
2026-07-24 11:00:00,18.0,16.1,299.0,5.1,7.7,121.0,95.0,28.1,70.0,12.6,949.3,0.0
2026-07-24 12:00:00,14.7,13.0,273.0,3.6,6.9,125.0,95.0,29.3,66.0,7.3,948.6,0.4
2026-07-24 13:00:00,13.3,11.9,263.0,3.6,6.1,125.0,95.0,30.6,60.0,7.8,948.1,0.1
2026-07-24 14:00:00,12.6,11.7,279.0,4.4,5.7,123.0,95.0,31.0,59.0,6.0,947.1,0.0
2026-07-24 15:00:00,13.1,12.4,260.0,3.1,6.0,125.0,95.0,31.0,60.0,3.9,946.1,0.0
2026-07-24 16:00:00,14.0,13.4,266.0,2.6,6.7,125.0,95.0,31.1,60.0,1.6,945.3,0.0
2026-07-24 17:00:00,12.0,11.9,485.0,10.2,8.1,119.0,96.0,31.1,60.0,4.2,945.1,0.0
2026-07-24 18:00:00,13.8,13.7,1135.0,34.7,10.1,87.0,95.0,30.6,63.0,2.3,945.0,0.0
2026-07-24 19:00:00,31.8,31.8,1998.0,68.4,12.9,43.0,94.0,29.5,74.0,1.3,944.8,0.0
2026-07-24 20:00:00,47.1,47.1,2611.0,92.7,14.8,10.0,94.0,28.4,79.0,2.5,945.2,0.0
2026-07-24 21:00:00,53.6,53.4,2788.0,99.0,15.3,0.0,94.0,27.8,83.0,1.5,946.2,0.0
2026-07-24 22:00:00,56.8,56.7,2715.0,96.0,15.0,1.0,95.0,27.3,84.0,1.3,946.7,0.0
2026-07-24 23:00:00,56.1,56.0,2486.0,91.0,14.0,4.0,95.0,27.8,83.0,4.6,946.6,0.0
2026-07-25 00:00:00,49.7,49.5,2033.0,85.9,12.1,5.0,94.0,27.1,84.0,5.7,946.9,0.0
2026-07-25 01:00:00,44.2,44.0,1423.0,78.9,9.6,6.0,93.0,26.9,83.0,6.7,947.0,0.0
2026-07-25 02:00:00,38.8,38.4,954.0,71.6,7.6,8.0,92.0,26.4,84.0,8.6,947.1,0.0
2026-07-25 03:00:00,35.7,35.2,752.0,65.0,6.5,8.0,92.0,26.0,86.0,5.4,946.8,0.0
2026-07-25 04:00:00,34.5,33.9,689.0,58.3,5.9,7.0,91.0,26.0,86.0,1.4,947.3,0.0
2026-07-25 05:00:00,22.9,22.4,684.0,36.9,5.2,32.0,91.0,26.4,79.0,7.5,946.8,0.0
2026-07-25 06:00:00,21.5,20.9,750.0,37.9,5.2,33.0,89.0,26.4,78.0,1.9,947.0,0.0
2026-07-25 07:00:00,22.6,22.0,872.0,39.0,5.2,35.0,88.0,26.9,77.0,0.4,947.6,0.0
2026-07-25 08:00:00,22.0,21.2,927.0,38.1,5.5,40.0,87.0,27.4,76.0,2.2,948.4,0.0
2026-07-25 09:00:00,21.5,20.5,839.0,33.3,6.1,50.0,86.0,27.5,77.0,3.9,949.1,0.1
2026-07-25 10:00:00,22.9,21.7,684.0,26.5,7.0,63.0,86.0,27.6,81.0,8.0,949.6,0.3
2026-07-25 11:00:00,26.3,25.2,560.0,20.9,7.7,75.0,86.0,26.4,90.0,6.9,949.3,0.4
2026-07-25 12:00:00,28.8,27.6,503.0,17.7,8.1,83.0,87.0,25.8,94.0,9.2,949.3,2.2
2026-07-25 13:00:00,27.1,25.8,478.0,15.7,8.5,89.0,88.0,25.5,92.0,7.2,949.2,2.6
2026-07-25 14:00:00,21.4,20.2,480.0,14.4,8.7,95.0,89.0,25.9,91.0,4.8,949.0,1.6
2026-07-25 15:00:00,18.7,17.9,447.0,10.8,8.6,105.0,90.0,26.3,89.0,3.7,948.7,0.5
2026-07-25 16:00:00,17.5,16.9,442.0,7.8,8.5,115.0,90.0,26.7,86.0,5.5,948.1,0.1
2026-07-25 17:00:00,31.2,30.3,647.0,33.2,5.3,60.0,91.0,28.1,73.0,10.7,947.7,0.0
2026-07-25 18:00:00,30.5,29.6,1281.0,47.8,7.0,44.0,92.0,27.8,75.0,6.6,947.7,0.0
2026-07-25 19:00:00,37.0,36.2,2125.0,67.8,9.3,21.0,93.0,27.1,78.0,3.6,947.9,0.0
2026-07-25 20:00:00,55.4,54.5,2706.0,82.0,10.7,5.0,94.0,26.4,79.0,3.2,948.2,0.0
2026-07-25 21:00:00,68.5,67.5,2781.0,86.3,10.3,0.0,94.0,26.4,79.0,0.4,949.1,0.0
2026-07-25 22:00:00,57.6,56.7,2593.0,84.8,9.0,0.0,95.0,26.2,80.0,0.2,949.5,0.0
2026-07-25 23:00:00,48.0,47.0,2399.0,78.2,7.6,4.0,95.0,26.3,82.0,2.2,949.2,0.0
2026-07-26 00:00:00,44.8,43.7,2333.0,63.6,6.2,16.0,95.0,25.6,86.0,2.0,949.2,0.0
2026-07-26 01:00:00,37.4,36.0,2262.0,43.8,4.7,34.0,94.0,25.5,88.0,1.3,948.9,0.0
2026-07-26 02:00:00,30.0,28.6,2044.0,28.2,3.5,47.0,94.0,25.1,91.0,2.6,948.6,0.0
2026-07-26 03:00:00,28.7,27.1,1517.0,20.4,2.8,52.0,93.0,25.1,91.0,0.4,948.9,0.0
2026-07-26 04:00:00,27.4,25.9,843.0,16.7,2.4,53.0,92.0,25.1,91.0,1.3,948.9,0.0
2026-07-26 05:00:00,15.4,14.7,372.0,12.2,2.1,56.0,92.0,25.7,88.0,0.0,949.1,0.0
2026-07-26 06:00:00,15.9,15.2,299.0,13.9,2.3,54.0,91.0,25.4,91.0,2.3,949.3,0.3
2026-07-26 07:00:00,17.5,16.9,428.0,16.1,2.7,53.0,91.0,25.9,89.0,6.7,949.4,0.0
2026-07-26 08:00:00,17.3,16.1,528.0,16.4,3.9,60.0,90.0,26.9,81.0,4.9,949.5,0.0
2026-07-26 09:00:00,19.4,16.3,507.0,13.2,6.7,81.0,90.0,28.6,72.0,1.9,950.0,0.0
2026-07-26 10:00:00,25.0,20.0,457.0,8.1,10.2,110.0,89.0,29.1,69.0,4.7,950.1,0.0
2026-07-26 11:00:00,27.8,22.4,414.0,4.3,12.6,133.0,89.0,30.0,63.0,2.5,950.4,0.0
2026-07-26 12:00:00,28.3,23.2,392.0,3.0,12.6,145.0,89.0,30.2,63.0,3.6,950.0,0.0
2026-07-26 13:00:00,28.1,23.5,378.0,2.9,11.5,151.0,89.0,30.7,63.0,4.7,949.4,0.0
2026-07-26 14:00:00,28.2,23.9,374.0,3.4,10.6,154.0,89.0,31.6,61.0,4.1,948.5,0.0
2026-07-26 15:00:00,28.1,24.1,357.0,2.2,10.5,158.0,89.0,32.4,58.0,5.0,947.6,0.0
2026-07-26 16:00:00,27.8,24.1,350.0,1.6,10.6,159.0,89.0,32.6,57.0,6.6,946.9,0.0
2026-07-26 17:00:00,23.7,20.9,429.0,7.3,9.5,142.0,99.0,32.3,59.0,5.1,946.8,0.0
2026-07-26 18:00:00,25.4,23.2,665.0,25.9,10.0,111.0,112.0,31.3,67.0,5.4,946.3,0.0
2026-07-26 19:00:00,30.4,28.4,986.0,51.7,10.7,69.0,112.0,29.8,71.0,7.7,946.0,0.0
2026-07-26 20:00:00,39.9,37.8,1260.0,71.9,11.5,35.0,98.0,28.8,74.0,8.4,946.0,0.0
2026-07-26 21:00:00,51.1,49.1,1452.0,81.8,12.6,20.0,87.0,28.2,76.0,6.9,946.3,0.0
2026-07-26 22:00:00,56.9,54.9,1595.0,86.0,13.6,13.0,85.0,27.7,78.0,5.3,946.6,0.0
2026-07-26 23:00:00,62.9,61.2,1656.0,86.3,13.7,9.0,85.0,27.9,78.0,6.4,945.9,0.0
2026-07-27 00:00:00,66.4,65.0,1600.0,81.8,11.8,5.0,86.0,27.4,81.0,4.1,945.7,0.0
2026-07-27 01:00:00,65.9,64.7,1460.0,73.3,8.9,4.0,88.0,27.3,81.0,1.4,945.7,0.0
2026-07-27 02:00:00,58.4,57.6,1305.0,64.7,6.6,5.0,90.0,27.0,82.0,0.9,945.4,0.0
2026-07-27 03:00:00,44.9,44.5,1127.0,57.2,5.5,8.0,92.0,26.8,83.0,0.9,945.4,0.0
2026-07-27 04:00:00,36.8,36.3,934.0,49.7,5.1,13.0,94.0,26.6,84.0,0.9,945.2,0.0
2026-07-27 05:00:00,50.8,50.3,813.0,56.3,5.2,3.0,95.0,26.2,90.0,1.5,945.0,0.0
2026-07-27 06:00:00,55.1,54.5,838.0,50.2,6.8,23.0,97.0,26.1,90.0,2.8,945.2,0.0
2026-07-27 07:00:00,52.4,51.5,936.0,41.4,9.0,51.0,101.0,27.5,84.0,2.1,945.7,0.0
2026-07-27 08:00:00,42.4,40.9,977.0,32.4,11.1,80.0,104.0,29.0,79.0,0.9,945.9,0.0
2026-07-27 09:00:00,28.1,26.0,893.0,23.0,13.3,111.0,107.0,30.5,70.0,1.7,945.7,0.0
2026-07-27 10:00:00,26.4,24.3,753.0,13.3,15.4,144.0,108.0,31.8,62.0,3.3,945.6,0.0
2026-07-27 11:00:00,25.8,23.6,631.0,6.4,16.3,167.0,108.0,32.8,57.0,3.9,945.7,0.0
2026-07-27 12:00:00,24.7,22.7,546.0,3.8,14.9,175.0,108.0,33.7,54.0,4.3,945.2,0.0
2026-07-27 13:00:00,24.2,22.2,479.0,3.9,12.1,174.0,108.0,34.1,53.0,3.7,944.6,0.0
2026-07-27 14:00:00,23.5,21.5,447.0,4.8,10.2,172.0,108.0,34.3,53.0,3.5,943.8,0.1
2026-07-27 15:00:00,22.9,20.9,425.0,2.3,9.8,175.0,108.0,34.4,53.0,3.5,943.1,0.1
2026-07-27 16:00:00,22.5,20.5,437.0,0.7,10.1,177.0,121.0,34.4,53.0,2.8,942.3,0.0
2026-07-27 17:00:00,13.3,11.8,576.0,10.3,9.4,149.0,142.0,34.2,54.0,5.8,942.1,0.0
2026-07-27 18:00:00,17.9,16.5,950.0,41.6,10.9,109.0,150.0,32.9,64.0,6.1,941.9,0.0
2026-07-27 19:00:00,29.3,27.9,1450.0,84.3,12.8,53.0,143.0,31.1,70.0,6.3,941.8,0.0
2026-07-27 20:00:00,39.3,37.8,1839.0,113.0,14.1,13.0,118.0,29.6,77.0,4.2,942.1,0.0
2026-07-27 21:00:00,42.1,40.6,2047.0,115.4,14.1,3.0,106.0,29.1,81.0,2.7,942.5,0.0
2026-07-27 22:00:00,43.3,41.8,2144.0,103.8,13.5,9.0,105.0,28.7,82.0,2.2,943.0,0.0
2026-07-27 23:00:00,46.8,45.3,2100.0,90.2,12.5,17.0,103.0,29.2,81.0,2.2,942.6,0.0
2026-07-28 00:00:00,48.0,46.6,1841.0,77.7,11.0,21.0,102.0,28.3,84.0,2.1,942.9,0.0
2026-07-28 01:00:00,46.1,44.9,1441.0,63.1,9.2,28.0,100.0,27.7,86.0,8.1,942.9,0.2
2026-07-28 02:00:00,42.1,40.9,1095.0,49.0,7.8,37.0,98.0,27.0,91.0,1.5,943.1,0.1
2026-07-28 03:00:00,34.8,33.4,851.0,34.6,7.0,52.0,97.0,26.4,88.0,5.6,943.4,0.2
2026-07-28 04:00:00,24.0,22.5,661.0,20.6,6.6,70.0,96.0,26.2,88.0,7.8,943.0,0.5
2026-07-28 05:00:00,34.5,32.9,571.0,22.0,7.1,62.0,95.0,27.5,81.0,7.3,942.7,0.2
2026-07-28 06:00:00,34.6,32.7,663.0,21.7,8.0,71.0,94.0,26.6,81.0,7.8,943.1,0.0
2026-07-28 07:00:00,37.5,35.3,857.0,21.2,9.3,85.0,92.0,27.3,79.0,2.6,943.4,0.0
2026-07-28 08:00:00,37.1,33.5,955.0,19.5,11.0,102.0,91.0,28.7,76.0,1.8,943.9,0.0
2026-07-28 09:00:00,32.4,28.6,845.0,15.7,13.9,126.0,90.0,30.6,69.0,3.1,944.0,0.0
2026-07-28 10:00:00,31.8,28.1,640.0,10.9,17.2,155.0,90.0,32.1,66.0,6.2,944.6,0.0
2026-07-28 11:00:00,32.9,29.4,482.0,7.2,19.0,176.0,91.0,33.2,62.0,6.6,944.7,0.0
2026-07-28 12:00:00,31.9,28.7,417.0,5.5,18.0,186.0,91.0,33.4,63.0,3.8,944.5,0.1
2026-07-28 13:00:00,30.4,27.4,400.0,5.0,15.5,188.0,92.0,34.1,61.0,3.1,943.9,0.0
2026-07-28 14:00:00,30.9,27.6,437.0,5.1,13.4,187.0,98.0,34.3,59.0,2.4,943.3,0.0
2026-07-28 15:00:00,27.1,24.3,549.0,4.5,12.4,184.0,123.0,34.7,56.0,2.8,942.9,0.0
2026-07-28 16:00:00,26.7,23.7,716.0,4.7,11.9,177.0,144.0,34.6,56.0,3.8,942.4,0.0
2026-07-28 17:00:00,36.1,29.5,882.0,9.4,9.8,154.0,157.0,34.8,52.0,4.9,941.7,0.1
2026-07-28 18:00:00,38.5,32.2,1033.0,22.2,9.7,129.0,162.0,33.5,64.0,5.5,941.6,0.0
2026-07-28 19:00:00,47.7,42.5,1184.0,39.7,9.5,95.0,158.0,31.5,72.0,10.2,941.9,0.0
2026-07-28 20:00:00,47.7,43.3,1324.0,51.9,9.3,69.0,143.0,30.2,77.0,9.0,942.8,0.0
2026-07-28 21:00:00,45.9,42.6,1494.0,54.1,9.1,59.0,118.0,29.7,80.0,5.6,943.6,0.0
2026-07-28 22:00:00,46.7,43.5,1652.0,50.9,9.0,58.0,97.0,29.2,82.0,7.2,944.2,0.0
2026-07-28 23:00:00,48.4,45.3,1663.0,46.4,8.7,59.0,97.0,29.2,82.0,9.0,944.2,0.0
2026-07-29 00:00:00,48.4,45.3,1401.0,41.4,8.3,59.0,97.0,25.6,88.0,13.0,945.1,1.2
2026-07-29 01:00:00,47.1,44.5,992.0,35.1,7.8,61.0,97.0,24.6,91.0,8.5,944.6,0.5
2026-07-29 02:00:00,46.3,43.4,679.0,28.8,7.2,66.0,97.0,24.1,95.0,9.8,944.5,1.7
2026-07-29 03:00:00,45.9,41.9,567.0,21.7,6.1,75.0,98.0,24.3,95.0,7.6,945.4,1.3
2026-07-29 04:00:00,25.6,23.1,551.0,14.6,4.9,86.0,98.0,24.1,94.0,11.0,945.2,0.3
2026-07-29 05:00:00,32.0,27.0,562.0,6.5,2.9,124.0,98.0,24.4,95.0,10.3,945.8,0.3
2026-07-29 06:00:00,29.8,25.7,601.0,10.7,3.2,115.0,98.0,24.6,94.0,10.4,945.6,0.3
2026-07-29 07:00:00,30.0,26.8,666.0,16.3,3.8,104.0,97.0,25.4,91.0,10.8,946.0,0.0
2026-07-29 08:00:00,31.1,27.5,690.0,19.2,4.9,102.0,97.0,26.8,84.0,8.7,946.5,0.0
2026-07-29 09:00:00,29.7,25.8,624.0,16.6,7.0,119.0,96.0,28.4,75.0,11.2,946.8,0.0
2026-07-29 10:00:00,29.1,24.9,516.0,11.2,9.7,146.0,96.0,29.8,69.0,10.6,946.8,0.0
2026-07-29 11:00:00,32.1,27.1,437.0,7.1,11.7,168.0,96.0,29.6,70.0,11.6,947.4,0.0
2026-07-29 12:00:00,34.2,29.0,417.0,5.8,12.6,179.0,95.0,28.8,72.0,10.9,947.3,0.0
2026-07-29 13:00:00,35.2,29.5,427.0,5.6,12.8,184.0,95.0,29.0,72.0,12.3,946.9,0.0
2026-07-29 14:00:00,39.6,32.7,453.0,6.1,13.1,187.0,104.0,30.1,69.0,11.5,946.4,0.0
2026-07-29 15:00:00,39.7,32.9,452.0,3.4,13.7,194.0,119.0,31.2,64.0,9.2,945.7,0.0
2026-07-29 16:00:00,39.7,32.8,468.0,1.2,14.3,199.0,139.0,31.6,62.0,8.8,945.0,0.0
2026-07-29 17:00:00,41.7,35.5,613.0,15.0,13.3,146.0,157.0,31.6,63.0,8.0,944.8,0.0
2026-07-29 18:00:00,40.3,35.0,998.0,31.9,13.4,117.0,161.0,30.5,71.0,8.4,944.3,0.0
2026-07-29 19:00:00,42.3,38.5,1514.0,55.3,13.4,76.0,157.0,29.1,78.0,6.5,944.2,0.0
2026-07-29 20:00:00,49.8,46.0,1942.0,74.3,13.3,42.0,139.0,28.4,82.0,6.1,944.4,0.0
2026-07-29 21:00:00,59.0,55.1,2259.0,84.8,13.0,22.0,110.0,27.8,85.0,4.2,944.9,0.0
2026-07-29 22:00:00,68.2,64.3,2488.0,90.8,12.6,9.0,99.0,27.1,89.0,3.2,945.1,0.0
2026-07-29 23:00:00,75.4,72.2,2486.0,93.1,11.8,1.0,101.0,27.6,89.0,5.1,945.1,0.0
2026-07-30 00:00:00,76.1,73.3,2088.0,92.0,10.4,0.0,104.0,27.0,92.0,5.1,945.0,0.0
2026-07-30 01:00:00,72.6,70.1,1459.0,87.1,8.6,0.0,107.0,26.7,92.0,4.8,945.0,0.0
2026-07-30 02:00:00,68.2,65.7,948.0,78.2,7.4,5.0,109.0,26.5,93.0,4.7,944.8,0.0
2026-07-30 03:00:00,60.3,57.3,681.0,62.3,7.0,19.0,111.0,26.3,93.0,5.0,944.5,0.0
2026-07-30 04:00:00,49.9,47.1,533.0,42.2,7.2,39.0,113.0,25.9,92.0,5.6,944.4,0.0
2026-07-30 05:00:00,57.5,53.9,473.0,36.3,8.8,51.0,116.0,24.3,96.0,6.8,944.2,0.0
2026-07-30 06:00:00,56.6,52.7,542.0,32.1,10.0,65.0,118.0,24.9,96.0,6.1,944.2,0.1
2026-07-30 07:00:00,50.3,45.9,701.0,26.2,11.8,85.0,121.0,26.2,91.0,3.1,944.7,0.0
2026-07-30 08:00:00,38.2,33.3,796.0,20.4,13.3,108.0,123.0,27.7,84.0,5.1,945.6,0.0
2026-07-30 09:00:00,36.7,31.8,752.0,15.0,14.7,136.0,124.0,29.0,77.0,4.4,945.6,0.0
2026-07-30 10:00:00,37.1,32.4,645.0,9.8,15.8,165.0,124.0,30.5,72.0,4.8,945.6,0.0
2026-07-30 11:00:00,37.6,33.5,554.0,6.2,16.1,185.0,125.0,32.1,64.0,7.8,945.7,0.1
2026-07-30 12:00:00,37.4,32.9,502.0,4.7,14.9,188.0,126.0,32.9,62.0,9.1,945.6,0.0
2026-07-30 13:00:00,39.5,34.6,466.0,5.0,12.8,181.0,126.0,32.7,61.0,11.4,945.3,0.2
2026-07-30 14:00:00,35.9,31.2,458.0,7.1,10.9,170.0,127.0,32.5,62.0,8.0,944.9,0.3
2026-07-30 15:00:00,35.3,31.1,479.0,11.5,9.5,157.0,127.0,32.9,60.0,7.9,944.2,0.1
2026-07-30 16:00:00,32.4,29.3,529.0,17.9,8.4,140.0,141.0,32.7,61.0,10.0,943.6,0.0
2026-07-30 17:00:00,39.2,34.3,619.0,19.0,7.9,147.0,148.0,32.2,66.0,9.7,943.3,0.0
2026-07-30 18:00:00,40.4,36.4,769.0,32.4,8.1,122.0,150.0,30.9,75.0,9.6,943.4,0.0
2026-07-30 19:00:00,44.4,41.3,959.0,50.5,8.3,87.0,141.0,29.6,80.0,12.2,944.0,0.0
2026-07-30 20:00:00,48.7,45.9,1146.0,61.5,8.2,63.0,126.0,28.5,81.0,10.7,944.7,0.0
2026-07-30 21:00:00,49.2,46.4,1361.0,59.0,7.6,58.0,126.0,28.0,83.0,9.4,945.5,0.0
2026-07-30 22:00:00,49.8,47.1,1572.0,49.4,6.8,62.0,126.0,27.5,85.0,6.9,945.7,0.1
2026-07-30 23:00:00,51.5,49.0,1638.0,39.8,6.1,69.0,124.0,27.8,85.0,8.7,945.8,0.0
2026-07-31 00:00:00,48.0,46.2,1444.0,32.3,5.6,77.0,121.0,25.1,90.0,9.8,945.5,1.8
2026-07-31 01:00:00,49.4,47.0,1105.0,24.9,5.2,87.0,118.0,25.1,92.0,10.0,945.0,0.6
2026-07-31 02:00:00,46.4,43.3,818.0,18.9,4.8,96.0,116.0,25.2,90.0,8.4,945.8,0.1
2026-07-31 03:00:00,37.6,34.5,630.0,14.3,4.2,102.0,114.0,24.1,93.0,4.7,945.8,1.6
2026-07-31 04:00:00,30.5,27.9,495.0,11.2,3.7,106.0,111.0,24.4,94.0,4.8,946.1,0.5
2026-07-31 05:00:00,25.5,23.4,469.0,10.6,3.0,111.0,109.0,26.2,94.0,2.7,946.3,0.1
2026-07-31 06:00:00,24.3,22.4,652.0,14.1,3.4,109.0,106.0,25.9,95.0,7.5,946.3,0.0
2026-07-31 07:00:00,25.5,23.7,944.0,18.7,3.9,106.0,103.0,26.2,92.0,10.2,946.7,0.0
2026-07-31 08:00:00,23.8,21.9,1103.0,20.6,4.9,111.0,101.0,26.9,87.0,5.8,947.2,0.0
2026-07-31 09:00:00,23.7,21.8,974.0,17.1,6.7,131.0,100.0,27.7,81.0,5.9,948.0,0.1
2026-07-31 10:00:00,25.6,23.7,713.0,10.8,8.9,158.0,99.0,28.4,79.0,7.1,948.2,0.7
2026-07-31 11:00:00,25.9,24.4,543.0,6.0,10.2,177.0,98.0,24.6,94.0,5.9,948.6,0.2
2026-07-31 12:00:00,24.5,23.5,588.0,4.1,10.0,183.0,97.0,25.8,89.0,5.8,948.3,0.9
2026-07-31 13:00:00,23.0,22.2,725.0,3.6,8.9,181.0,98.0,28.2,78.0,10.4,947.9,0.3
2026-07-31 14:00:00,21.1,20.4,809.0,4.5,8.1,176.0,112.0,29.7,71.0,13.9,947.2,0.4
2026-07-31 15:00:00,20.3,19.7,700.0,5.9,7.9,168.0,127.0,30.2,68.0,15.6,946.7,0.1
2026-07-31 16:00:00,20.8,20.3,539.0,8.6,8.0,157.0,140.0,30.0,68.0,15.1,946.2,0.1
2026-07-31 17:00:00,28.6,27.8,600.0,16.7,6.3,117.0,150.0,27.3,83.0,8.4,946.3,0.1
2026-07-31 18:00:00,26.8,26.1,1059.0,29.8,6.8,95.0,147.0,27.2,83.0,6.8,946.2,0.0
2026-07-31 19:00:00,29.4,28.8,1741.0,48.1,7.6,65.0,133.0,27.0,85.0,4.3,946.3,0.0
2026-07-31 20:00:00,36.6,36.0,2399.0,63.1,8.1,40.0,109.0,26.8,88.0,2.2,946.7,0.0
2026-07-31 21:00:00,40.7,40.2,3060.0,72.2,8.3,25.0,90.0,26.8,88.0,1.4,947.2,0.0
2026-07-31 22:00:00,43.7,43.1,3697.0,77.9,8.3,14.0,90.0,26.5,89.0,2.1,947.6,0.0
2026-07-31 23:00:00,49.7,48.9,3982.0,80.1,8.1,8.0,89.0,26.9,89.0,1.8,947.4,0.0
2026-08-01 00:00:00,52.6,51.8,3663.0,77.1,7.5,7.0,89.0,26.6,87.0,0.8,947.4,0.0
2026-08-01 01:00:00,50.9,50.1,2993.0,70.5,6.6,10.0,90.0,26.1,89.0,1.6,947.6,0.0
2026-08-01 02:00:00,51.9,51.0,2396.0,64.4,5.9,12.0,90.0,25.7,91.0,4.1,947.4,0.0
2026-08-01 03:00:00,53.1,52.0,2026.0,61.2,5.2,7.0,91.0,25.7,91.0,5.9,947.5,0.0
2026-08-01 04:00:00,54.2,53.2,1729.0,58.4,4.6,1.0,92.0,25.7,90.0,5.3,947.3,0.0
2026-08-01 05:00:00,49.4,48.2,1474.0,47.7,5.7,25.0,94.0,26.3,83.0,6.0,947.3,0.0
2026-08-01 06:00:00,50.1,48.8,1256.0,39.5,6.6,44.0,96.0,25.9,86.0,5.6,947.5,0.0
2026-08-01 07:00:00,35.7,34.5,1079.0,28.1,7.7,71.0,98.0,27.0,83.0,3.8,947.7,0.0
2026-08-01 08:00:00,26.1,24.4,923.0,18.4,8.6,95.0,99.0,28.2,77.0,2.6,948.0,0.0
2026-08-01 09:00:00,22.8,20.7,779.0,12.3,8.8,111.0,99.0,28.8,73.0,2.0,948.3,0.0
2026-08-01 10:00:00,20.5,18.2,656.0,8.1,8.8,124.0,99.0,29.5,70.0,2.9,948.3,0.0
2026-08-01 11:00:00,18.5,16.4,560.0,5.2,8.6,133.0,99.0,30.5,67.0,4.5,948.6,0.0
2026-08-01 12:00:00,17.4,15.3,490.0,3.9,8.3,138.0,98.0,31.4,63.0,6.3,947.9,0.1
2026-08-01 13:00:00,16.5,14.6,447.0,4.0,8.0,140.0,97.0,31.7,63.0,5.8,947.2,0.1
2026-08-01 14:00:00,16.8,15.0,435.0,4.8,8.0,140.0,97.0,31.8,62.0,5.6,946.1,0.1
2026-08-01 15:00:00,17.3,15.6,420.0,4.1,8.7,142.0,96.0,31.9,61.0,4.8,945.6,0.0
2026-08-01 16:00:00,17.6,15.9,437.0,4.2,9.7,143.0,96.0,32.0,60.0,3.7,945.0,0.0
2026-08-01 17:00:00,23.5,21.5,591.0,13.5,9.5,122.0,96.0,31.9,62.0,6.6,944.6,0.0
2026-08-01 18:00:00,27.0,25.7,1002.0,32.0,9.1,90.0,97.0,30.8,72.0,6.2,944.7,0.0
2026-08-01 19:00:00,31.4,30.4,1551.0,57.5,8.6,46.0,95.0,29.4,78.0,4.6,944.7,0.0
2026-08-01 20:00:00,35.2,34.2,1988.0,76.0,8.2,13.0,95.0,28.5,84.0,4.0,944.9,0.0
2026-08-01 21:00:00,38.3,37.5,2246.0,81.2,8.0,1.0,95.0,27.9,86.0,4.0,945.6,0.0
2026-08-01 22:00:00,42.7,41.8,2391.0,79.4,7.8,0.0,95.0,27.4,89.0,2.9,946.0,0.0
2026-08-01 23:00:00,44.5,43.7,2371.0,76.3,7.4,0.0,95.0,27.9,87.0,3.6,945.9,0.0
2026-08-02 00:00:00,45.9,44.9,2105.0,74.1,6.5,0.0,94.0,27.4,88.0,2.3,946.1,0.0
2026-08-02 01:00:00,47.4,46.7,1673.0,70.5,5.4,0.0,94.0,26.9,89.0,2.9,946.3,0.0
2026-08-02 02:00:00,46.4,45.6,1261.0,63.9,4.6,2.0,94.0,26.6,90.0,4.5,946.3,0.0
2026-08-02 03:00:00,40.4,39.7,892.0,51.5,4.4,16.0,93.0,26.1,89.0,7.7,946.5,0.2
2026-08-02 04:00:00,30.4,29.7,543.0,36.1,4.4,36.0,92.0,24.0,96.0,11.8,947.5,3.2
2026-08-02 05:00:00,30.2,29.3,325.0,38.1,5.1,29.0,90.0,25.5,93.0,8.3,947.1,1.2
2026-08-02 06:00:00,29.9,29.0,336.0,32.0,5.5,47.0,89.0,25.5,93.0,9.3,947.0,0.0
2026-08-02 07:00:00,29.2,28.2,477.0,23.4,6.1,71.0,87.0,26.4,90.0,4.9,947.2,0.0
2026-08-02 08:00:00,21.8,20.5,567.0,15.9,7.0,94.0,87.0,28.0,82.0,4.3,948.2,0.0
2026-08-02 09:00:00,19.7,18.2,520.0,10.8,8.4,112.0,86.0,29.6,73.0,6.4,948.1,0.0
2026-08-02 10:00:00,21.9,20.0,421.0,6.8,10.2,128.0,86.0,30.8,68.0,5.2,947.8,0.0
2026-08-02 11:00:00,24.9,22.6,341.0,4.1,11.4,141.0,86.0,31.3,64.0,5.8,947.8,0.1
2026-08-02 12:00:00,27.2,24.9,297.0,2.9,11.7,152.0,87.0,32.1,63.0,6.3,947.5,0.1
2026-08-02 13:00:00,29.0,26.5,273.0,3.0,11.5,161.0,88.0,32.6,63.0,4.6,947.2,0.1
2026-08-02 14:00:00,30.5,28.0,292.0,3.7,11.4,166.0,89.0,33.1,61.0,3.9,946.4,0.0
2026-08-02 15:00:00,31.3,28.9,356.0,2.6,11.7,171.0,90.0,33.1,61.0,4.4,945.7,0.0
2026-08-02 16:00:00,32.4,29.9,462.0,2.0,12.2,173.0,106.0,33.3,60.0,4.8,945.3,0.0
2026-08-02 17:00:00,20.7,19.3,631.0,7.8,10.1,148.0,123.0,32.8,58.0,6.3,945.2,0.1
2026-08-02 18:00:00,26.4,25.0,923.0,25.1,10.6,118.0,130.0,31.0,72.0,9.9,945.1,0.1
2026-08-02 19:00:00,33.6,32.4,1277.0,48.9,11.2,78.0,128.0,29.2,81.0,8.4,945.4,0.0
2026-08-02 20:00:00,39.9,38.5,1526.0,65.7,11.6,47.0,115.0,28.4,86.0,3.9,946.1,0.0
2026-08-02 21:00:00,42.8,41.4,1600.0,69.3,11.7,36.0,92.0,28.1,89.0,2.2,946.9,0.0
2026-08-02 22:00:00,45.1,43.5,1569.0,66.0,11.5,35.0,92.0,27.7,90.0,4.5,947.4,0.0
2026-08-02 23:00:00,49.5,48.0,1477.0,60.7,11.0,36.0,92.0,28.1,86.0,5.7,947.4,0.0
2026-08-03 00:00:00,50.3,48.9,1316.0,54.0,9.8,36.0,93.0,27.5,88.0,5.2,947.0,0.0
2026-08-03 01:00:00,46.3,45.3,1095.0,45.4,8.3,37.0,93.0,27.0,91.0,3.9,946.9,0.0
2026-08-03 02:00:00,43.4,42.5,885.0,38.0,7.1,38.0,93.0,26.6,93.0,3.6,946.4,0.0
2026-08-03 03:00:00,42.1,41.2,685.0,33.2,6.4,37.0,93.0,26.4,94.0,2.9,946.0,0.0
2026-08-03 04:00:00,40.7,39.9,496.0,29.7,6.0,35.0,93.0,26.4,93.0,0.8,946.0,0.0
2026-08-03 05:00:00,34.5,32.6,390.0,22.8,5.0,47.0,94.0,26.6,95.0,1.8,945.9,0.0
2026-08-03 06:00:00,36.0,34.2,440.0,23.0,6.1,58.0,94.0,26.7,95.0,6.1,945.5,0.1
2026-08-03 07:00:00,39.8,38.2,575.0,23.1,7.6,75.0,94.0,27.8,90.0,4.0,945.9,0.0
2026-08-03 08:00:00,35.3,32.9,649.0,22.0,9.0,91.0,95.0,28.6,84.0,5.1,946.5,0.1
2026-08-03 09:00:00,30.2,27.9,581.0,18.8,9.9,106.0,96.0,29.3,80.0,8.3,947.2,0.4
2026-08-03 10:00:00,31.1,28.2,454.0,14.5,10.5,121.0,97.0,29.3,76.0,9.9,947.8,0.4
2026-08-03 11:00:00,30.9,28.3,369.0,10.9,11.3,136.0,98.0,30.3,74.0,7.6,947.8,0.8
2026-08-03 12:00:00,28.1,26.1,374.0,8.4,12.6,154.0,98.0,31.3,71.0,4.7,947.9,0.2
2026-08-03 13:00:00,28.9,27.2,422.0,6.7,14.0,172.0,98.0,28.3,84.0,12.2,947.7,2.9
2026-08-03 14:00:00,29.9,28.3,473.0,6.5,14.7,181.0,98.0,28.4,84.0,7.6,946.9,1.2
2026-08-03 15:00:00,30.3,28.5,481.0,5.8,14.1,180.0,98.0,30.4,76.0,6.5,946.6,0.1
2026-08-03 16:00:00,34.6,32.6,492.0,6.6,12.7,170.0,109.0,30.8,72.0,6.8,946.3,1.3
2026-08-03 17:00:00,39.5,35.9,599.0,19.1,6.8,128.0,126.0,29.2,79.0,5.2,946.1,0.1
2026-08-03 18:00:00,39.1,36.6,877.0,32.4,7.0,103.0,131.0,29.0,79.0,4.6,946.1,0.1
2026-08-03 19:00:00,42.8,41.1,1252.0,50.8,7.3,69.0,127.0,28.4,85.0,3.2,946.2,0.0
2026-08-03 20:00:00,41.3,39.8,1586.0,65.1,7.5,41.0,113.0,27.8,86.0,3.9,946.8,0.0
2026-08-03 21:00:00,42.4,41.0,1877.0,72.8,7.7,23.0,102.0,27.1,88.0,5.8,947.5,0.0
2026-08-03 22:00:00,44.9,43.4,2129.0,76.3,7.8,12.0,102.0,26.5,90.0,4.7,947.6,0.0
2026-08-03 23:00:00,48.0,46.2,2215.0,73.6,7.5,10.0,102.0,26.5,91.0,5.5,947.8,0.0
2026-08-04 00:00:00,42.6,40.2,2039.0,60.6,6.4,24.0,102.0,26.0,94.0,3.5,947.6,0.0
2026-08-04 01:00:00,33.6,31.4,1698.0,41.5,5.0,47.0,101.0,25.8,95.0,4.9,947.3,0.0
2026-08-04 02:00:00,29.5,27.6,1357.0,26.7,3.9,64.0,99.0,25.5,96.0,4.1,947.2,0.0
2026-08-04 03:00:00,28.9,27.1,1028.0,20.8,3.5,68.0,98.0,25.4,96.0,4.4,947.5,0.0
2026-08-04 04:00:00,31.4,29.2,699.0,19.4,3.5,65.0,97.0,24.5,99.0,2.1,947.9,4.9
2026-08-04 05:00:00,58.9,56.5,498.0,64.4,8.4,8.0,96.0,24.8,97.0,5.1,947.6,2.0
2026-08-04 06:00:00,58.3,56.1,525.0,56.6,9.4,26.0,98.0,24.6,96.0,2.9,947.9,0.9
2026-08-04 07:00:00,58.2,56.2,680.0,45.6,11.0,52.0,100.0,25.1,94.0,1.8,948.1,0.6
2026-08-04 08:00:00,46.0,43.3,795.0,35.1,13.4,83.0,102.0,26.5,89.0,3.6,948.4,0.1
2026-08-04 09:00:00,38.9,36.1,803.0,25.8,17.7,121.0,103.0,28.4,78.0,1.5,948.9,0.0
2026-08-04 10:00:00,40.4,37.6,771.0,16.9,22.7,162.0,104.0,30.0,72.0,1.1,948.9,0.0
2026-08-04 11:00:00,45.5,42.6,727.0,10.4,25.9,196.0,105.0,30.9,68.0,4.3,949.5,0.2
2026-08-04 12:00:00,50.4,47.4,663.0,6.8,25.6,219.0,106.0,31.6,65.0,5.3,949.1,0.1
2026-08-04 13:00:00,54.0,50.9,587.0,5.6,23.4,233.0,108.0,32.6,63.0,3.0,948.7,0.1
2026-08-04 14:00:00,56.5,53.2,551.0,6.4,21.0,237.0,111.0,32.7,64.0,1.9,947.6,0.0
2026-08-04 15:00:00,58.0,54.5,520.0,7.7,18.9,228.0,144.0,32.7,64.0,2.6,947.0,0.1
2026-08-04 16:00:00,58.7,55.1,530.0,11.1,16.7,208.0,173.0,32.2,67.0,3.2,946.3,0.1
2026-08-04 17:00:00,53.0,48.2,740.0,29.1,11.8,136.0,193.0,32.1,63.0,6.5,945.6,0.1
2026-08-04 18:00:00,55.3,51.0,1373.0,44.3,12.1,110.0,196.0,31.3,71.0,4.5,945.5,0.1
2026-08-04 19:00:00,56.8,53.2,2205.0,65.4,12.5,73.0,187.0,30.2,79.0,1.7,945.7,0.1
2026-08-04 20:00:00,66.4,62.6,2727.0,82.4,12.8,43.0,168.0,29.2,86.0,3.4,946.2,0.1
2026-08-04 21:00:00,76.1,72.2,2672.0,92.2,13.0,25.0,136.0,28.6,88.0,6.0,946.8,0.0
2026-08-04 22:00:00,84.8,80.6,2307.0,97.9,13.0,12.0,128.0,28.0,89.0,4.4,947.1,0.0
2026-08-04 23:00:00,87.8,84.1,1915.0,98.5,12.4,4.0,132.0,28.5,91.0,2.2,946.1,0.0
2026-08-05 00:00:00,91.3,87.8,1550.0,91.5,10.4,0.0,136.0,28.2,91.0,0.2,946.0,0.4
2026-08-05 01:00:00,87.1,83.8,1160.0,79.4,7.7,0.0,141.0,27.5,95.0,2.9,945.6,0.3
2026-08-05 02:00:00,85.0,81.7,870.0,68.4,5.9,3.0,146.0,25.7,98.0,5.2,945.5,0.6
2026-08-05 03:00:00,80.3,77.5,746.0,60.5,5.7,11.0,151.0,25.9,96.0,4.4,945.7,0.3
2026-08-05 04:00:00,65.4,60.8,723.0,53.7,6.4,22.0,152.0,25.7,95.0,0.8,945.3,0.1
2026-08-05 05:00:00,55.6,51.5,734.0,30.1,7.0,40.0,153.0,25.6,96.0,5.5,944.9,0.0
2026-08-05 06:00:00,59.6,53.0,791.0,29.5,7.3,50.0,153.0,25.5,96.0,3.8,945.0,0.0
2026-08-05 07:00:00,31.4,28.5,883.0,28.4,7.8,65.0,153.0,26.2,93.0,4.3,945.3,0.0
2026-08-05 08:00:00,40.7,34.9,906.0,25.9,9.1,85.0,152.0,27.6,84.0,4.8,945.3,0.0
2026-08-05 09:00:00,44.7,37.5,785.0,20.5,12.2,115.0,152.0,29.2,75.0,5.1,945.9,0.0
2026-08-05 10:00:00,48.8,40.7,596.0,13.6,16.1,150.0,152.0,30.3,71.0,6.5,945.8,0.0
2026-08-05 11:00:00,51.0,43.2,462.0,8.4,18.7,178.0,152.0,31.8,64.0,7.9,945.9,0.0
2026-08-05 12:00:00,54.0,46.3,442.0,6.2,18.7,195.0,152.0,31.9,64.0,8.6,945.5,0.0
2026-08-05 13:00:00,56.0,48.4,477.0,5.6,17.4,204.0,152.0,32.1,64.0,7.3,944.9,0.0
2026-08-05 14:00:00,57.5,49.9,514.0,5.9,16.2,208.0,152.0,32.4,64.0,6.9,944.3,0.0
2026-08-05 15:00:00,56.9,48.9,501.0,5.9,15.8,207.0,152.0,32.5,63.0,5.5,943.4,0.0
2026-08-05 16:00:00,55.6,47.6,489.0,6.7,15.6,201.0,151.0,32.6,62.0,5.0,942.9,0.1
2026-08-05 17:00:00,39.5,32.9,577.0,13.7,13.0,172.0,170.0,33.1,59.0,7.2,942.6,0.0
2026-08-05 18:00:00,49.4,40.0,888.0,39.9,13.3,130.0,179.0,30.6,72.0,13.3,942.6,0.0
2026-08-05 19:00:00,58.7,50.8,1297.0,75.5,13.6,72.0,176.0,29.1,80.0,9.3,942.6,0.0
2026-08-05 20:00:00,64.7,57.5,1533.0,98.6,13.6,31.0,159.0,28.5,82.0,8.4,943.5,0.0
2026-08-05 21:00:00,65.7,59.0,1443.0,98.8,13.2,21.0,150.0,28.0,84.0,6.1,944.3,0.0
2026-08-05 22:00:00,69.2,62.4,1178.0,86.5,12.4,27.0,149.0,27.5,86.0,6.5,944.6,0.0
2026-08-05 23:00:00,66.6,61.0,922.0,71.2,11.4,39.0,148.0,28.2,85.0,8.9,944.1,0.0
2026-08-06 00:00:00,51.6,47.0,713.0,53.2,9.8,57.0,145.0,27.2,87.0,11.8,944.3,0.0
2026-08-06 01:00:00,41.8,37.3,512.0,32.2,8.0,80.0,141.0,26.0,88.0,12.7,944.2,0.0
2026-08-06 02:00:00,31.9,28.3,386.0,16.9,6.6,95.0,136.0,24.4,91.0,12.8,944.2,0.7
2026-08-06 03:00:00,31.1,27.1,375.0,11.6,5.9,95.0,131.0,23.1,94.0,13.5,944.4,1.4
2026-08-06 04:00:00,17.7,15.5,438.0,12.0,5.7,88.0,125.0,22.9,96.0,2.7,943.7,1.3
2026-08-06 05:00:00,18.6,16.4,518.0,18.2,7.5,73.0,121.0,24.5,95.0,5.1,943.6,0.2
2026-08-06 06:00:00,30.5,26.7,615.0,20.9,8.1,78.0,117.0,24.3,95.0,3.4,944.1,0.4
2026-08-06 07:00:00,36.0,32.2,728.0,24.5,9.0,85.0,114.0,25.3,92.0,4.0,944.1,0.0
2026-08-06 08:00:00,41.3,35.0,800.0,25.6,10.3,98.0,115.0,26.9,86.0,2.1,944.8,0.0
2026-08-06 09:00:00,40.2,33.3,804.0,22.0,12.4,121.0,115.0,29.0,76.0,0.7,945.4,0.0
2026-08-06 10:00:00,40.7,33.3,766.0,15.8,14.9,149.0,114.0,30.7,68.0,2.4,945.7,0.0
2026-08-06 11:00:00,42.8,35.7,714.0,10.9,17.0,175.0,113.0,32.2,59.0,5.2,946.1,0.0
2026-08-06 12:00:00,46.9,38.6,636.0,8.3,18.3,198.0,113.0,32.7,56.0,5.8,946.0,0.2
2026-08-06 13:00:00,49.0,39.8,543.0,6.8,19.2,219.0,112.0,32.6,57.0,7.2,945.7,0.2
2026-08-06 14:00:00,50.3,40.6,493.0,6.6,19.7,231.0,111.0,32.6,61.0,7.9,945.1,0.2
2026-08-06 15:00:00,51.7,41.6,464.0,6.4,19.8,235.0,138.0,30.7,69.0,10.4,945.1,0.9
2026-08-06 16:00:00,51.1,40.9,478.0,7.4,19.4,230.0,165.0,30.7,68.0,7.4,944.7,0.1
2026-08-06 17:00:00,51.8,36.4,660.0,11.3,16.0,177.0,186.0,32.4,59.0,7.2,944.3,0.0
2026-08-06 18:00:00,50.3,37.1,1198.0,39.4,15.1,130.0,195.0,31.1,69.0,6.9,944.6,0.0
2026-08-06 19:00:00,57.7,46.1,1903.0,77.5,13.7,66.0,192.0,29.2,75.0,7.6,944.7,0.0
2026-08-06 20:00:00,66.8,55.4,2341.0,102.1,12.5,22.0,174.0,28.3,78.0,6.9,945.3,0.0
2026-08-06 21:00:00,68.2,57.6,2279.0,100.7,11.6,18.0,145.0,27.8,80.0,7.6,946.2,0.0
2026-08-06 22:00:00,64.7,55.3,1949.0,85.7,10.8,34.0,108.0,27.4,81.0,6.2,946.6,0.0
2026-08-06 23:00:00,56.8,48.5,1608.0,70.6,10.0,48.0,107.0,27.1,86.0,7.6,946.3,0.0
2026-08-07 00:00:00,55.6,48.1,1321.0,59.6,9.0,53.0,106.0,24.0,95.0,9.2,946.6,1.4
2026-08-07 01:00:00,54.4,47.6,1022.0,48.5,8.0,57.0,106.0,23.9,94.0,7.2,947.2,0.3
2026-08-07 02:00:00,32.1,28.6,779.0,38.7,7.3,61.0,107.0,23.8,94.0,10.5,947.0,0.1
2026-08-07 03:00:00,37.3,31.2,605.0,30.1,7.0,64.0,107.0,23.6,95.0,7.5,947.3,0.0
2026-08-07 04:00:00,23.0,18.5,485.0,22.8,7.1,67.0,107.0,23.7,94.0,6.4,946.9,0.0
2026-08-07 05:00:00,24.5,20.1,442.0,12.3,7.4,104.0,108.0,24.3,95.0,5.0,946.7,0.0
2026-08-07 06:00:00,26.1,21.9,529.0,16.3,7.7,100.0,108.0,24.0,95.0,10.7,946.8,0.1
2026-08-07 07:00:00,28.5,24.1,692.0,21.5,8.2,95.0,107.0,24.7,89.0,8.1,947.0,0.0
2026-08-07 08:00:00,27.6,22.4,798.0,23.8,9.4,102.0,107.0,25.6,87.0,3.4,947.2,0.0
2026-08-07 09:00:00,26.5,21.0,779.0,20.2,11.9,131.0,105.0,27.0,82.0,3.8,947.5,0.0
2026-08-07 10:00:00,27.1,21.5,703.0,13.6,15.0,172.0,104.0,28.9,74.0,5.6,947.5,0.0
2026-08-07 11:00:00,30.0,23.9,636.0,8.4,17.1,204.0,103.0,30.3,67.0,6.3,948.3,0.0
2026-08-07 12:00:00,31.5,25.2,596.0,6.3,17.2,218.0,102.0,31.3,62.0,6.6,947.9,0.0
2026-08-07 13:00:00,33.2,26.5,565.0,5.6,16.2,223.0,106.0,31.9,60.0,2.1,947.4,0.0
2026-08-07 14:00:00,34.5,27.1,558.0,5.9,15.3,222.0,131.0,32.4,58.0,3.2,946.7,0.0
2026-08-07 15:00:00,37.1,28.4,556.0,4.7,14.9,219.0,155.0,32.7,56.0,5.2,946.2,0.0
2026-08-07 16:00:00,35.5,26.7,578.0,4.4,14.5,210.0,175.0,32.5,56.0,6.5,945.7,0.0
2026-08-07 17:00:00,19.3,14.9,688.0,13.5,10.6,156.0,192.0,31.3,61.0,7.3,945.5,0.0
2026-08-07 18:00:00,23.1,17.6,966.0,27.8,10.2,126.0,196.0,30.3,69.0,7.1,945.7,0.0
2026-08-07 19:00:00,31.0,26.7,1333.0,47.4,9.5,84.0,189.0,28.7,72.0,10.9,946.1,0.0
2026-08-07 20:00:00,31.1,27.8,1620.0,62.1,8.9,51.0,170.0,27.6,74.0,7.2,946.3,0.0
2026-08-07 21:00:00,31.5,29.0,1756.0,66.9,8.4,36.0,141.0,26.9,78.0,4.8,946.9,0.0
2026-08-07 22:00:00,34.6,32.6,1812.0,66.8,7.8,30.0,101.0,26.4,83.0,2.9,947.3,0.0
2026-08-07 23:00:00,38.5,36.8,1836.0,65.9,7.3,26.0,85.0,26.9,84.0,2.3,947.0,0.0
2026-08-08 00:00:00,41.6,39.7,1855.0,65.8,6.8,20.0,84.0,26.2,87.0,2.1,946.9,0.0
2026-08-08 01:00:00,43.3,41.4,1841.0,65.0,6.3,16.0,83.0,25.9,89.0,0.2,946.9,0.0
2026-08-08 02:00:00,43.8,41.9,1759.0,62.8,5.9,14.0,83.0,25.6,91.0,0.6,946.6,0.0
2026-08-08 03:00:00,43.5,41.9,1547.0,58.8,5.2,10.0,84.0,25.4,92.0,2.5,946.9,0.0
2026-08-08 04:00:00,42.1,40.6,1266.0,53.5,4.5,7.0,85.0,25.5,92.0,3.6,946.9,0.0
2026-08-08 05:00:00,45.9,43.1,1067.0,52.7,5.7,14.0,86.0,23.5,85.0,14.8,947.1,0.0
2026-08-08 06:00:00,43.7,41.1,1045.0,44.2,7.1,48.0,88.0,23.8,86.0,7.0,947.1,0.2
2026-08-08 07:00:00,31.2,28.8,1104.0,32.3,9.2,95.0,90.0,24.9,86.0,4.5,947.3,0.0
2026-08-08 08:00:00,23.8,20.7,1112.0,22.1,11.7,138.0,90.0,26.7,79.0,3.9,947.9,0.0
2026-08-08 09:00:00,23.9,20.1,994.0,15.4,15.2,174.0,90.0,28.5,73.0,4.0,948.2,0.0
2026-08-08 10:00:00,26.4,21.8,824.0,10.4,19.1,206.0,90.0,30.3,66.0,4.4,948.6,0.0
2026-08-08 11:00:00,29.0,24.2,691.0,6.8,21.0,225.0,90.0,31.8,58.0,3.7,949.4,0.0
2026-08-08 12:00:00,28.3,24.2,636.0,4.7,19.2,224.0,90.0,31.7,58.0,9.7,949.6,0.1
2026-08-08 13:00:00,26.7,23.5,619.0,4.2,15.4,209.0,106.0,32.0,56.0,10.5,949.3,0.0
2026-08-08 14:00:00,26.4,23.3,605.0,4.6,12.1,193.0,147.0,30.9,64.0,14.5,948.9,0.8
2026-08-08 15:00:00,23.5,21.6,493.0,3.7,10.3,182.0,171.0,31.0,65.0,11.4,948.3,0.1
2026-08-08 16:00:00,22.1,20.6,385.0,3.7,9.0,170.0,185.0,31.1,65.0,9.3,947.9,0.0
2026-08-08 17:00:00,13.5,13.3,555.0,10.4,6.3,144.0,190.0,30.7,66.0,11.6,947.7,0.0
2026-08-08 18:00:00,14.4,14.3,1285.0,34.4,7.0,109.0,185.0,29.8,70.0,9.0,947.8,0.0
2026-08-08 19:00:00,20.4,20.3,2294.0,67.5,8.0,60.0,170.0,28.7,77.0,5.9,948.3,0.0
2026-08-08 20:00:00,33.8,33.6,3013.0,93.0,9.2,23.0,141.0,27.8,83.0,3.2,948.5,0.0
2026-08-08 21:00:00,46.2,46.1,3176.0,104.2,10.8,10.0,98.0,27.3,86.0,2.3,948.8,0.0
2026-08-08 22:00:00,54.1,54.0,3049.0,107.7,12.6,8.0,89.0,26.7,89.0,3.1,948.9,0.0
2026-08-08 23:00:00,58.2,58.0,2867.0,106.9,13.2,8.0,91.0,27.4,86.0,3.2,948.8,0.0
2026-08-09 00:00:00,63.1,62.9,2695.0,101.5,11.9,6.0,93.0,26.8,89.0,2.2,948.9,0.0
2026-08-09 01:00:00,65.7,65.2,2467.0,91.8,9.4,4.0,94.0,26.6,90.0,3.2,948.9,0.0
2026-08-09 02:00:00,61.0,60.5,2221.0,82.2,7.4,4.0,96.0,26.4,91.0,0.6,949.0,0.0
2026-08-09 03:00:00,58.1,57.7,1944.0,74.2,6.1,2.0,98.0,26.3,91.0,1.5,949.1,0.0
2026-08-09 04:00:00,56.1,55.8,1649.0,66.2,5.2,1.0,99.0,26.2,91.0,0.6,949.3,0.0
2026-08-09 05:00:00,70.5,69.6,1413.0,92.1,12.6,5.0,100.0,26.0,91.0,7.5,949.1,0.0
2026-08-09 06:00:00,61.2,60.1,1281.0,76.3,12.0,23.0,103.0,26.1,90.0,3.7,949.1,0.1
2026-08-09 07:00:00,53.4,52.9,1207.0,54.2,11.1,49.0,105.0,26.8,86.0,4.1,949.4,0.1
2026-08-09 08:00:00,37.8,36.6,1135.0,35.1,10.9,79.0,108.0,28.0,80.0,3.0,949.9,0.0
2026-08-09 09:00:00,25.5,24.1,1043.0,22.2,11.9,117.0,109.0,29.4,73.0,1.3,950.2,0.0
2026-08-09 10:00:00,23.2,22.1,953.0,12.4,13.6,158.0,110.0,30.5,70.0,1.3,950.4,0.0
2026-08-09 11:00:00,23.5,22.5,868.0,5.7,14.6,187.0,110.0,31.6,66.0,2.7,950.3,0.0
2026-08-09 12:00:00,24.4,23.4,785.0,3.1,14.3,194.0,109.0,32.3,62.0,3.6,950.0,0.1
2026-08-09 13:00:00,25.3,24.4,707.0,3.6,13.5,189.0,109.0,33.2,58.0,0.2,949.6,0.1
2026-08-09 14:00:00,26.1,25.1,654.0,4.7,12.8,183.0,109.0,33.0,58.0,3.4,949.0,0.0
2026-08-09 15:00:00,27.3,26.0,603.0,3.9,12.7,182.0,112.0,33.4,55.0,3.7,948.4,0.0
2026-08-09 16:00:00,27.0,25.7,577.0,3.6,12.9,181.0,141.0,33.2,56.0,3.7,947.6,0.0
2026-08-09 17:00:00,15.5,14.8,661.0,8.4,11.8,155.0,159.0,33.2,53.0,4.4,947.2,0.0
2026-08-09 18:00:00,19.9,19.3,962.0,28.4,12.2,121.0,165.0,32.0,64.0,4.6,946.8,0.0
2026-08-09 19:00:00,29.3,28.8,1374.0,55.8,12.8,75.0,159.0,30.3,75.0,2.4,946.6,0.0
2026-08-09 20:00:00,38.1,37.4,1664.0,74.8,13.1,41.0,139.0,29.2,79.0,3.8,946.8,0.0
2026-08-09 21:00:00,40.4,39.8,1732.0,77.5,13.1,32.0,113.0,28.5,82.0,4.9,947.3,0.0
2026-08-09 22:00:00,43.7,43.1,1679.0,71.9,12.8,34.0,112.0,27.8,86.0,3.2,947.3,0.0
2026-08-09 23:00:00,47.4,46.8,1569.0,66.1,12.0,35.0,111.0,28.3,83.0,3.9,947.0,0.0
2026-08-10 00:00:00,51.5,50.8,1396.0,63.2,10.3,28.0,110.0,27.5,87.0,4.0,947.3,0.0
2026-08-10 01:00:00,56.1,55.5,1168.0,60.2,8.0,19.0,108.0,27.2,89.0,3.6,947.1,0.0
2026-08-10 02:00:00,56.5,56.0,972.0,55.8,6.3,14.0,107.0,26.9,89.0,5.3,947.1,0.0
2026-08-10 03:00:00,54.5,54.0,834.0,49.1,5.4,13.0,107.0,26.7,90.0,5.4,947.1,0.0
2026-08-10 04:00:00,51.8,51.5,729.0,41.0,5.0,16.0,107.0,26.5,90.0,6.5,947.3,0.0
2026-08-10 05:00:00,47.3,46.8,673.0,31.0,6.9,37.0,106.0,25.9,87.0,9.2,947.4,0.0
2026-08-10 06:00:00,47.6,47.0,700.0,27.1,9.0,55.0,104.0,25.6,88.0,7.5,947.7,0.0
2026-08-10 07:00:00,38.4,37.7,776.0,21.6,12.0,82.0,102.0,26.3,85.0,6.4,947.7,0.0
2026-08-10 08:00:00,32.0,31.2,811.0,16.6,14.8,108.0,101.0,27.8,79.0,3.9,947.8,0.0
2026-08-10 09:00:00,28.8,28.1,757.0,12.8,17.4,134.0,100.0,29.5,72.0,2.8,947.8,0.0
2026-08-10 10:00:00,28.8,27.9,662.0,9.6,19.8,161.0,101.0,31.1,66.0,3.1,947.7,0.0
2026-08-10 11:00:00,29.7,28.6,577.0,7.2,20.7,181.0,101.0,32.3,61.0,5.2,947.7,0.0
2026-08-10 12:00:00,29.9,28.4,512.0,5.7,18.8,191.0,102.0,33.3,57.0,5.9,947.5,0.0
2026-08-10 13:00:00,29.9,27.5,458.0,5.1,15.4,195.0,102.0,34.0,54.0,6.4,946.8,0.1
2026-08-10 14:00:00,30.4,26.9,433.0,5.4,12.7,195.0,103.0,34.4,53.0,6.6,945.9,0.0
2026-08-10 15:00:00,31.1,26.5,424.0,4.5,11.6,195.0,132.0,34.6,52.0,6.4,945.4,0.0
2026-08-10 16:00:00,32.2,26.7,444.0,4.4,11.3,191.0,154.0,34.4,54.0,6.1,944.8,0.0
2026-08-10 17:00:00,21.0,17.0,559.0,11.4,10.9,169.0,168.0,34.2,53.0,8.0,944.6,0.0
2026-08-10 18:00:00,24.5,21.1,874.0,27.6,11.2,138.0,173.0,33.2,61.0,4.9,944.6,0.0
2026-08-10 19:00:00,31.4,28.3,1283.0,49.7,11.7,95.0,169.0,31.4,73.0,4.0,944.6,0.0
2026-08-10 20:00:00,34.8,31.9,1531.0,65.0,11.9,63.0,156.0,30.4,72.0,12.1,945.6,0.0
2026-08-10 21:00:00,37.4,34.8,1473.0,67.5,11.7,51.0,130.0,29.5,71.0,8.5,946.3,0.0
2026-08-10 22:00:00,39.2,37.0,1253.0,63.3,11.4,51.0,102.0,28.9,76.0,6.1,946.8,0.0
2026-08-10 23:00:00,41.0,38.9,1057.0,57.0,10.9,53.0,102.0,29.4,78.0,6.3,946.1,0.0
2026-08-11 00:00:00,41.2,39.2,955.0,49.4,10.3,57.0,101.0,28.6,82.0,5.0,946.1,0.0
2026-08-11 01:00:00,40.5,38.6,876.0,39.9,9.6,64.0,100.0,28.3,84.0,6.9,945.7,0.0
2026-08-11 02:00:00,38.6,37.0,787.0,31.4,9.2,72.0,98.0,27.9,85.0,4.7,945.6,0.1
2026-08-11 03:00:00,36.1,34.3,645.0,24.7,8.9,80.0,97.0,24.6,94.0,7.1,946.1,1.9
2026-08-11 04:00:00,35.5,33.3,493.0,19.2,8.9,88.0,95.0,25.1,94.0,8.0,945.8,0.6
2026-08-11 05:00:00,32.7,29.5,425.0,17.5,6.9,81.0,94.0,26.0,84.0,9.5,946.0,0.0
2026-08-11 06:00:00,32.7,29.3,526.0,19.2,8.0,88.0,93.0,26.2,84.0,5.8,946.2,0.0
2026-08-11 07:00:00,32.7,29.8,712.0,21.3,9.6,98.0,91.0,27.5,81.0,4.1,946.8,0.1
2026-08-11 08:00:00,29.2,25.0,825.0,21.4,11.4,113.0,91.0,28.7,79.0,8.1,947.5,0.0
2026-08-11 09:00:00,28.0,24.0,782.0,17.5,13.8,136.0,90.0,29.8,75.0,8.4,947.6,0.0
2026-08-11 10:00:00,29.0,25.7,667.0,11.5,16.5,164.0,90.0,31.5,71.0,3.4,948.1,0.0
2026-08-11 11:00:00,33.1,29.4,574.0,7.0,18.2,187.0,90.0,32.2,67.0,5.6,948.2,0.1
2026-08-11 12:00:00,51.0,45.2,533.0,5.5,18.1,201.0,90.0,33.1,64.0,5.3,947.8,0.1
2026-08-11 13:00:00,39.0,34.3,514.0,5.5,16.9,210.0,94.0,33.9,61.0,4.5,947.1,0.1
2026-08-11 14:00:00,40.7,35.5,522.0,6.1,15.9,214.0,121.0,33.5,62.0,4.9,946.5,0.3
2026-08-11 15:00:00,43.7,37.1,530.0,6.0,15.6,215.0,148.0,33.4,62.0,5.7,946.0,0.1
2026-08-11 16:00:00,45.1,37.5,565.0,6.5,15.5,211.0,167.0,33.3,62.0,4.8,945.4,0.0
2026-08-11 17:00:00,68.2,58.9,706.0,13.6,13.7,181.0,183.0,31.9,65.0,7.9,945.0,0.0
2026-08-11 18:00:00,68.9,61.9,1091.0,26.5,13.1,149.0,190.0,31.2,74.0,10.4,945.5,0.3
2026-08-11 19:00:00,72.4,66.4,1584.0,44.1,12.2,105.0,188.0,30.0,80.0,12.5,945.6,0.0
2026-08-11 20:00:00,71.9,66.8,1854.0,54.8,11.3,74.0,174.0,28.3,84.0,9.2,946.7,0.0
2026-08-11 21:00:00,69.4,64.5,1707.0,52.8,10.6,67.0,154.0,26.1,93.0,14.8,947.2,1.3
2026-08-11 22:00:00,68.7,63.3,1337.0,44.0,9.9,74.0,125.0,26.2,92.0,9.0,948.0,0.1
2026-08-11 23:00:00,69.4,63.8,999.0,34.9,9.4,83.0,114.0,27.1,91.0,9.0,947.7,0.0
2026-08-12 00:00:00,68.2,62.9,766.0,26.7,9.1,94.0,116.0,25.8,94.0,8.3,948.6,0.2
2026-08-12 01:00:00,69.6,64.0,564.0,18.1,8.9,108.0,119.0,25.7,96.0,9.9,947.9,1.2
2026-08-12 02:00:00,66.6,60.5,428.0,11.7,8.6,118.0,122.0,25.3,96.0,13.5,948.3,0.2
2026-08-12 03:00:00,58.7,53.3,380.0,8.5,7.8,122.0,124.0,24.3,97.0,4.5,948.6,0.3
2026-08-12 04:00:00,55.6,49.6,397.0,7.5,6.9,123.0,126.0,24.0,96.0,9.0,949.1,4.1
2026-08-12 05:00:00,58.3,52.3,449.0,9.4,7.5,124.0,128.0,25.1,97.0,3.4,949.2,0.9
2026-08-12 06:00:00,25.6,23.3,554.0,15.0,8.3,118.0,130.0,24.9,97.0,10.1,949.4,0.7
2026-08-12 07:00:00,33.9,31.0,693.0,22.5,9.4,110.0,129.0,25.1,96.0,4.5,950.4,0.7
2026-08-12 08:00:00,36.8,33.3,783.0,26.4,10.8,112.0,130.0,24.7,96.0,8.7,950.5,1.7
2026-08-12 09:00:00,31.9,28.9,776.0,23.3,12.8,132.0,130.0,26.5,87.0,6.3,950.4,0.1
2026-08-12 10:00:00,30.6,27.6,721.0,16.7,15.2,161.0,131.0,28.8,77.0,2.1,950.7,0.0
2026-08-12 11:00:00,35.3,31.1,675.0,11.2,16.7,187.0,131.0,29.7,73.0,1.8,950.8,0.0
2026-08-12 12:00:00,41.1,36.0,658.0,8.4,16.9,207.0,131.0,30.9,69.0,4.2,949.8,0.0
2026-08-12 13:00:00,45.1,39.1,651.0,6.7,16.3,223.0,130.0,31.8,65.0,7.3,948.7,0.0
2026-08-12 14:00:00,45.5,39.2,658.0,6.5,15.6,231.0,132.0,32.4,62.0,10.4,947.8,0.0
2026-08-12 15:00:00,44.8,38.3,613.0,3.7,14.6,232.0,155.0,32.5,62.0,12.0,947.1,0.0
2026-08-12 16:00:00,44.1,37.3,582.0,2.2,13.5,224.0,174.0,32.2,63.0,10.9,946.5,0.0
2026-08-12 17:00:00,35.4,29.9,761.0,14.4,10.7,181.0,192.0,32.2,63.0,7.6,946.4,0.0
2026-08-12 18:00:00,42.5,37.1,1340.0,48.2,11.9,131.0,200.0,31.1,71.0,4.9,946.5,0.0
2026-08-12 19:00:00,54.2,48.8,2130.0,94.6,13.7,62.0,195.0,29.7,77.0,4.7,946.7,0.0
2026-08-12 20:00:00,67.5,61.9,2760.0,128.8,15.3,12.0,175.0,28.9,80.0,3.9,947.2,0.0
2026-08-12 21:00:00,77.5,71.7,3117.0,140.1,16.9,0.0,142.0,28.5,83.0,1.8,948.1,0.0
2026-08-12 22:00:00,83.4,77.3,3314.0,139.1,18.4,2.0,124.0,28.0,86.0,2.1,949.0,0.0
2026-08-12 23:00:00,88.7,82.7,3323.0,132.4,18.7,8.0,126.0,28.0,88.0,2.7,948.9,0.0
2026-08-13 00:00:00,89.6,84.1,3068.0,120.3,16.7,10.0,128.0,27.5,89.0,4.6,949.1,0.0
2026-08-13 01:00:00,82.2,77.5,2626.0,102.5,13.5,14.0,130.0,27.3,88.0,4.7,949.3,0.0
2026-08-13 02:00:00,76.4,72.2,2198.0,85.1,11.0,19.0,131.0,26.9,89.0,4.9,949.1,0.0
2026-08-13 03:00:00,70.5,66.6,1823.0,69.2,9.6,22.0,132.0,26.5,90.0,4.4,948.7,0.0
2026-08-13 04:00:00,63.8,59.8,1463.0,53.7,8.9,26.0,134.0,26.4,89.0,4.8,948.6,0.0
2026-08-13 05:00:00,69.8,65.4,1199.0,45.4,10.2,40.0,135.0,27.2,89.0,3.9,948.8,0.0
2026-08-13 06:00:00,71.5,66.8,1096.0,40.8,12.8,67.0,136.0,27.0,90.0,4.2,949.2,0.0
2026-08-13 07:00:00,66.6,62.9,1090.0,34.2,16.4,104.0,141.0,27.8,87.0,1.9,949.2,0.0
2026-08-13 08:00:00,46.6,40.5,1070.0,27.4,19.5,140.0,144.0,28.8,84.0,1.9,949.1,0.0
2026-08-13 09:00:00,47.0,39.1,992.0,20.3,22.0,171.0,145.0,30.5,77.0,3.1,948.9,0.0
2026-08-13 10:00:00,49.1,39.0,900.0,13.0,24.1,201.0,146.0,31.9,70.0,4.8,948.8,0.0
2026-08-13 11:00:00,49.8,39.2,814.0,7.7,24.6,222.0,147.0,33.3,61.0,7.1,949.0,0.0
2026-08-13 12:00:00,50.2,39.0,730.0,5.4,22.4,231.0,148.0,33.9,59.0,7.3,948.4,0.0
2026-08-13 13:00:00,50.9,38.9,653.0,5.1,18.7,231.0,148.0,34.3,58.0,6.4,947.8,0.0
2026-08-13 14:00:00,52.2,39.1,616.0,6.0,15.9,228.0,155.0,34.8,56.0,6.5,947.1,0.0
2026-08-13 15:00:00,53.6,39.2,573.0,3.9,14.9,228.0,181.0,34.8,55.0,6.2,946.2,0.0
2026-08-13 16:00:00,55.3,39.6,570.0,3.0,14.9,224.0,200.0,34.5,56.0,4.2,946.0,0.0
2026-08-13 17:00:00,67.8,47.1,778.0,15.3,15.1,197.0,206.0,34.8,55.0,1.5,945.7,0.0
2026-08-13 18:00:00,73.8,56.2,1428.0,47.2,15.7,149.0,208.0,33.6,66.0,2.4,945.5,0.0
2026-08-13 19:00:00,82.4,65.4,2289.0,90.5,16.5,83.0,204.0,31.8,76.0,3.6,945.5,0.0
2026-08-13 20:00:00,85.2,70.1,2841.0,118.2,16.7,36.0,188.0,30.9,76.0,9.9,946.1,0.0
2026-08-13 21:00:00,79.9,67.8,2818.0,115.8,15.9,25.0,157.0,29.8,78.0,6.3,946.6,0.0
2026-08-13 22:00:00,75.0,65.2,2486.0,97.7,14.5,33.0,151.0,28.9,82.0,4.9,946.9,0.0
2026-08-13 23:00:00,71.5,64.5,2119.0,80.3,13.0,40.0,151.0,29.7,83.0,6.6,946.7,0.0
2026-08-14 00:00:00,65.2,60.8,1781.0,68.6,11.3,40.0,150.0,28.7,90.0,8.2,946.8,0.2
2026-08-14 01:00:00,61.5,58.2,1409.0,57.6,9.4,40.0,149.0,27.8,93.0,8.1,946.8,0.5
2026-08-14 02:00:00,58.2,55.3,1084.0,48.8,7.9,39.0,147.0,27.0,95.0,8.5,946.8,0.4
2026-08-14 03:00:00,54.5,51.7,817.0,43.5,6.9,33.0,145.0,26.7,96.0,9.4,946.4,0.5
2026-08-14 04:00:00,53.3,51.0,598.0,40.4,6.2,26.0,144.0,26.0,97.0,5.5,946.5,0.7
2026-08-14 05:00:00,47.7,43.0,473.0,19.5,6.4,72.0,143.0,26.9,95.0,2.4,946.4,2.9
2026-08-14 06:00:00,48.5,41.7,501.0,20.0,6.3,81.0,140.0,25.4,98.0,9.4,946.9,2.9
2026-08-14 07:00:00,46.7,39.5,624.0,20.5,6.4,93.0,138.0,26.2,95.0,6.2,947.0,0.5
2026-08-14 08:00:00,25.9,22.1,716.0,19.9,7.2,108.0,135.0,27.0,91.0,4.9,947.4,0.9
2026-08-14 09:00:00,23.5,19.2,726.0,17.2,9.6,126.0,133.0,26.5,93.0,6.4,948.4,3.1
2026-08-14 10:00:00,29.1,23.6,705.0,13.5,12.8,145.0,131.0,27.7,86.0,5.2,948.3,0.9
2026-08-14 11:00:00,28.3,23.7,680.0,10.3,15.2,164.0,130.0,28.6,79.0,5.9,948.5,0.6
2026-08-14 12:00:00,36.1,29.9,647.0,8.1,16.1,183.0,128.0,30.1,75.0,3.3,948.5,0.0
2026-08-14 13:00:00,39.0,32.4,610.0,6.6,16.2,201.0,127.0,31.3,71.0,3.9,948.0,0.0
2026-08-14 14:00:00,43.0,35.9,609.0,6.3,16.2,211.0,126.0,31.9,68.0,4.1,947.8,0.0
2026-08-14 15:00:00,45.8,38.4,653.0,6.3,16.5,212.0,128.0,32.3,66.0,5.2,947.4,0.0
2026-08-14 16:00:00,46.8,39.3,732.0,7.5,16.7,206.0,153.0,31.3,68.0,9.9,947.4,0.2
2026-08-14 17:00:00,39.3,32.7,862.0,18.2,11.6,144.0,168.0,30.5,75.0,8.5,947.1,0.5
2026-08-14 18:00:00,40.3,34.3,1091.0,40.5,11.2,107.0,171.0,28.0,85.0,14.8,947.3,0.2
2026-08-14 19:00:00,44.1,39.1,1369.0,71.0,10.7,56.0,165.0,27.0,90.0,10.7,947.4,0.1
2026-08-14 20:00:00,51.2,47.4,1563.0,92.6,10.2,18.0,147.0,26.5,92.0,7.9,947.4,0.0
2026-08-14 21:00:00,57.9,53.9,1626.0,98.5,9.9,3.0,117.0,25.5,94.0,3.8,948.2,0.6
2026-08-14 22:00:00,59.1,55.2,1604.0,95.4,9.7,1.0,116.0,25.0,95.0,3.7,948.0,2.6
2026-08-14 23:00:00,56.8,53.7,1498.0,86.2,9.2,8.0,115.0,26.0,97.0,6.1,947.8,0.5
2026-08-15 00:00:00,58.3,54.7,1260.0,67.9,8.2,26.0,114.0,25.5,99.0,3.8,947.9,0.0
2026-08-15 01:00:00,40.3,38.0,937.0,43.5,6.8,53.0,113.0,25.4,99.0,2.3,947.4,0.0
2026-08-15 02:00:00,34.5,31.5,680.0,24.7,5.7,74.0,111.0,25.4,98.0,2.0,947.3,0.0
2026-08-15 03:00:00,31.7,27.9,540.0,16.4,4.8,82.0,108.0,24.3,97.0,7.5,947.9,0.8
2026-08-15 04:00:00,11.4,10.1,464.0,13.6,4.1,85.0,106.0,24.1,97.0,3.5,947.3,0.4
2026-08-15 05:00:00,33.2,29.1,444.0,23.1,8.2,66.0,102.0,24.7,96.0,5.3,948.4,2.5
2026-08-15 06:00:00,32.1,28.8,506.0,24.3,8.1,67.0,100.0,24.7,97.0,6.5,948.4,0.1
2026-08-15 07:00:00,31.3,28.3,623.0,25.8,8.0,70.0,99.0,25.3,93.0,5.9,948.6,0.0
2026-08-15 08:00:00,29.5,26.2,705.0,25.2,8.8,84.0,98.0,26.6,84.0,5.2,949.5,0.0
2026-08-15 09:00:00,28.8,24.9,715.0,20.7,11.3,119.0,99.0,27.9,79.0,6.0,949.8,0.0
2026-08-15 10:00:00,34.6,28.9,690.0,14.2,14.6,165.0,99.0,29.2,75.0,2.0,949.9,0.0
2026-08-15 11:00:00,42.7,35.2,656.0,9.1,16.9,201.0,99.0,30.6,68.0,0.7,949.7,0.0
2026-08-15 12:00:00,50.1,40.9,610.0,6.5,17.0,218.0,100.0,32.0,63.0,4.7,949.3,0.0
2026-08-15 13:00:00,53.2,43.1,554.0,5.3,16.0,224.0,102.0,32.6,60.0,7.3,948.7,0.1
2026-08-15 14:00:00,54.5,44.0,525.0,5.5,15.2,225.0,111.0,33.0,59.0,8.6,948.0,0.1
2026-08-15 15:00:00,53.0,42.8,466.0,3.2,14.8,225.0,144.0,33.2,59.0,7.6,946.9,0.0
2026-08-15 16:00:00,52.5,42.1,433.0,2.3,14.5,219.0,170.0,33.1,58.0,6.9,946.2,0.0
2026-08-15 17:00:00,52.9,41.8,628.0,13.2,12.7,182.0,192.0,32.4,65.0,8.5,945.8,0.0
2026-08-15 18:00:00,55.5,45.4,1272.0,42.9,13.5,138.0,201.0,31.2,73.0,5.2,945.5,0.0
2026-08-15 19:00:00,66.1,55.8,2144.0,83.5,14.6,78.0,198.0,29.7,82.0,2.7,945.5,0.0
2026-08-15 20:00:00,73.6,63.3,2784.0,112.4,15.4,33.0,178.0,28.8,86.0,2.4,945.8,0.0
2026-08-15 21:00:00,76.4,66.4,3036.0,119.7,16.0,17.0,148.0,28.2,88.0,1.1,946.4,0.0
2026-08-15 22:00:00,83.4,73.1,3057.0,115.1,16.4,16.0,111.0,27.7,90.0,0.9,946.8,0.0
2026-08-15 23:00:00,91.3,81.0,2854.0,105.2,16.0,20.0,113.0,28.5,83.0,4.2,946.3,0.0
2026-08-16 00:00:00,95.0,85.4,2287.0,89.5,14.4,26.0,116.0,27.3,84.0,8.3,946.0,0.0
2026-08-16 01:00:00,85.7,78.9,1496.0,68.5,11.9,36.0,119.0,26.6,86.0,8.4,945.8,0.4
2026-08-16 02:00:00,69.6,64.3,918.0,49.7,9.8,47.0,123.0,25.1,94.0,6.3,945.6,1.1
2026-08-16 03:00:00,55.6,50.1,770.0,35.1,8.0,60.0,127.0,24.8,97.0,6.2,945.8,0.2
2026-08-16 04:00:00,34.9,30.6,834.0,22.8,6.4,74.0,129.0,24.7,96.0,7.8,945.6,0.1
2026-08-16 05:00:00,65.4,60.5,888.0,39.7,8.6,34.0,131.0,24.5,98.0,9.3,945.3,0.0
2026-08-16 06:00:00,76.4,70.5,858.0,33.1,10.2,59.0,134.0,24.8,94.0,8.4,945.0,0.1
2026-08-16 07:00:00,68.2,60.1,817.0,23.8,12.6,94.0,139.0,26.0,92.0,3.1,945.3,0.0
2026-08-16 08:00:00,58.1,47.1,769.0,16.0,14.9,126.0,142.0,27.5,87.0,3.6,946.0,0.0
2026-08-16 09:00:00,54.9,43.7,709.0,11.3,17.4,153.0,144.0,29.2,78.0,5.2,946.5,0.0
2026-08-16 10:00:00,54.2,43.0,641.0,8.1,19.9,177.0,146.0,30.6,72.0,5.4,946.6,0.0
2026-08-16 11:00:00,52.6,41.2,576.0,5.9,21.0,193.0,148.0,30.5,69.0,7.1,946.7,0.1
2026-08-16 12:00:00,50.3,38.8,506.0,4.2,19.9,200.0,148.0,31.9,64.0,6.5,947.0,0.1
2026-08-16 13:00:00,51.0,38.9,440.0,3.5,17.5,200.0,148.0,32.4,63.0,6.0,946.2,0.2
2026-08-16 14:00:00,50.9,38.4,413.0,4.1,15.2,193.0,148.0,32.6,63.0,6.6,945.6,0.1
2026-08-16 15:00:00,51.2,38.0,430.0,6.0,13.4,179.0,151.0,29.9,75.0,11.3,945.2,1.1
2026-08-16 16:00:00,50.4,37.1,486.0,9.3,11.6,159.0,164.0,29.7,78.0,6.1,945.4,1.4
2026-08-16 17:00:00,53.0,38.2,603.0,10.6,13.2,151.0,169.0,32.0,67.0,10.8,945.0,0.6
2026-08-16 18:00:00,52.2,39.9,835.0,22.6,12.5,123.0,169.0,30.6,76.0,9.8,944.9,0.0
2026-08-16 19:00:00,58.3,46.8,1128.0,39.1,11.6,86.0,160.0,29.6,81.0,8.9,944.9,0.0
2026-08-16 20:00:00,61.7,49.6,1344.0,50.2,10.7,57.0,144.0,28.7,83.0,9.1,945.7,0.0
2026-08-16 21:00:00,62.2,50.3,1447.0,51.6,10.0,47.0,143.0,28.0,87.0,7.2,946.5,0.0
2026-08-16 22:00:00,60.3,48.8,1473.0,47.6,9.3,45.0,141.0,27.4,90.0,5.1,947.1,0.0
2026-08-16 23:00:00,61.0,50.3,1391.0,42.2,8.6,48.0,138.0,28.4,87.0,7.2,946.7,0.0
2026-08-17 00:00:00,59.1,49.2,1124.0,35.6,8.0,53.0,135.0,27.8,89.0,6.7,946.3,0.0
2026-08-17 01:00:00,51.6,43.8,749.0,27.4,7.3,62.0,131.0,27.6,91.0,1.8,946.0,0.3
2026-08-17 02:00:00,42.7,36.4,463.0,20.6,6.7,71.0,128.0,27.0,92.0,6.2,945.7,0.1
2026-08-17 03:00:00,40.3,34.5,339.0,16.0,5.8,79.0,125.0,26.4,94.0,4.5,945.6,0.2
2026-08-17 04:00:00,35.7,30.6,304.0,12.7,4.8,86.0,123.0,24.1,97.0,15.5,946.6,5.4
2026-08-17 05:00:00,33.1,28.2,342.0,16.4,4.0,63.0,123.0,24.0,97.0,9.8,945.5,1.4
2026-08-17 06:00:00,16.1,14.2,506.0,18.1,4.6,70.0,120.0,24.3,96.0,6.7,945.7,0.2
2026-08-17 07:00:00,19.9,17.3,743.0,20.4,5.5,82.0,114.0,25.6,93.0,3.9,945.8,0.0
2026-08-17 08:00:00,30.6,25.0,876.0,20.5,6.9,98.0,110.0,27.3,87.0,2.8,946.2,0.0
2026-08-17 09:00:00,36.2,28.5,798.0,16.6,9.5,124.0,107.0,28.5,75.0,9.4,947.2,0.2
2026-08-17 10:00:00,39.6,30.7,616.0,10.6,12.6,155.0,106.0,28.6,80.0,3.3,947.5,0.7
2026-08-17 11:00:00,41.0,31.9,469.0,6.1,14.6,178.0,104.0,30.3,71.0,6.7,947.9,0.4
2026-08-17 12:00:00,41.8,32.8,408.0,4.2,14.7,188.0,103.0,31.4,68.0,6.6,947.3,0.1
2026-08-17 13:00:00,42.1,33.1,383.0,3.9,13.8,189.0,103.0,32.2,65.0,7.5,946.9,0.1
2026-08-17 14:00:00,40.9,31.9,385.0,5.3,12.8,184.0,102.0,32.4,65.0,7.8,946.4,0.1
2026-08-17 15:00:00,38.0,29.5,375.0,8.8,12.1,172.0,121.0,29.5,80.0,11.3,946.0,1.3
2026-08-17 16:00:00,38.1,29.4,391.0,14.1,11.3,153.0,140.0,29.4,80.0,11.0,945.7,1.2
2026-08-17 17:00:00,55.5,40.0,539.0,18.7,8.6,130.0,152.0,29.1,78.0,11.9,945.7,0.2
2026-08-17 18:00:00,54.8,42.3,938.0,33.1,8.8,105.0,153.0,29.0,80.0,8.0,945.6,0.0
2026-08-17 19:00:00,57.4,48.0,1469.0,52.7,9.0,70.0,143.0,28.3,85.0,7.1,946.1,0.0
2026-08-17 20:00:00,56.7,48.5,1883.0,66.3,9.0,43.0,120.0,27.9,88.0,6.1,946.8,0.0
2026-08-17 21:00:00,60.1,51.7,2114.0,69.0,8.5,31.0,100.0,27.5,90.0,5.8,947.3,0.0
2026-08-17 22:00:00,63.8,55.5,2227.0,65.6,7.7,28.0,100.0,27.3,90.0,5.9,947.6,0.0
2026-08-17 23:00:00,66.6,58.7,2171.0,59.0,6.9,31.0,101.0,27.9,80.0,8.3,947.4,0.1
2026-08-18 00:00:00,62.4,54.5,1840.0,48.2,5.9,41.0,102.0,26.7,86.0,4.2,947.4,0.0
2026-08-18 01:00:00,58.3,49.7,1340.0,34.1,4.9,57.0,103.0,26.4,87.0,3.9,947.5,0.0
2026-08-18 02:00:00,32.1,26.5,937.0,22.6,4.2,72.0,103.0,26.2,89.0,4.3,946.7,0.0
2026-08-18 03:00:00,37.3,29.7,720.0,15.6,4.1,85.0,102.0,25.8,91.0,3.7,946.6,0.0
2026-08-18 04:00:00,39.7,30.5,599.0,11.1,4.3,98.0,102.0,25.5,93.0,3.2,946.6,0.1
2026-08-18 05:00:00,30.0,22.2,570.0,10.3,6.0,104.0,102.0,25.1,96.0,11.2,946.7,0.1
2026-08-18 06:00:00,31.9,25.3,694.0,15.8,6.2,96.0,101.0,25.1,94.0,6.1,946.7,0.1
2026-08-18 07:00:00,36.9,29.6,908.0,23.1,6.5,85.0,102.0,26.0,91.0,6.2,947.2,0.0
2026-08-18 08:00:00,37.7,29.2,1024.0,26.5,7.4,86.0,103.0,27.4,85.0,5.2,947.9,0.0
2026-08-18 09:00:00,37.4,27.0,934.0,22.2,9.6,108.0,104.0,28.1,83.0,4.0,948.6,1.4
2026-08-18 10:00:00,40.3,26.7,746.0,13.9,12.3,140.0,104.0,29.5,77.0,4.1,948.8,0.6
2026-08-18 11:00:00,39.9,27.1,585.0,7.6,14.1,167.0,103.0,27.9,81.0,5.6,949.4,0.2
2026-08-18 12:00:00,39.8,27.9,475.0,5.3,14.0,182.0,103.0,29.4,75.0,8.6,949.0,0.1
2026-08-18 13:00:00,40.9,29.0,393.0,4.9,13.0,190.0,102.0,30.3,74.0,9.1,948.7,0.5
2026-08-18 14:00:00,42.4,30.2,398.0,5.6,12.3,194.0,102.0,30.9,73.0,9.3,948.0,0.2
2026-08-18 15:00:00,43.5,30.9,541.0,4.8,12.3,195.0,112.0,31.1,72.0,9.8,947.2,0.2
2026-08-18 16:00:00,44.6,31.2,770.0,5.1,12.7,191.0,135.0,30.0,77.0,8.5,946.8,0.6
2026-08-18 17:00:00,65.2,46.7,994.0,15.4,13.7,165.0,155.0,28.5,85.0,6.6,946.5,3.0
2026-08-18 18:00:00,70.3,54.1,1223.0,35.3,13.4,130.0,165.0,28.6,85.0,7.1,946.6,0.2
2026-08-18 19:00:00,79.4,63.1,1446.0,62.5,13.0,81.0,163.0,28.1,88.0,6.7,947.1,0.0
2026-08-18 20:00:00,75.7,61.5,1538.0,80.9,12.4,45.0,149.0,27.9,90.0,8.1,947.6,0.0
2026-08-18 21:00:00,75.7,61.9,1408.0,82.4,11.6,33.0,120.0,27.4,91.0,7.3,948.3,0.0
2026-08-18 22:00:00,75.2,62.9,1147.0,75.1,10.6,33.0,108.0,27.2,90.0,8.3,948.9,0.0
2026-08-18 23:00:00,73.8,61.7,899.0,66.8,9.7,35.0,109.0,26.9,92.0,8.3,948.3,0.1
2026-08-19 00:00:00,72.6,60.1,698.0,59.3,8.8,37.0,109.0,26.4,91.0,5.3,947.5,0.0
2026-08-19 01:00:00,71.0,58.6,510.0,50.8,8.1,42.0,110.0,25.5,97.0,7.1,948.2,0.5
2026-08-19 02:00:00,71.0,58.1,375.0,43.3,7.5,46.0,111.0,24.7,96.0,8.1,948.4,0.6
2026-08-19 03:00:00,72.4,58.9,312.0,37.6,7.1,48.0,114.0,23.9,97.0,9.2,947.9,0.9
2026-08-19 04:00:00,72.4,58.9,303.0,32.8,7.0,50.0,117.0,24.1,96.0,6.7,948.2,0.1
2026-08-19 05:00:00,46.7,36.4,333.0,17.9,6.0,73.0,120.0,24.3,97.0,10.5,947.5,0.0
2026-08-19 06:00:00,43.0,35.6,429.0,17.7,6.9,79.0,121.0,24.5,95.0,8.0,948.0,0.4
2026-08-19 07:00:00,36.3,28.7,564.0,17.3,8.3,88.0,122.0,25.4,93.0,8.4,948.5,0.1
2026-08-19 08:00:00,32.9,22.3,639.0,16.2,9.9,100.0,122.0,26.6,86.0,7.0,949.5,0.0
2026-08-19 09:00:00,35.0,23.1,593.0,13.9,11.9,115.0,122.0,27.5,80.0,7.8,949.8,0.1
2026-08-19 10:00:00,44.0,27.5,487.0,10.8,14.1,133.0,121.0,28.9,77.0,5.2,950.0,0.0
2026-08-19 11:00:00,46.4,29.0,402.0,8.4,15.5,148.0,121.0,25.0,93.0,3.6,950.2,0.0
2026-08-19 12:00:00,53.4,32.8,360.0,6.5,15.8,162.0,121.0,26.2,88.0,8.1,950.0,1.0
2026-08-19 13:00:00,56.3,33.9,338.0,5.3,15.3,173.0,122.0,26.5,90.0,7.2,949.8,0.9
2026-08-19 14:00:00,61.5,36.0,349.0,5.8,14.4,175.0,123.0,27.6,84.0,10.0,949.5,0.7
2026-08-19 15:00:00,65.0,37.0,371.0,8.1,12.7,164.0,123.0,28.8,77.0,10.9,948.8,0.3
2026-08-19 16:00:00,58.9,34.7,425.0,12.2,10.5,145.0,124.0,28.9,77.0,10.0,948.5,0.1
2026-08-19 17:00:00,64.7,41.4,585.0,20.4,8.1,101.0,125.0,29.0,77.0,12.3,948.4,0.0
2026-08-19 18:00:00,65.4,42.5,974.0,33.6,8.4,80.0,124.0,28.3,81.0,11.7,948.4,0.1
2026-08-19 19:00:00,63.8,45.3,1469.0,51.8,8.8,51.0,122.0,27.4,85.0,9.4,948.7,0.0
2026-08-19 20:00:00,62.9,48.3,1779.0,65.9,9.1,27.0,121.0,27.0,86.0,8.5,949.4,0.0
2026-08-19 21:00:00,64.7,51.1,1757.0,73.2,9.2,13.0,119.0,26.4,90.0,4.2,950.4,0.1
2026-08-19 22:00:00,68.9,55.3,1550.0,76.5,9.2,5.0,118.0,25.9,94.0,3.1,950.7,2.0
2026-08-19 23:00:00,73.6,60.1,1304.0,74.6,8.7,4.0,117.0,27.0,86.0,9.0,949.8,2.6
2026-08-20 00:00:00,65.9,54.6,1028.0,64.8,7.2,13.0,117.0,25.9,92.0,2.9,949.9,1.5
2026-08-20 01:00:00,60.8,48.7,713.0,49.9,5.2,29.0,116.0,25.1,96.0,5.0,950.2,4.9
2026-08-20 02:00:00,35.9,27.8,475.0,37.1,3.8,44.0,115.0,24.5,97.0,5.3,950.3,2.6
2026-08-20 03:00:00,24.5,17.9,362.0,28.5,3.5,54.0,112.0,24.3,96.0,10.0,949.5,2.1
2026-08-20 04:00:00,25.5,19.4,326.0,21.9,3.7,62.0,108.0,23.9,96.0,10.1,949.5,2.6
2026-08-20 05:00:00,33.5,24.6,339.0,12.5,3.7,87.0,104.0,24.7,97.0,8.6,948.7,2.0
2026-08-20 06:00:00,32.9,23.2,419.0,16.6,3.8,84.0,103.0,24.2,98.0,3.5,949.3,5.2
2026-08-20 07:00:00,38.3,24.6,547.0,22.1,4.1,81.0,101.0,24.2,96.0,1.5,950.3,4.2
2026-08-20 08:00:00,38.4,26.4,644.0,24.8,4.6,82.0,101.0,24.2,96.0,2.7,950.4,5.2
2026-08-20 09:00:00,40.5,27.8,675.0,21.9,5.7,91.0,101.0,24.3,95.0,0.0,951.0,4.1
2026-08-20 10:00:00,49.8,27.9,674.0,16.2,7.2,104.0,102.0,24.4,98.0,7.1,951.2,4.3
2026-08-20 11:00:00,59.8,31.3,662.0,11.4,8.4,117.0,102.0,25.2,93.0,9.3,951.5,2.7
2026-08-20 12:00:00,62.2,31.9,639.0,8.6,9.2,129.0,102.0,25.7,93.0,7.1,951.0,2.3
2026-08-20 13:00:00,66.8,33.5,606.0,6.8,9.7,140.0,102.0,26.4,91.0,7.0,950.8,0.8
2026-08-20 14:00:00,64.7,32.6,584.0,6.7,10.0,145.0,102.0,27.8,82.0,8.3,950.1,0.2
2026-08-20 15:00:00,63.8,32.5,515.0,7.0,9.9,144.0,102.0,29.1,74.0,7.8,949.7,0.0
2026-08-20 16:00:00,62.2,31.9,456.0,8.9,9.6,137.0,101.0,29.2,71.0,10.0,949.1,0.1
2026-08-20 17:00:00,101.3,50.1,606.0,14.5,14.2,130.0,101.0,29.3,72.0,7.1,949.1,0.2
2026-08-20 18:00:00,98.3,51.1,1142.0,42.0,15.2,93.0,102.0,28.6,79.0,5.4,949.0,0.0
2026-08-20 19:00:00,105.7,61.9,1886.0,79.8,16.6,43.0,103.0,27.4,86.0,3.1,948.8,0.0
2026-08-20 20:00:00,122.5,77.8,2502.0,106.1,17.7,6.0,104.0,26.8,88.0,1.7,949.0,0.0
2026-08-20 21:00:00,136.0,90.6,2885.0,110.8,18.6,0.0,108.0,26.4,89.0,0.6,949.3,0.0
2026-08-20 22:00:00,143.4,98.5,3140.0,104.2,19.2,0.0,112.0,25.9,91.0,1.1,949.3,0.0
2026-08-20 23:00:00,144.8,104.8,3245.0,95.2,18.5,1.0,116.0,26.6,92.0,3.8,948.7,0.0
2026-08-21 00:00:00,130.4,100.8,3161.0,84.7,15.5,1.0,121.0,26.0,94.0,3.2,948.6,0.0
2026-08-21 01:00:00,109.4,87.5,2928.0,71.7,11.3,2.0,126.0,25.6,96.0,2.7,948.3,0.0
2026-08-21 02:00:00,95.7,78.0,2641.0,63.1,8.2,2.0,130.0,25.4,96.0,1.6,948.0,0.0
2026-08-21 03:00:00,50.2,40.6,2281.0,63.8,7.2,0.0,135.0,25.4,96.0,0.7,947.8,0.0
2026-08-21 04:00:00,32.9,25.0,1867.0,68.7,7.4,0.0,137.0,25.2,96.0,2.4,947.9,0.0
2026-08-21 05:00:00,37.5,26.9,1556.0,68.9,7.6,3.0,138.0,25.7,95.0,3.1,947.5,0.4
2026-08-21 06:00:00,34.8,24.0,1446.0,62.7,9.1,16.0,138.0,25.4,96.0,1.0,947.7,0.0
2026-08-21 07:00:00,28.4,20.0,1439.0,53.6,11.2,36.0,138.0,26.3,90.0,0.9,948.2,0.0
2026-08-21 08:00:00,50.4,33.2,1400.0,43.8,12.9,59.0,138.0,25.5,92.0,2.5,949.0,1.3
2026-08-21 09:00:00,50.3,30.7,1273.0,32.6,14.0,89.0,138.0,26.0,87.0,3.3,949.1,0.9
2026-08-21 10:00:00,47.1,27.9,1114.0,20.6,14.8,124.0,139.0,27.8,77.0,2.6,949.7,0.1
2026-08-21 11:00:00,49.8,28.9,957.0,11.5,15.1,151.0,139.0,29.7,70.0,3.6,949.9,0.0
2026-08-21 12:00:00,51.1,28.6,797.0,7.0,14.7,166.0,138.0,31.0,68.0,3.4,949.3,0.0
2026-08-21 13:00:00,53.2,30.0,641.0,5.5,14.0,174.0,138.0,31.4,68.0,4.5,948.8,0.0
2026-08-21 14:00:00,53.6,30.6,538.0,5.5,13.4,177.0,138.0,31.7,68.0,6.0,948.0,0.0
2026-08-21 15:00:00,52.9,30.7,447.0,5.0,13.4,177.0,137.0,31.4,69.0,7.6,947.4,0.0
2026-08-21 16:00:00,51.9,30.4,410.0,6.0,13.7,171.0,137.0,29.6,79.0,3.7,946.5,0.8
2026-08-21 17:00:00,78.7,42.6,608.0,12.7,13.9,150.0,137.0,31.5,67.0,6.6,946.3,0.2
2026-08-21 18:00:00,76.1,43.1,1289.0,30.7,13.5,118.0,141.0,30.4,75.0,6.5,946.3,0.0
2026-08-21 19:00:00,79.9,54.0,2203.0,55.6,12.8,73.0,140.0,29.0,81.0,7.7,946.4,0.0
2026-08-21 20:00:00,81.5,59.4,2785.0,75.3,12.3,37.0,135.0,28.0,86.0,6.0,946.8,0.0
2026-08-21 21:00:00,92.2,66.4,2745.0,85.9,12.1,17.0,133.0,27.5,88.0,5.6,947.3,0.0
2026-08-21 22:00:00,103.1,73.8,2372.0,91.3,11.9,6.0,130.0,27.1,90.0,4.3,947.5,0.0
2026-08-21 23:00:00,104.5,75.7,1966.0,90.5,11.4,2.0,128.0,25.3,93.0,9.5,947.2,0.0
2026-08-22 00:00:00,98.0,77.1,1585.0,80.8,10.1,7.0,125.0,24.4,95.0,7.7,946.8,3.1
2026-08-22 01:00:00,90.8,73.8,1171.0,65.0,8.5,20.0,122.0,24.0,95.0,1.2,946.9,5.2
2026-08-22 02:00:00,75.2,61.0,853.0,50.5,7.3,32.0,121.0,23.8,96.0,6.5,947.3,2.5
2026-08-22 03:00:00,50.3,40.0,687.0,39.3,6.7,41.0,119.0,23.6,96.0,6.2,946.9,2.0
2026-08-22 04:00:00,36.9,28.7,618.0,29.4,6.5,50.0,119.0,23.6,96.0,6.6,946.6,0.5
2026-08-22 05:00:00,60.8,48.3,608.0,34.0,8.0,36.0,119.0,25.3,96.0,3.7,946.3,2.3
2026-08-22 06:00:00,49.7,40.0,687.0,32.4,8.8,49.0,122.0,24.8,98.0,1.2,947.3,0.1
2026-08-22 07:00:00,58.0,43.2,826.0,29.9,9.9,69.0,123.0,25.4,96.0,4.0,947.8,0.4
2026-08-22 08:00:00,53.8,38.1,895.0,26.3,10.9,90.0,126.0,26.4,93.0,6.2,948.4,0.2
2026-08-22 09:00:00,50.1,32.2,821.0,20.6,11.8,114.0,126.0,27.2,86.0,6.2,948.8,0.1
2026-08-22 10:00:00,50.5,30.5,677.0,13.7,12.7,141.0,126.0,28.8,76.0,9.3,948.9,0.0
2026-08-22 11:00:00,49.5,30.2,555.0,8.5,13.4,162.0,127.0,31.0,66.0,7.1,948.8,0.0
2026-08-22 12:00:00,49.1,30.2,478.0,5.9,13.9,176.0,127.0,32.3,60.0,5.1,948.5,0.0
2026-08-22 13:00:00,51.9,32.0,423.0,5.0,14.1,185.0,127.0,32.9,57.0,5.9,948.1,0.0
2026-08-22 14:00:00,54.2,34.0,406.0,5.6,14.3,188.0,127.0,32.9,56.0,5.8,947.2,1.0
2026-08-22 15:00:00,55.9,35.5,410.0,7.3,14.5,185.0,127.0,33.0,56.0,6.1,946.7,0.3
2026-08-22 16:00:00,57.0,36.8,453.0,10.4,14.5,176.0,130.0,32.7,58.0,7.5,946.2,0.0
2026-08-22 17:00:00,58.9,38.4,607.0,17.3,12.9,150.0,149.0,30.9,69.0,3.5,946.4,0.0
2026-08-22 18:00:00,62.6,45.2,935.0,31.1,12.7,125.0,155.0,30.3,77.0,3.1,946.2,0.0
2026-08-22 19:00:00,69.2,53.4,1375.0,50.4,12.4,89.0,152.0,29.0,83.0,2.6,946.2,0.0
2026-08-22 20:00:00,60.5,47.4,1814.0,66.2,12.0,58.0,138.0,28.2,87.0,2.4,946.8,0.0
2026-08-22 21:00:00,61.9,49.2,2328.0,76.6,11.5,35.0,127.0,27.7,89.0,2.5,947.5,0.0
2026-08-22 22:00:00,70.3,56.0,2840.0,83.6,10.9,17.0,125.0,27.2,91.0,4.0,947.7,0.0
2026-08-22 23:00:00,78.9,63.8,3012.0,84.1,10.1,8.0,123.0,27.4,94.0,6.0,947.1,0.0
2026-08-23 00:00:00,75.7,63.6,2553.0,74.5,8.7,12.0,122.0,24.5,96.0,10.7,947.3,2.1
2026-08-23 01:00:00,70.3,60.5,1754.0,58.4,7.1,26.0,121.0,23.6,97.0,7.4,948.3,2.1
2026-08-23 02:00:00,58.1,49.8,1144.0,43.6,6.4,42.0,119.0,23.1,98.0,8.4,948.6,2.6
2026-08-23 03:00:00,53.2,44.5,955.0,31.7,7.2,61.0,118.0,22.8,96.0,5.9,948.1,1.7
2026-08-23 04:00:00,39.9,29.6,956.0,21.1,8.9,82.0,119.0,23.1,96.0,8.1,948.5,0.1
2026-08-23 05:00:00,27.5,19.8,979.0,13.7,7.4,94.0,119.0,24.5,96.0,9.4,948.3,0.0
2026-08-23 06:00:00,23.5,17.5,990.0,16.9,7.2,91.0,116.0,24.2,96.0,1.1,948.4,0.1
2026-08-23 07:00:00,25.4,19.6,1023.0,21.2,7.0,87.0,113.0,25.0,94.0,3.5,948.3,0.0
2026-08-23 08:00:00,31.4,21.0,1020.0,23.2,7.3,88.0,111.0,26.3,90.0,3.5,949.6,0.0
2026-08-23 09:00:00,34.3,23.0,948.0,20.9,8.6,99.0,109.0,27.3,84.0,2.9,950.1,0.0
2026-08-23 10:00:00,33.2,23.3,840.0,16.4,10.4,116.0,108.0,28.9,76.0,6.3,951.0,0.0
2026-08-23 11:00:00,35.3,24.1,734.0,12.4,12.1,132.0,108.0,30.9,63.0,5.8,951.2,0.0
2026-08-23 12:00:00,39.3,24.1,629.0,9.7,13.4,145.0,107.0,31.1,62.0,8.1,951.3,0.0
2026-08-23 13:00:00,40.5,24.3,526.0,7.5,14.5,157.0,106.0,31.2,60.0,6.7,950.8,0.1
2026-08-23 14:00:00,39.2,24.0,467.0,6.5,15.3,165.0,105.0,31.6,59.0,1.7,950.3,0.2
2026-08-23 15:00:00,38.1,24.0,432.0,5.0,15.7,172.0,104.0,31.6,59.0,2.5,949.6,0.1
2026-08-23 16:00:00,35.6,23.7,440.0,4.7,15.8,174.0,103.0,31.3,61.0,3.9,948.9,0.0
2026-08-23 17:00:00,29.2,21.0,593.0,10.7,15.8,175.0,113.0,30.4,67.0,5.3,949.0,0.0
2026-08-23 18:00:00,32.8,25.6,1030.0,27.3,16.4,146.0,129.0,29.9,76.0,0.3,948.8,0.0
2026-08-23 19:00:00,39.0,31.2,1613.0,50.5,17.1,106.0,136.0,28.6,81.0,1.5,948.6,0.0
2026-08-23 20:00:00,47.8,40.2,2024.0,69.8,17.2,70.0,130.0,27.8,85.0,0.2,948.7,0.0
2026-08-23 21:00:00,55.1,47.5,2122.0,82.1,16.3,43.0,114.0,26.9,89.0,4.2,949.0,0.0
2026-08-23 22:00:00,63.3,56.3,2049.0,90.7,14.7,20.0,96.0,26.4,91.0,6.0,949.0,0.0
2026-08-23 23:00:00,68.0,61.7,1913.0,94.5,13.1,4.0,96.0,27.1,86.0,6.9,949.2,0.0
2026-08-24 00:00:00,69.6,63.6,1721.0,92.1,11.7,0.0,96.0,26.1,90.0,3.8,949.1,0.0
2026-08-24 01:00:00,69.8,64.0,1466.0,85.1,10.2,0.0,96.0,25.6,92.0,0.4,948.9,0.0
2026-08-24 02:00:00,70.1,64.5,1236.0,77.2,8.7,2.0,96.0,25.1,95.0,1.9,948.6,0.0
2026-08-24 03:00:00,68.7,64.3,1038.0,68.9,6.9,0.0,97.0,24.9,95.0,0.6,948.8,0.0
2026-08-24 04:00:00,64.5,61.0,865.0,59.8,5.1,0.0,99.0,24.9,94.0,1.4,948.9,0.0
2026-08-24 05:00:00,80.6,75.4,788.0,66.4,6.8,1.0,102.0,24.7,96.0,4.2,949.4,0.0
2026-08-24 06:00:00,77.5,73.3,891.0,62.7,7.8,12.0,108.0,24.4,96.0,3.2,949.8,0.0
2026-08-24 07:00:00,68.9,65.4,1089.0,57.0,9.3,28.0,113.0,25.6,91.0,4.0,950.0,0.0
2026-08-24 08:00:00,61.0,56.3,1199.0,48.9,11.3,56.0,118.0,27.1,80.0,3.6,950.3,0.0
2026-08-24 09:00:00,40.3,33.5,1125.0,36.0,14.5,105.0,122.0,28.7,74.0,2.8,950.6,0.0
2026-08-24 10:00:00,36.4,28.5,962.0,20.6,18.2,166.0,123.0,30.1,70.0,0.7,950.7,0.0
2026-08-24 11:00:00,37.6,28.9,813.0,9.2,20.2,210.0,123.0,31.5,64.0,4.7,951.0,0.0
2026-08-24 12:00:00,37.8,28.5,693.0,5.0,19.2,225.0,124.0,32.4,58.0,7.4,950.7,0.0
2026-08-24 13:00:00,37.4,27.9,586.0,4.8,16.5,225.0,124.0,32.9,54.0,8.8,949.9,0.0
2026-08-24 14:00:00,37.6,27.5,552.0,5.9,14.4,220.0,125.0,33.3,53.0,8.3,949.1,0.0
2026-08-24 15:00:00,38.1,27.1,559.0,3.6,13.8,220.0,129.0,33.3,52.0,8.2,948.7,0.0
2026-08-24 16:00:00,38.4,26.8,639.0,2.6,13.9,217.0,165.0,32.8,53.0,8.5,947.8,0.0
2026-08-24 17:00:00,24.8,17.5,943.0,14.2,11.3,175.0,191.0,33.2,52.0,3.8,947.7,0.0
2026-08-24 18:00:00,30.4,24.3,1693.0,45.2,11.7,127.0,201.0,31.9,61.0,4.4,947.3,0.0
2026-08-24 19:00:00,39.1,32.7,2667.0,87.8,12.3,61.0,196.0,29.5,72.0,2.7,946.9,0.0
2026-08-24 20:00:00,48.2,41.3,3355.0,118.1,13.0,12.0,172.0,28.3,76.0,0.3,947.2,0.0
2026-08-24 21:00:00,56.3,48.8,3556.0,124.7,14.0,0.0,134.0,26.9,83.0,2.3,948.0,0.0
2026-08-24 22:00:00,63.3,54.9,3472.0,119.0,15.2,2.0,126.0,26.4,86.0,1.3,948.1,0.0
2026-08-24 23:00:00,69.6,60.5,3192.0,111.0,15.3,7.0,126.0,26.9,84.0,1.7,948.4,0.0
2026-08-25 00:00:00,71.0,62.4,2631.0,104.1,13.6,6.0,125.0,26.2,86.0,5.1,948.7,0.0
2026-08-25 01:00:00,61.0,54.1,1874.0,95.0,10.9,5.0,125.0,25.7,85.0,5.9,948.6,0.0
2026-08-25 02:00:00,53.4,47.5,1276.0,83.4,8.8,8.0,124.0,25.4,86.0,3.7,948.5,0.0
2026-08-25 03:00:00,47.6,42.0,965.0,66.9,7.8,16.0,123.0,25.1,87.0,3.3,948.6,0.0
2026-08-25 04:00:00,41.9,36.7,812.0,48.0,7.4,28.0,120.0,24.9,87.0,4.2,948.7,0.0
2026-08-25 05:00:00,54.7,48.3,782.0,48.3,9.0,30.0,118.0,25.6,83.0,6.2,948.5,0.0
2026-08-25 06:00:00,53.2,46.9,959.0,42.8,10.3,52.0,115.0,25.2,85.0,4.2,948.8,0.0
2026-08-25 07:00:00,48.7,43.5,1259.0,35.1,12.1,84.0,112.0,26.7,80.0,3.3,949.4,0.0
2026-08-25 08:00:00,39.6,31.4,1401.0,27.4,14.1,114.0,110.0,28.3,77.0,2.2,950.0,0.0
2026-08-25 09:00:00,38.8,27.6,1215.0,20.0,16.7,141.0,107.0,29.8,76.0,3.6,950.3,0.0
2026-08-25 10:00:00,39.9,27.2,871.0,12.7,19.5,167.0,107.0,31.2,72.0,3.5,950.7,0.0
2026-08-25 11:00:00,39.3,25.8,599.0,7.4,20.8,187.0,106.0,32.5,56.0,4.0,951.1,0.0
2026-08-25 12:00:00,38.6,25.3,482.0,5.0,19.2,198.0,106.0,33.2,53.0,3.6,951.0,0.0
2026-08-25 13:00:00,38.8,25.5,435.0,4.7,15.9,203.0,106.0,33.8,50.0,3.6,950.6,0.0
2026-08-25 14:00:00,39.1,25.8,439.0,5.6,13.5,204.0,110.0,34.0,49.0,3.5,949.5,0.0
2026-08-25 15:00:00,38.9,25.7,441.0,4.0,12.7,206.0,143.0,34.1,50.0,3.7,949.0,0.0
2026-08-25 16:00:00,38.8,25.7,493.0,3.6,12.7,203.0,164.0,33.9,51.0,3.6,948.5,0.0
2026-08-25 17:00:00,37.6,24.4,727.0,14.3,11.9,177.0,178.0,33.2,59.0,7.4,948.2,0.0
2026-08-25 18:00:00,42.3,31.1,1298.0,46.8,12.7,130.0,184.0,31.4,67.0,4.8,947.8,0.0
2026-08-25 19:00:00,53.4,41.8,2051.0,91.3,13.8,65.0,178.0,30.0,72.0,2.8,947.7,0.0
2026-08-25 20:00:00,60.8,48.7,2653.0,123.0,14.7,17.0,158.0,29.2,76.0,1.9,948.3,0.0
2026-08-25 21:00:00,62.4,49.8,3019.0,130.6,15.3,2.0,123.0,28.4,81.0,2.5,949.1,0.0
2026-08-25 22:00:00,66.6,53.8,3233.0,125.4,15.7,5.0,108.0,27.5,84.0,4.1,949.2,0.0
2026-08-25 23:00:00,72.6,60.5,3215.0,115.8,15.3,9.0,108.0,28.0,83.0,3.8,949.1,0.0
2026-08-26 00:00:00,68.9,59.4,2841.0,103.2,13.5,10.0,108.0,26.9,85.0,3.7,949.1,0.0
2026-08-26 01:00:00,61.7,54.7,2235.0,86.3,10.9,13.0,108.0,26.3,88.0,2.8,948.9,0.0
2026-08-26 02:00:00,54.8,49.8,1682.0,69.5,9.1,20.0,108.0,26.0,88.0,5.7,948.8,0.0
2026-08-26 03:00:00,49.7,45.2,1230.0,52.1,8.7,35.0,108.0,26.0,85.0,5.9,948.6,0.0
2026-08-26 04:00:00,44.5,39.5,830.0,34.7,9.1,53.0,109.0,25.7,85.0,5.5,948.6,0.0
2026-08-26 05:00:00,51.2,46.8,630.0,42.0,8.3,33.0,109.0,26.5,83.0,5.4,948.9,0.0
2026-08-26 06:00:00,48.4,44.2,798.0,40.8,9.4,48.0,109.0,26.0,85.0,4.2,949.3,0.0
2026-08-26 07:00:00,45.8,41.6,1164.0,38.8,10.9,71.0,108.0,27.1,83.0,2.8,949.7,0.0
2026-08-26 08:00:00,44.2,35.4,1365.0,34.6,13.0,97.0,108.0,28.5,78.0,3.6,950.1,0.0
2026-08-26 09:00:00,45.8,32.2,1203.0,26.1,16.4,129.0,109.0,30.1,73.0,5.3,950.3,0.0
2026-08-26 10:00:00,48.9,32.7,876.0,15.5,20.2,165.0,109.0,31.4,70.0,3.1,950.3,0.0
2026-08-26 11:00:00,48.4,31.5,616.0,7.6,22.1,191.0,110.0,32.6,58.0,2.4,950.4,0.0
2026-08-26 12:00:00,45.1,29.4,502.0,4.7,20.2,202.0,110.0,33.3,55.0,5.6,949.9,0.0
2026-08-26 13:00:00,43.8,29.0,455.0,4.7,16.2,203.0,111.0,33.7,54.0,7.4,949.1,0.0
2026-08-26 14:00:00,43.4,29.0,465.0,5.8,13.1,200.0,111.0,34.1,53.0,8.4,948.3,0.0
2026-08-26 15:00:00,43.5,29.2,463.0,4.1,11.9,199.0,134.0,34.1,53.0,7.7,947.4,0.0
2026-08-26 16:00:00,43.5,29.3,519.0,3.5,11.6,195.0,158.0,33.8,55.0,7.6,946.6,0.0
2026-08-26 17:00:00,36.4,25.1,835.0,16.0,10.7,162.0,174.0,34.2,57.0,4.8,946.5,0.0
2026-08-26 18:00:00,42.5,32.8,1664.0,47.3,11.8,118.0,179.0,32.4,72.0,2.7,946.3,0.0
2026-08-26 19:00:00,54.2,44.6,2752.0,90.3,13.4,57.0,172.0,30.3,81.0,1.9,946.2,0.0
2026-08-26 20:00:00,62.2,52.2,3544.0,121.1,14.7,12.0,151.0,29.5,85.0,0.4,946.6,0.0
2026-08-26 21:00:00,65.7,55.3,3827.0,128.6,15.8,0.0,113.0,28.8,88.0,1.7,947.0,0.0
2026-08-26 22:00:00,69.4,58.7,3812.0,123.9,16.7,5.0,114.0,28.2,90.0,2.0,947.3,0.0
2026-08-26 23:00:00,76.1,65.2,3579.0,116.4,16.6,10.0,114.0,29.1,84.0,3.4,946.8,0.0
2026-08-27 00:00:00,79.4,69.4,3041.0,108.9,14.6,7.0,115.0,28.5,85.0,2.2,946.6,0.0
2026-08-27 01:00:00,75.2,65.9,2285.0,98.6,11.6,4.0,116.0,28.5,82.0,0.6,946.5,0.0
2026-08-27 02:00:00,69.2,60.5,1646.0,85.9,9.4,6.0,117.0,27.9,85.0,2.3,946.3,0.0
2026-08-27 03:00:00,62.2,54.1,1232.0,68.7,8.6,15.0,118.0,27.4,87.0,1.4,946.3,0.0
2026-08-27 04:00:00,54.5,47.3,935.0,49.1,8.5,29.0,119.0,26.9,89.0,2.2,946.2,0.0
2026-08-27 05:00:00,75.0,66.1,768.0,78.6,10.5,5.0,120.0,27.5,87.0,5.0,946.3,0.0
2026-08-27 06:00:00,69.6,61.0,809.0,66.9,11.8,31.0,122.0,27.2,86.0,4.4,946.8,0.0
2026-08-27 07:00:00,64.0,56.2,980.0,50.4,13.7,69.0,123.0,27.9,85.0,5.1,947.5,0.0
2026-08-27 08:00:00,55.1,42.8,1065.0,35.8,15.6,105.0,125.0,29.3,80.0,5.9,947.9,0.0
2026-08-27 09:00:00,55.5,39.8,949.0,24.9,17.8,139.0,126.0,30.8,75.0,6.9,948.5,0.0
2026-08-27 10:00:00,58.2,40.4,747.0,15.8,20.1,172.0,127.0,31.7,71.0,7.6,948.7,0.0
2026-08-27 11:00:00,60.3,40.5,588.0,9.3,21.1,197.0,127.0,32.8,61.0,4.2,948.8,0.0
2026-08-27 12:00:00,58.7,39.2,516.0,6.0,19.6,209.0,128.0,33.7,55.0,3.6,948.1,0.1
2026-08-27 13:00:00,58.0,38.9,488.0,5.3,16.9,212.0,129.0,34.3,51.0,3.0,947.4,0.0
2026-08-27 14:00:00,56.9,38.6,500.0,5.9,14.7,210.0,130.0,34.7,48.0,4.2,946.7,0.0
2026-08-27 15:00:00,56.8,38.5,525.0,5.5,13.9,208.0,146.0,34.8,47.0,4.3,946.2,0.0
2026-08-27 16:00:00,56.6,38.3,590.0,6.4,13.8,201.0,169.0,34.7,48.0,3.4,945.8,0.0
2026-08-27 17:00:00,57.9,39.2,775.0,14.7,13.8,183.0,184.0,34.7,51.0,4.7,945.7,0.0
2026-08-27 18:00:00,63.1,46.8,1185.0,37.3,14.0,143.0,191.0,32.2,72.0,2.4,945.4,0.0
2026-08-27 19:00:00,72.2,54.9,1714.0,67.3,14.4,91.0,187.0,30.7,76.0,6.0,945.6,0.0
2026-08-27 20:00:00,78.0,59.4,2123.0,89.9,14.7,51.0,170.0,29.8,78.0,7.2,946.3,0.0
2026-08-27 21:00:00,83.6,63.6,2342.0,99.2,14.9,32.0,143.0,29.1,82.0,5.8,946.8,0.0
2026-08-27 22:00:00,88.5,68.9,2442.0,101.1,15.0,25.0,139.0,28.5,83.0,4.7,946.8,0.0
2026-08-27 23:00:00,92.9,74.5,2393.0,98.0,14.5,22.0,140.0,29.0,83.0,5.0,946.7,0.0
2026-08-28 00:00:00,89.6,75.9,2122.0,89.2,12.9,20.0,141.0,28.4,86.0,2.9,946.4,0.0
2026-08-28 01:00:00,79.6,70.5,1702.0,75.5,10.8,22.0,142.0,27.9,88.0,3.1,946.0,0.0
2026-08-28 02:00:00,72.2,64.7,1327.0,61.6,9.2,28.0,142.0,27.6,89.0,4.0,945.8,0.0
2026-08-28 03:00:00,66.4,59.0,1049.0,47.7,8.7,38.0,143.0,27.4,89.0,5.2,945.8,0.0
2026-08-28 04:00:00,60.3,52.9,816.0,33.5,8.8,52.0,143.0,27.2,89.0,6.0,946.1,0.0
2026-08-28 05:00:00,62.2,48.2,663.0,24.9,9.5,75.0,144.0,27.5,90.0,7.6,946.4,0.1
2026-08-28 06:00:00,58.4,45.4,642.0,22.7,10.5,89.0,142.0,27.4,90.0,8.6,947.2,0.1
2026-08-28 07:00:00,56.5,42.3,702.0,19.6,11.8,109.0,140.0,28.0,81.0,10.5,947.9,0.0
2026-08-28 08:00:00,56.9,38.2,725.0,16.3,13.1,128.0,139.0,28.8,74.0,10.1,948.3,0.0
2026-08-28 09:00:00,57.6,36.8,651.0,12.7,14.3,146.0,138.0,29.7,73.0,10.3,948.7,0.0
2026-08-28 10:00:00,61.5,37.6,541.0,8.8,15.3,164.0,138.0,30.7,71.0,11.8,949.0,0.0
2026-08-28 11:00:00,65.9,39.3,462.0,6.1,15.9,178.0,138.0,30.8,70.0,8.3,949.0,0.0
2026-08-28 12:00:00,68.7,40.4,442.0,4.9,15.6,188.0,137.0,32.0,65.0,4.4,948.6,0.0
2026-08-28 13:00:00,68.9,41.1,454.0,4.8,14.9,194.0,138.0,33.0,60.0,4.2,947.8,0.0
2026-08-28 14:00:00,65.9,40.6,475.0,5.7,14.4,197.0,138.0,33.5,57.0,4.3,947.2,0.0
2026-08-28 15:00:00,63.3,40.3,443.0,4.7,14.4,201.0,144.0,33.6,56.0,5.4,946.4,0.0
2026-08-28 16:00:00,62.2,40.5,421.0,4.7,14.6,202.0,160.0,33.6,55.0,4.0,946.1,0.0
2026-08-28 17:00:00,65.7,43.1,581.0,14.2,13.7,181.0,172.0,33.9,53.0,2.3,946.0,0.0
2026-08-28 18:00:00,65.7,48.8,1118.0,37.6,13.8,141.0,177.0,32.3,67.0,3.6,945.7,0.0
2026-08-28 19:00:00,70.3,53.9,1836.0,69.7,13.9,86.0,174.0,30.6,74.0,5.1,945.5,0.0
2026-08-28 20:00:00,76.4,58.7,2317.0,92.1,13.8,44.0,159.0,29.7,78.0,4.9,946.0,0.0
2026-08-28 21:00:00,81.7,63.1,2368.0,96.6,13.6,28.0,139.0,28.9,83.0,3.5,946.4,0.0
2026-08-28 22:00:00,82.9,65.0,2182.0,91.5,13.2,27.0,139.0,28.4,86.0,4.3,947.0,0.0
2026-08-28 23:00:00,83.1,65.2,1920.0,82.5,12.6,30.0,138.0,29.0,84.0,7.4,946.6,0.0
2026-08-29 00:00:00,81.7,63.3,1583.0,69.7,11.7,38.0,137.0,28.6,86.0,4.9,946.4,0.1
2026-08-29 01:00:00,78.2,59.8,1170.0,53.2,10.6,51.0,136.0,28.3,88.0,3.8,946.3,0.1
2026-08-29 02:00:00,73.8,55.6,838.0,38.9,9.8,64.0,135.0,28.0,88.0,8.1,946.1,0.0
2026-08-29 03:00:00,71.2,53.3,638.0,28.7,9.5,75.0,134.0,27.2,85.0,9.2,946.4,0.0
2026-08-29 04:00:00,66.6,49.2,520.0,20.8,9.6,86.0,133.0,26.7,85.0,6.3,946.5,0.0
2026-08-29 05:00:00,59.8,43.8,490.0,16.2,10.6,99.0,133.0,27.4,88.0,8.7,946.3,0.0
2026-08-29 06:00:00,59.8,44.4,608.0,17.4,11.8,106.0,133.0,27.0,89.0,5.5,946.1,0.0
2026-08-29 07:00:00,57.4,41.9,813.0,18.9,13.4,117.0,133.0,27.7,86.0,4.0,946.6,0.0
2026-08-29 08:00:00,55.4,37.3,932.0,18.8,15.0,131.0,132.0,28.6,80.0,4.9,947.5,0.7
2026-08-29 09:00:00,55.2,35.9,866.0,15.5,16.7,149.0,132.0,29.9,76.0,5.4,947.8,0.4
2026-08-29 10:00:00,56.5,36.7,712.0,10.5,18.3,170.0,132.0,31.1,71.0,7.0,948.4,0.3
2026-08-29 11:00:00,57.5,37.7,591.0,6.7,19.1,187.0,132.0,32.6,65.0,7.0,948.0,0.2
2026-08-29 12:00:00,56.7,38.1,545.0,4.9,18.5,198.0,132.0,33.2,62.0,5.7,947.5,0.1
2026-08-29 13:00:00,56.1,38.1,530.0,4.2,17.0,205.0,132.0,33.5,61.0,4.1,947.1,0.0
2026-08-29 14:00:00,56.5,38.5,537.0,5.0,15.8,206.0,135.0,33.7,60.0,2.0,946.3,0.0
2026-08-29 15:00:00,55.6,38.9,559.0,5.3,15.1,204.0,155.0,33.6,60.0,1.1,945.8,0.0
2026-08-29 16:00:00,55.6,38.4,603.0,7.2,14.6,197.0,169.0,33.6,59.0,1.1,945.4,0.0
2026-08-29 17:00:00,68.2,44.7,678.0,14.7,13.1,174.0,179.0,32.4,62.0,5.3,945.4,0.0
2026-08-29 18:00:00,67.5,49.0,792.0,31.7,12.7,140.0,183.0,30.9,72.0,8.3,945.1,0.0
2026-08-29 19:00:00,65.9,53.0,937.0,54.9,12.1,93.0,178.0,29.4,79.0,8.8,945.0,0.0
2026-08-29 20:00:00,63.3,52.4,1105.0,70.6,11.5,57.0,163.0,28.7,80.0,7.0,945.7,0.0
2026-08-29 21:00:00,63.8,53.2,1352.0,72.6,10.9,42.0,138.0,28.4,82.0,5.5,946.1,0.0
2026-08-29 22:00:00,65.0,55.4,1622.0,67.2,10.3,38.0,129.0,28.0,84.0,4.2,946.3,0.0
2026-08-29 23:00:00,65.0,56.8,1732.0,59.3,9.6,40.0,128.0,28.1,84.0,4.3,946.2,0.0
2026-08-30 00:00:00,61.2,53.4,1558.0,49.0,8.9,47.0,127.0,26.7,91.0,9.5,945.9,0.5
2026-08-30 01:00:00,57.5,49.2,1224.0,36.3,8.2,59.0,126.0,25.4,93.0,7.6,946.1,1.7
2026-08-30 02:00:00,49.9,41.7,924.0,25.6,7.5,71.0,125.0,25.1,92.0,9.8,945.6,0.7
2026-08-30 03:00:00,46.2,37.3,704.0,18.4,6.5,82.0,124.0,25.5,91.0,0.7,945.7,0.2
2026-08-30 04:00:00,42.8,34.0,517.0,13.4,5.5,94.0,122.0,25.1,94.0,2.3,945.9,0.1
2026-08-30 05:00:00,33.1,25.0,422.0,12.1,6.5,96.0,121.0,25.6,91.0,8.5,945.3,0.0
2026-08-30 06:00:00,32.9,26.0,492.0,13.9,6.1,97.0,119.0,25.8,91.0,7.0,945.5,0.0
2026-08-30 07:00:00,36.0,29.1,653.0,16.2,5.8,99.0,117.0,26.9,88.0,6.0,946.1,0.0
2026-08-30 08:00:00,41.6,31.5,741.0,16.7,6.9,109.0,115.0,28.7,80.0,5.8,946.9,0.0
2026-08-30 09:00:00,47.6,33.6,667.0,13.7,11.0,136.0,115.0,30.6,70.0,5.6,947.5,0.0
2026-08-30 10:00:00,55.9,37.3,521.0,9.0,16.5,171.0,115.0,32.0,65.0,5.5,947.9,0.0
2026-08-30 11:00:00,63.1,41.2,407.0,5.3,20.1,197.0,115.0,33.4,57.0,8.6,948.2,0.0
2026-08-30 12:00:00,65.0,42.0,363.0,3.7,19.8,204.0,115.0,33.4,58.0,9.8,948.1,0.1
2026-08-30 13:00:00,63.8,41.4,350.0,3.1,17.5,201.0,115.0,33.3,58.0,5.5,948.0,0.0
2026-08-30 14:00:00,61.7,39.9,361.0,3.5,15.6,196.0,125.0,33.5,58.0,8.2,947.3,0.0
2026-08-30 15:00:00,61.2,40.0,393.0,4.2,15.1,192.0,146.0,33.2,58.0,10.4,946.9,0.0
2026-08-30 16:00:00,61.2,40.2,448.0,6.0,14.9,185.0,162.0,32.2,62.0,6.8,946.8,0.9
2026-08-30 17:00:00,65.7,44.9,525.0,15.2,10.5,138.0,174.0,32.1,59.0,6.8,946.7,0.1
2026-08-30 18:00:00,64.3,48.2,640.0,21.0,10.3,123.0,174.0,31.4,62.0,7.5,946.5,0.1
2026-08-30 19:00:00,63.3,49.8,776.0,28.9,10.0,102.0,166.0,30.3,69.0,8.0,946.8,0.0
2026-08-30 20:00:00,53.8,43.8,885.0,33.6,9.4,87.0,151.0,29.6,75.0,10.5,947.4,0.0
2026-08-30 21:00:00,44.8,37.7,963.0,32.4,8.3,82.0,127.0,28.8,78.0,6.7,948.0,0.0
2026-08-30 22:00:00,39.6,34.6,1013.0,28.1,6.9,82.0,113.0,28.2,81.0,4.9,948.0,0.0
2026-08-30 23:00:00,31.8,28.2,994.0,24.0,5.7,83.0,111.0,28.8,76.0,6.2,947.8,0.0
2026-08-31 00:00:00,24.7,22.3,853.0,21.1,5.0,83.0,108.0,28.1,78.0,4.3,947.8,0.0
2026-08-31 01:00:00,22.8,20.5,644.0,18.3,4.5,83.0,105.0,27.7,80.0,4.7,947.4,0.0
2026-08-31 02:00:00,20.8,18.3,478.0,16.0,4.1,83.0,102.0,27.4,82.0,3.2,947.1,0.0
2026-08-31 03:00:00,19.2,16.4,384.0,13.7,3.8,84.0,100.0,26.5,84.0,12.8,947.5,0.0
2026-08-31 04:00:00,17.6,14.8,335.0,11.8,3.7,85.0,98.0,25.6,87.0,9.9,947.2,0.2
2026-08-31 05:00:00,27.9,22.3,362.0,13.5,3.3,80.0,96.0,25.7,93.0,10.7,946.9,0.2
2026-08-31 06:00:00,24.0,20.6,543.0,20.7,3.5,70.0,96.0,25.6,90.0,7.5,947.1,0.1
2026-08-31 07:00:00,25.7,23.2,801.0,30.2,3.9,57.0,96.0,26.8,85.0,3.8,947.3,0.0
2026-08-31 08:00:00,29.3,25.7,935.0,34.4,5.4,61.0,95.0,28.8,74.0,2.7,948.1,0.0
2026-08-31 09:00:00,33.9,26.5,815.0,28.2,9.2,97.0,95.0,30.8,64.0,5.9,948.6,0.0
2026-08-31 10:00:00,40.0,30.2,571.0,16.8,14.0,149.0,94.0,32.1,61.0,8.0,948.7,0.0
2026-08-31 11:00:00,45.5,32.9,388.0,8.0,17.2,188.0,94.0,33.5,54.0,6.4,949.2,0.0
2026-08-31 12:00:00,48.3,34.3,346.0,4.7,17.3,204.0,93.0,32.8,55.0,9.2,948.7,0.1
2026-08-31 13:00:00,50.6,35.7,365.0,4.1,15.9,207.0,93.0,33.6,53.0,5.9,948.3,0.1
2026-08-31 14:00:00,52.3,36.4,397.0,5.2,14.5,203.0,92.0,33.4,54.0,9.6,947.3,0.0
2026-08-31 15:00:00,53.8,36.7,411.0,5.6,13.7,195.0,115.0,31.9,60.0,4.8,947.2,0.7
2026-08-31 16:00:00,53.8,37.6,437.0,7.8,13.1,179.0,144.0,31.5,62.0,6.6,946.4,0.1
2026-08-31 17:00:00,72.4,49.6,517.0,23.1,11.2,129.0,164.0,31.7,62.0,12.1,946.0,0.0
2026-08-31 18:00:00,59.5,46.7,697.0,29.9,10.4,112.0,169.0,30.8,66.0,11.6,946.4,0.0
2026-08-31 19:00:00,56.5,46.7,931.0,39.3,9.3,88.0,163.0,29.3,73.0,12.2,946.4,0.0
2026-08-31 20:00:00,56.2,48.8,1115.0,45.7,8.3,70.0,147.0,27.9,78.0,10.6,947.1,0.0
2026-08-31 21:00:00,59.3,51.9,1239.0,47.3,7.5,61.0,118.0,27.4,80.0,7.7,948.0,0.0
2026-08-31 22:00:00,59.3,51.3,1313.0,45.9,6.9,57.0,93.0,27.2,82.0,5.7,948.2,0.0
2026-08-31 23:00:00,51.3,45.9,1267.0,42.3,6.1,57.0,94.0,28.5,82.0,5.5,947.6,0.0
2026-09-01 00:00:00,29.8,27.1,1003.0,35.2,5.0,62.0,96.0,25.5,94.0,13.6,947.5,1.7
2026-09-01 01:00:00,33.1,30.0,618.0,25.8,3.8,71.0,96.0,24.3,98.0,4.1,947.5,5.4
2026-09-01 02:00:00,25.0,22.4,336.0,18.2,3.1,80.0,97.0,24.9,96.0,8.3,947.8,1.4
2026-09-01 03:00:00,23.6,20.1,250.0,13.8,3.1,87.0,97.0,24.8,96.0,7.7,947.8,1.0
2026-09-01 04:00:00,25.5,21.3,266.0,11.3,3.6,94.0,97.0,24.4,96.0,10.3,947.6,0.4
2026-09-01 05:00:00,25.3,21.7,330.0,14.1,3.2,83.0,98.0,25.5,96.0,3.9,947.3,0.6
2026-09-01 06:00:00,22.1,17.9,461.0,18.8,3.3,81.0,98.0,25.3,97.0,8.2,947.8,0.3
2026-09-01 07:00:00,22.6,19.6,639.0,24.9,3.6,79.0,98.0,25.4,95.0,7.5,948.4,0.1
2026-09-01 08:00:00,23.3,19.6,746.0,27.4,4.6,84.0,97.0,26.5,86.0,6.2,948.9,0.0
2026-09-01 09:00:00,25.7,19.0,715.0,22.7,7.0,103.0,97.0,28.5,74.0,4.6,949.6,0.0
2026-09-01 10:00:00,30.5,21.1,614.0,14.3,10.1,129.0,96.0,30.1,67.0,2.0,949.9,0.0
2026-09-01 11:00:00,41.2,25.1,528.0,7.8,12.5,151.0,95.0,30.4,64.0,1.6,950.3,0.0
2026-09-01 12:00:00,48.3,28.6,482.0,5.5,13.3,165.0,95.0,31.4,63.0,3.2,950.2,0.0
2026-09-01 13:00:00,51.3,31.1,451.0,5.1,13.3,175.0,94.0,31.7,63.0,1.1,949.5,0.1
2026-09-01 14:00:00,52.7,32.6,445.0,5.6,13.5,181.0,94.0,32.0,61.0,2.7,949.2,0.0
2026-09-01 15:00:00,54.4,33.5,460.0,5.1,14.3,186.0,94.0,31.8,63.0,4.2,948.7,0.0
2026-09-01 16:00:00,57.3,35.3,500.0,5.5,15.2,186.0,116.0,30.8,68.0,6.6,948.5,0.1
2026-09-01 17:00:00,56.6,36.1,586.0,19.0,12.2,145.0,138.0,30.2,71.0,9.2,948.6,0.1
2026-09-01 18:00:00,56.2,37.6,780.0,30.3,11.8,119.0,147.0,29.4,75.0,7.8,949.1,0.0
2026-09-01 19:00:00,54.8,41.7,1021.0,45.7,11.2,84.0,145.0,28.6,78.0,8.6,949.3,0.0
2026-09-01 20:00:00,57.2,43.7,1139.0,56.3,10.5,57.0,130.0,28.0,82.0,8.7,950.0,0.0
2026-09-01 21:00:00,58.4,45.1,1019.0,58.0,9.8,46.0,108.0,27.2,85.0,5.6,950.7,0.0
2026-09-01 22:00:00,55.9,44.4,777.0,54.8,9.0,44.0,90.0,26.7,86.0,5.9,951.0,0.0
2026-09-01 23:00:00,49.8,41.4,597.0,49.6,8.3,45.0,90.0,27.4,86.0,6.5,950.4,0.0
2026-09-02 00:00:00,42.0,35.5,564.0,42.4,7.6,48.0,89.0,24.6,94.0,13.7,950.7,1.8
2026-09-02 01:00:00,29.5,25.0,593.0,33.3,6.8,53.0,90.0,23.8,94.0,10.8,950.1,0.5
2026-09-02 02:00:00,33.5,26.9,607.0,25.4,6.3,60.0,90.0,23.2,95.0,9.3,951.2,1.1
2026-09-02 03:00:00,29.6,22.6,565.0,19.2,5.9,68.0,90.0,23.0,95.0,8.4,950.8,3.6
2026-09-02 04:00:00,10.4,8.2,508.0,14.2,5.6,78.0,90.0,22.8,97.0,4.7,950.7,0.8
2026-09-02 05:00:00,32.0,24.7,487.0,24.8,6.9,52.0,89.0,24.5,95.0,4.4,950.2,0.1
2026-09-02 06:00:00,28.4,23.9,539.0,27.7,6.8,52.0,89.0,23.2,98.0,5.4,950.6,0.7
2026-09-02 07:00:00,27.9,24.2,627.0,31.3,6.8,53.0,90.0,23.1,96.0,8.1,951.1,0.6
2026-09-02 08:00:00,30.3,24.8,686.0,31.8,7.7,65.0,90.0,24.4,86.0,6.1,951.5,0.1
2026-09-02 09:00:00,28.7,21.8,691.0,26.0,10.5,97.0,91.0,26.0,77.0,4.2,952.0,0.0
2026-09-02 10:00:00,32.4,23.5,667.0,16.9,14.3,139.0,91.0,27.7,71.0,1.9,952.0,0.0
2026-09-02 11:00:00,36.9,26.6,631.0,9.9,16.7,172.0,91.0,29.8,64.0,3.4,952.4,0.0
2026-09-02 12:00:00,39.8,28.7,572.0,6.8,16.5,187.0,91.0,31.1,60.0,2.7,951.9,0.0
2026-09-02 13:00:00,41.2,29.7,500.0,5.7,14.9,192.0,91.0,31.5,60.0,3.6,951.0,0.0
2026-09-02 14:00:00,41.7,30.0,459.0,6.0,13.6,192.0,91.0,31.5,61.0,3.8,950.3,0.0
2026-09-02 15:00:00,41.7,30.2,437.0,4.7,13.0,190.0,100.0,31.5,62.0,5.0,949.5,0.0
2026-09-02 16:00:00,41.7,30.0,445.0,4.9,12.7,183.0,129.0,30.3,68.0,6.8,948.6,0.3
2026-09-02 17:00:00,63.1,41.3,563.0,15.0,13.6,154.0,153.0,30.7,70.0,6.6,948.5,0.2
2026-09-02 18:00:00,71.0,52.7,897.0,44.5,14.3,112.0,162.0,28.9,79.0,11.9,948.8,0.1
2026-09-02 19:00:00,83.6,63.8,1342.0,84.8,15.1,55.0,158.0,27.6,84.0,8.9,948.9,0.0
2026-09-02 20:00:00,86.8,66.4,1657.0,112.6,15.4,12.0,136.0,26.9,86.0,5.6,949.4,0.0
2026-09-02 21:00:00,89.9,69.4,1757.0,116.8,14.7,0.0,98.0,26.4,88.0,5.0,950.0,0.0
2026-09-02 22:00:00,97.8,78.2,1728.0,108.5,13.4,0.0,97.0,26.1,89.0,3.2,950.0,0.0
2026-09-02 23:00:00,94.3,79.2,1589.0,97.6,12.1,1.0,100.0,26.7,90.0,4.3,949.3,0.0
2026-09-03 00:00:00,85.2,73.8,1272.0,86.3,10.8,6.0,104.0,23.7,94.0,16.2,950.0,1.1
2026-09-03 01:00:00,77.3,67.3,845.0,72.3,9.4,16.0,108.0,23.9,95.0,7.4,949.5,0.2
2026-09-03 02:00:00,68.9,60.3,526.0,59.3,8.2,24.0,112.0,24.0,92.0,0.3,949.3,0.1
2026-09-03 03:00:00,63.1,53.7,404.0,47.6,7.1,29.0,116.0,22.7,94.0,8.5,949.7,1.3
2026-09-03 04:00:00,56.3,46.7,390.0,36.9,6.3,34.0,119.0,22.8,95.0,7.1,949.9,0.2
2026-09-03 05:00:00,42.8,31.7,436.0,17.8,7.0,62.0,123.0,24.4,90.0,10.5,949.1,0.1
2026-09-03 06:00:00,49.6,39.1,580.0,20.8,7.9,65.0,124.0,24.1,92.0,3.9,949.6,0.0
2026-09-03 07:00:00,50.8,41.8,785.0,24.7,9.4,70.0,125.0,24.9,91.0,5.8,950.3,0.0
2026-09-03 08:00:00,54.6,39.6,886.0,25.9,11.6,83.0,127.0,25.9,85.0,5.9,951.0,0.1
2026-09-03 09:00:00,53.2,36.4,778.0,21.9,15.7,111.0,128.0,27.3,81.0,6.7,951.2,1.0
2026-09-03 10:00:00,54.5,37.3,568.0,15.2,20.6,147.0,130.0,29.1,73.0,6.6,951.9,0.0
2026-09-03 11:00:00,55.9,38.9,408.0,9.8,23.3,175.0,131.0,31.0,64.0,7.1,951.7,0.0
2026-09-03 12:00:00,56.9,40.2,359.0,7.0,22.0,189.0,133.0,31.7,62.0,7.3,951.0,0.1
2026-09-03 13:00:00,55.1,39.1,360.0,5.6,18.7,194.0,134.0,32.2,59.0,6.7,950.3,0.0
2026-09-03 14:00:00,52.0,36.9,391.0,5.8,15.9,194.0,135.0,32.4,58.0,6.1,949.4,0.0
2026-09-03 15:00:00,50.8,35.3,398.0,6.0,14.9,189.0,136.0,32.4,57.0,4.9,948.6,0.0
2026-09-03 16:00:00,49.9,34.2,434.0,7.8,14.5,179.0,139.0,32.4,55.0,1.2,948.2,0.0
2026-09-03 17:00:00,60.8,38.9,633.0,14.0,14.5,150.0,157.0,33.4,52.0,2.4,947.5,0.0
2026-09-03 18:00:00,71.9,50.2,1165.0,48.2,15.8,106.0,163.0,31.3,67.0,5.1,947.5,0.0
2026-09-03 19:00:00,91.3,69.2,1860.0,94.8,17.5,47.0,157.0,29.6,75.0,6.1,947.7,0.0
2026-09-03 20:00:00,97.8,77.5,2349.0,125.2,18.2,4.0,137.0,28.6,79.0,5.3,948.4,0.0
2026-09-03 21:00:00,84.3,68.0,2498.0,125.7,17.0,0.0,138.0,27.9,82.0,5.5,948.7,0.0
2026-09-03 22:00:00,80.3,65.7,2440.0,110.0,14.8,2.0,138.0,27.4,83.0,5.2,949.1,0.0
2026-09-03 23:00:00,78.2,64.7,2202.0,91.4,12.6,14.0,136.0,26.8,84.0,7.4,948.8,0.0
2026-09-04 00:00:00,71.0,59.1,1667.0,71.5,10.6,30.0,135.0,24.5,91.0,1.8,949.5,6.4
2026-09-04 01:00:00,59.8,49.2,953.0,48.6,8.5,52.0,133.0,24.5,91.0,18.4,949.7,0.9
2026-09-04 02:00:00,49.7,41.1,433.0,30.7,7.0,68.0,131.0,22.2,94.0,10.3,949.2,1.1
2026-09-04 03:00:00,37.8,31.4,279.0,21.0,6.2,75.0,129.0,23.2,94.0,4.6,949.1,0.7
2026-09-04 04:00:00,19.8,16.4,320.0,16.3,6.0,76.0,127.0,23.5,92.0,8.6,949.7,0.1
2026-09-04 05:00:00,49.4,40.6,422.0,23.5,6.6,59.0,124.0,24.3,94.0,11.4,949.4,0.7
2026-09-04 06:00:00,53.6,43.9,596.0,26.0,7.4,63.0,125.0,23.6,99.0,3.6,949.5,0.1
2026-09-04 07:00:00,57.2,47.7,830.0,29.1,8.7,70.0,125.0,24.4,97.0,4.9,950.0,0.0
2026-09-04 08:00:00,57.2,44.2,956.0,29.4,10.7,85.0,126.0,26.0,88.0,2.7,950.7,0.0
2026-09-04 09:00:00,54.5,39.3,867.0,24.3,14.2,117.0,126.0,27.9,79.0,6.4,951.4,0.0
2026-09-04 10:00:00,55.4,40.0,670.0,16.5,18.3,157.0,127.0,29.5,72.0,6.2,951.8,0.0
2026-09-04 11:00:00,55.6,41.0,521.0,10.3,20.7,189.0,127.0,29.4,62.0,5.6,953.3,0.0
2026-09-04 12:00:00,54.8,41.3,475.0,7.4,19.9,205.0,127.0,28.6,69.0,8.2,953.1,0.1
2026-09-04 13:00:00,53.2,40.4,478.0,6.2,17.3,213.0,127.0,30.1,62.0,2.7,952.0,0.0
2026-09-04 14:00:00,51.1,38.6,523.0,6.5,15.3,214.0,128.0,31.1,57.0,6.1,951.4,0.0
2026-09-04 15:00:00,49.7,37.1,577.0,4.9,14.6,213.0,132.0,30.4,64.0,8.7,950.4,0.0
2026-09-04 16:00:00,50.5,36.6,673.0,4.8,14.5,205.0,160.0,30.4,64.0,7.4,949.9,0.0
2026-09-04 17:00:00,50.5,35.0,905.0,22.4,9.9,142.0,179.0,30.5,63.0,9.3,950.1,0.0
2026-09-04 18:00:00,54.2,41.2,1386.0,49.4,10.9,101.0,183.0,28.9,67.0,9.2,950.3,0.0
2026-09-04 19:00:00,66.4,53.0,2003.0,86.5,12.4,45.0,174.0,27.5,73.0,9.0,950.4,0.0
2026-09-04 20:00:00,79.2,65.9,2516.0,112.4,13.7,4.0,151.0,26.7,77.0,8.0,950.9,0.0
2026-09-04 21:00:00,89.6,76.4,2907.0,116.6,14.8,0.0,124.0,26.1,81.0,6.3,951.5,0.0
2026-09-04 22:00:00,99.2,85.9,3193.0,109.8,15.8,0.0,125.0,25.6,85.0,4.2,952.0,0.0
2026-09-04 23:00:00,102.4,89.6,3190.0,102.5,15.8,2.0,127.0,25.1,87.0,2.3,952.0,0.3
2026-09-05 00:00:00,96.2,84.8,2692.0,99.3,14.1,3.0,129.0,25.1,86.0,7.2,952.7,0.0
2026-09-05 01:00:00,80.8,70.5,1904.0,95.7,11.6,5.0,132.0,25.2,82.0,6.9,952.3,0.0
2026-09-05 02:00:00,71.0,60.3,1256.0,89.1,9.4,9.0,134.0,24.5,81.0,3.9,951.9,0.0
2026-09-05 03:00:00,63.6,53.1,901.0,76.5,8.1,16.0,136.0,24.1,79.0,4.3,951.7,0.0
2026-09-05 04:00:00,54.0,45.6,685.0,60.8,7.2,25.0,139.0,23.5,82.0,3.8,951.3,0.0
2026-09-05 05:00:00,46.8,38.3,575.0,30.4,7.3,47.0,142.0,23.1,91.0,6.7,951.3,0.0
2026-09-05 06:00:00,45.5,37.1,612.0,34.9,7.0,46.0,141.0,22.5,92.0,5.3,951.3,0.5
2026-09-05 07:00:00,44.5,37.5,754.0,40.5,6.9,46.0,141.0,23.3,88.0,3.6,953.2,0.0
2026-09-05 08:00:00,45.6,37.0,849.0,41.3,8.2,60.0,140.0,24.6,84.0,7.4,953.6,0.0
2026-09-05 09:00:00,49.9,34.5,828.0,32.4,12.7,100.0,139.0,26.5,72.0,3.2,954.0,0.0
2026-09-05 10:00:00,56.6,38.1,759.0,18.5,18.8,155.0,138.0,28.2,65.0,2.8,954.3,0.0
2026-09-05 11:00:00,63.1,42.0,691.0,8.1,22.5,195.0,138.0,26.5,72.0,4.6,954.4,0.0
2026-09-05 12:00:00,68.2,44.9,612.0,4.0,21.7,211.0,138.0,29.5,62.0,2.0,954.0,0.0
2026-09-05 13:00:00,72.2,46.8,534.0,3.3,18.6,214.0,139.0,30.7,57.0,4.8,953.2,0.0
2026-09-05 14:00:00,75.9,48.1,541.0,5.9,16.0,208.0,139.0,31.4,52.0,7.3,952.2,0.0
2026-09-05 15:00:00,77.8,48.7,642.0,10.5,14.7,196.0,140.0,31.4,50.0,7.4,951.4,0.0
2026-09-05 16:00:00,78.2,49.1,827.0,18.4,13.8,175.0,151.0,31.2,50.0,8.2,950.9,0.0
2026-09-05 17:00:00,56.7,37.6,1151.0,25.6,12.3,149.0,169.0,31.4,58.0,5.2,951.1,0.0
2026-09-05 18:00:00,62.2,44.4,1742.0,57.5,13.4,107.0,177.0,29.7,69.0,3.2,950.7,0.0
2026-09-05 19:00:00,75.0,56.1,2473.0,101.1,14.9,49.0,169.0,27.8,78.0,2.8,950.8,0.0
2026-09-05 20:00:00,87.3,68.0,3014.0,130.2,15.8,7.0,145.0,27.0,81.0,3.2,951.3,0.0
2026-09-05 21:00:00,94.5,75.2,3270.0,131.5,15.6,0.0,144.0,26.4,83.0,4.2,951.8,0.0
2026-09-05 22:00:00,100.8,82.4,3337.0,118.4,14.8,0.0,144.0,26.0,81.0,4.5,952.1,0.0
2026-09-05 23:00:00,99.4,82.7,3174.0,104.9,13.6,3.0,144.0,27.0,75.0,7.0,952.3,0.0
2026-09-06 00:00:00,89.6,75.7,2639.0,95.9,11.8,5.0,143.0,26.3,71.0,13.8,951.7,0.1
2026-09-06 01:00:00,72.4,61.2,1875.0,86.5,9.6,9.0,142.0,21.0,96.0,22.7,953.3,4.3
2026-09-06 02:00:00,57.6,47.8,1260.0,75.6,8.0,15.0,141.0,21.2,95.0,5.5,952.6,2.3
2026-09-06 03:00:00,49.6,40.2,944.0,61.1,7.5,24.0,140.0,21.5,96.0,3.0,953.3,1.0
2026-09-06 04:00:00,48.8,38.1,778.0,45.2,7.7,36.0,138.0,20.9,95.0,13.7,951.9,1.3
2026-09-06 05:00:00,34.5,26.0,700.0,15.6,7.1,84.0,137.0,21.7,96.0,7.2,951.7,0.3
2026-09-06 06:00:00,36.4,28.3,740.0,18.4,6.6,78.0,136.0,21.8,94.0,5.7,952.5,0.0
2026-09-06 07:00:00,32.6,26.1,868.0,22.0,6.0,70.0,135.0,22.7,91.0,4.7,953.4,0.0
2026-09-06 08:00:00,33.5,26.0,933.0,22.9,6.8,76.0,134.0,23.8,85.0,4.8,954.1,0.0
2026-09-06 09:00:00,37.1,25.0,859.0,18.6,10.5,106.0,133.0,25.3,80.0,5.5,954.6,0.0
2026-09-06 10:00:00,42.4,27.5,723.0,11.6,15.6,150.0,132.0,26.9,75.0,5.1,954.7,0.0
2026-09-06 11:00:00,46.7,31.0,603.0,6.3,19.0,183.0,131.0,28.2,69.0,1.5,955.1,0.0
2026-09-06 12:00:00,48.8,33.4,517.0,4.0,19.0,198.0,130.0,29.7,61.0,3.1,954.8,0.0
2026-09-06 13:00:00,48.2,33.8,447.0,3.2,17.2,203.0,128.0,30.6,55.0,4.4,953.9,0.0
2026-09-06 14:00:00,47.3,33.4,424.0,4.3,15.5,201.0,127.0,31.1,53.0,4.8,953.1,0.0
2026-09-06 15:00:00,46.4,32.9,431.0,5.8,14.3,193.0,126.0,31.2,52.0,5.4,952.1,0.0
2026-09-06 16:00:00,46.7,33.1,484.0,9.1,13.2,177.0,145.0,31.0,54.0,5.0,951.5,0.0
2026-09-06 17:00:00,47.4,35.5,658.0,18.5,12.5,154.0,162.0,30.1,61.0,5.4,951.1,0.0
2026-09-06 18:00:00,52.9,41.0,1057.0,39.7,12.7,118.0,170.0,28.6,70.0,5.8,950.9,0.0
2026-09-06 19:00:00,61.7,48.9,1577.0,67.1,13.3,76.0,165.0,27.2,72.0,6.4,951.0,0.0
2026-09-06 20:00:00,69.6,56.0,1985.0,88.1,13.9,42.0,147.0,26.2,76.0,5.6,951.4,0.0
2026-09-06 21:00:00,75.2,60.8,2216.0,98.2,14.4,25.0,120.0,25.3,81.0,3.3,951.8,0.0
2026-09-06 22:00:00,79.9,65.0,2334.0,101.9,14.8,18.0,118.0,25.0,83.0,1.7,952.1,0.0
2026-09-06 23:00:00,85.4,70.5,2300.0,100.1,14.4,14.0,116.0,24.5,85.0,1.4,952.7,0.0
2026-09-07 00:00:00,84.3,71.0,2031.0,91.1,12.4,12.0,115.0,24.0,88.0,3.9,952.7,0.0
2026-09-07 01:00:00,75.4,64.7,1609.0,76.7,9.6,14.0,115.0,23.6,90.0,4.6,952.6,0.0
2026-09-07 02:00:00,65.4,56.6,1238.0,62.9,7.4,17.0,115.0,23.0,93.0,3.6,952.4,0.0
2026-09-07 03:00:00,56.5,49.2,955.0,50.3,6.3,21.0,116.0,22.7,94.0,3.4,952.0,0.0
2026-09-07 04:00:00,49.4,43.3,723.0,38.4,5.8,26.0,117.0,22.5,94.0,2.8,951.7,0.0
2026-09-07 05:00:00,43.9,38.8,637.0,31.8,5.9,31.0,117.0,22.5,94.0,1.5,951.8,0.0
2026-09-07 06:00:00,41.3,36.6,830.0,35.8,6.2,30.0,119.0,22.4,94.0,2.2,951.9,0.0
2026-09-07 07:00:00,43.1,38.6,1168.0,45.2,7.0,28.0,120.0,23.5,90.0,3.1,952.4,0.0
2026-09-07 08:00:00,48.2,42.5,1345.0,48.3,9.3,43.0,121.0,25.2,83.0,2.2,952.9,0.0
2026-09-07 09:00:00,53.7,40.2,1184.0,37.9,15.0,90.0,123.0,27.2,75.0,2.0,953.5,0.0
2026-09-07 10:00:00,58.3,42.4,862.0,21.3,22.2,153.0,124.0,28.9,68.0,2.1,953.5,0.0
2026-09-07 11:00:00,61.7,45.1,606.0,8.8,26.6,200.0,126.0,30.2,61.0,4.8,952.9,0.0
2026-09-07 12:00:00,63.6,46.8,500.0,4.5,25.4,218.0,127.0,31.1,57.0,5.7,952.2,0.0
2026-09-07 13:00:00,64.0,47.0,461.0,4.2,21.3,221.0,129.0,31.6,55.0,5.8,951.5,0.0
2026-09-07 14:00:00,64.0,46.6,464.0,5.8,18.0,218.0,130.0,31.8,55.0,6.0,950.6,0.0
2026-09-07 15:00:00,63.8,45.5,426.0,4.4,16.5,216.0,131.0,31.8,55.0,5.2,950.0,0.0
2026-09-07 16:00:00,65.4,45.9,430.0,4.9,15.8,208.0,154.0,31.7,55.0,4.1,949.6,0.0
2026-09-07 17:00:00,67.8,47.3,704.0,19.4,16.0,185.0,180.0,31.1,58.0,3.1,949.4,0.0
2026-09-07 18:00:00,81.5,60.8,1512.0,63.3,17.9,131.0,196.0,29.8,71.0,2.1,949.2,0.0
2026-09-07 19:00:00,100.8,79.6,2588.0,121.2,20.6,60.0,192.0,28.0,78.0,2.2,949.2,0.0
2026-09-07 20:00:00,112.0,90.3,3369.0,159.6,22.3,9.0,170.0,27.0,81.0,1.3,949.7,0.0
2026-09-07 21:00:00,120.6,98.5,3623.0,160.8,22.1,0.0,144.0,26.4,84.0,0.6,950.3,0.0
2026-09-07 22:00:00,126.7,104.3,3580.0,142.4,20.7,0.0,148.0,25.8,85.0,2.8,950.7,0.0
2026-09-07 23:00:00,127.6,106.4,3366.0,124.3,18.7,4.0,151.0,25.5,85.0,3.2,950.9,0.0
2026-09-08 00:00:00,116.6,98.7,2944.0,113.2,15.7,3.0,152.0,25.0,85.0,3.4,950.9,0.0
2026-09-08 01:00:00,98.3,83.8,2352.0,102.3,12.1,3.0,152.0,24.3,87.0,4.7,950.8,0.0
2026-09-08 02:00:00,81.0,68.7,1824.0,91.0,9.2,5.0,153.0,23.6,89.0,5.4,950.5,0.0
2026-09-08 03:00:00,68.7,57.7,1404.0,77.5,7.8,12.0,153.0,23.2,89.0,4.7,950.3,0.0
2026-09-08 04:00:00,59.3,49.2,1050.0,63.6,7.1,23.0,154.0,23.1,89.0,4.6,950.2,0.0
2026-09-08 05:00:00,51.9,42.6,867.0,53.4,6.9,31.0,154.0,22.9,89.0,3.8,950.0,0.0
2026-09-08 06:00:00,47.3,38.5,992.0,50.9,6.9,30.0,154.0,23.0,88.0,3.3,950.4,0.0
2026-09-08 07:00:00,47.0,39.5,1288.0,52.2,7.3,28.0,154.0,24.3,82.0,3.6,951.1,0.0
2026-09-08 08:00:00,51.1,42.1,1457.0,49.3,8.2,40.0,154.0,26.1,78.0,2.2,951.6,0.0
2026-09-08 09:00:00,63.8,41.2,1349.0,36.9,10.2,81.0,154.0,28.3,69.0,0.7,952.3,0.0
2026-09-08 10:00:00,67.8,42.6,1112.0,20.4,12.6,137.0,154.0,30.0,64.0,3.6,952.4,0.0
2026-09-08 11:00:00,69.2,42.4,894.0,8.2,14.0,178.0,154.0,31.2,59.0,6.7,952.2,0.0
2026-09-08 12:00:00,68.0,41.3,717.0,3.3,13.3,192.0,154.0,32.0,54.0,8.5,951.5,0.0
2026-09-08 13:00:00,66.8,40.9,559.0,2.8,11.4,191.0,154.0,32.5,52.0,8.1,950.8,0.0
2026-09-08 14:00:00,64.5,40.0,495.0,5.6,10.1,183.0,154.0,32.9,50.0,6.9,950.0,0.0
2026-09-08 15:00:00,63.1,39.8,527.0,10.1,9.7,172.0,153.0,32.8,51.0,5.6,949.4,0.0
2026-09-08 16:00:00,62.2,40.0,653.0,18.1,9.7,155.0,153.0,32.6,52.0,4.7,949.0,0.0
2026-09-08 17:00:00,63.1,44.4,944.0,33.9,10.5,130.0,153.0,32.0,55.0,2.4,948.8,0.0
2026-09-08 18:00:00,75.0,55.6,1538.0,66.3,12.7,91.0,153.0,30.6,69.0,0.8,948.8,0.0
2026-09-08 19:00:00,90.1,69.8,2297.0,106.6,15.6,45.0,153.0,28.9,73.0,0.5,948.7,0.0
2026-09-08 20:00:00,98.7,78.0,2881.0,132.6,17.3,12.0,153.0,27.7,78.0,0.6,949.0,0.0
2026-09-08 21:00:00,101.0,80.3,3195.0,132.6,16.8,2.0,152.0,26.8,82.0,2.3,949.4,0.0
2026-09-08 22:00:00,102.9,83.8,3334.0,118.4,15.1,4.0,152.0,26.1,85.0,4.5,949.5,0.0
2026-09-08 23:00:00,99.2,83.8,3241.0,103.4,13.2,8.0,151.0,25.5,85.0,3.7,949.6,0.0
2026-09-09 00:00:00,86.4,75.4,2784.0,92.0,11.3,10.0,150.0,25.3,85.0,1.3,949.5,0.0
2026-09-09 01:00:00,70.5,61.5,2094.0,79.8,9.2,14.0,149.0,24.8,87.0,2.6,949.6,0.0
2026-09-09 02:00:00,58.9,50.6,1508.0,67.0,7.6,20.0,147.0,24.4,86.0,5.1,949.4,0.0
2026-09-09 03:00:00,51.8,44.0,1117.0,51.1,6.8,29.0,145.0,24.0,86.0,5.9,949.1,0.0
2026-09-09 04:00:00,47.3,39.8,830.0,34.5,6.4,39.0,143.0,23.7,87.0,4.3,949.2,0.0
2026-09-09 05:00:00,44.9,37.6,714.0,25.4,6.6,48.0,142.0,23.4,88.0,4.8,949.5,0.0
2026-09-09 06:00:00,44.9,37.6,910.0,31.2,7.1,48.0,142.0,23.2,87.0,5.1,949.8,0.0
2026-09-09 07:00:00,49.9,43.0,1277.0,44.5,8.1,46.0,142.0,24.2,83.0,4.6,950.8,0.0
2026-09-09 08:00:00,56.2,46.3,1464.0,50.2,10.3,60.0,142.0,26.1,77.0,3.1,951.8,0.0
2026-09-09 09:00:00,64.5,44.8,1265.0,39.5,15.0,105.0,142.0,28.4,66.0,5.3,952.5,0.0
2026-09-09 10:00:00,70.8,47.6,886.0,21.3,20.9,165.0,143.0,30.1,64.0,5.4,952.9,0.0
2026-09-09 11:00:00,74.5,50.1,591.0,7.7,24.4,209.0,143.0,31.5,60.0,4.3,952.8,0.0
2026-09-09 12:00:00,78.9,50.8,476.0,3.2,23.5,222.0,144.0,32.4,55.0,3.3,952.3,0.0
2026-09-09 13:00:00,75.0,48.0,446.0,3.2,20.2,220.0,145.0,33.0,52.0,3.5,951.4,0.0
2026-09-09 14:00:00,74.0,47.6,478.0,6.1,17.4,210.0,146.0,33.3,51.0,4.9,950.7,0.0
2026-09-09 15:00:00,73.3,47.1,515.0,11.6,16.2,196.0,147.0,33.1,51.0,4.9,950.1,0.3
2026-09-09 16:00:00,72.9,47.1,614.0,20.0,15.6,176.0,159.0,33.0,51.0,3.8,949.7,0.0
2026-09-09 17:00:00,71.7,50.3,921.0,30.9,15.1,152.0,177.0,32.3,54.0,3.6,949.5,0.0
2026-09-09 18:00:00,74.7,55.6,1637.0,46.2,14.6,121.0,185.0,30.5,67.0,6.0,949.3,0.0
2026-09-09 19:00:00,79.4,59.6,2562.0,63.9,14.2,86.0,178.0,28.8,74.0,7.1,949.2,0.0
2026-09-09 20:00:00,85.2,62.9,3238.0,78.0,13.9,58.0,158.0,27.7,81.0,3.7,949.6,0.0
2026-09-09 21:00:00,91.7,67.5,3494.0,87.2,13.8,40.0,146.0,26.9,84.0,3.6,950.0,0.0
2026-09-09 22:00:00,97.1,72.9,3502.0,92.8,13.8,28.0,145.0,26.4,86.0,3.0,950.2,0.0
2026-09-09 23:00:00,100.6,77.3,3320.0,92.5,13.4,22.0,144.0,26.0,88.0,1.9,950.2,0.0
2026-09-10 00:00:00,99.4,78.0,2878.0,83.2,12.3,23.0,143.0,25.4,90.0,4.7,949.9,0.0
2026-09-10 01:00:00,94.5,75.0,2246.0,67.9,10.8,31.0,143.0,25.0,89.0,5.4,949.7,0.0
2026-09-10 02:00:00,87.8,69.8,1691.0,53.8,9.7,39.0,145.0,24.8,88.0,5.4,949.6,0.0
2026-09-10 03:00:00,79.9,64.3,1256.0,41.6,9.3,48.0,147.0,24.5,86.0,6.2,949.6,0.0
2026-09-10 04:00:00,70.3,58.6,898.0,30.5,9.2,58.0,149.0,24.3,86.0,6.0,949.6,0.0
2026-09-10 05:00:00,63.8,54.2,751.5,24.9,9.5,66.0,150.0,23.9,88.0,3.9,949.8,0.0
2026-09-10 06:00:00,61.7,52.2,763.5,30.5,10.0,66.0,151.0,24.7,85.0,4.5,950.4,0.0
2026-09-10 07:00:00,61.0,51.8,940.5,41.8,10.9,65.0,151.0,25.9,81.0,5.9,951.3,0.0
2026-09-10 08:00:00,65.9,53.9,1079.0,46.2,12.3,76.0,151.0,27.2,76.0,6.0,952.0,0.0
2026-09-10 09:00:00,81.0,51.9,922.0,36.0,14.9,112.0,152.0,28.6,72.0,4.6,952.6,0.1
2026-09-10 10:00:00,84.5,50.8,661.0,19.1,18.1,161.0,152.0,30.2,66.0,5.1,952.9,0.1
2026-09-10 11:00:00,85.7,50.1,464.0,6.5,20.1,197.0,152.0,31.5,62.0,6.9,953.0,0.1
2026-09-10 12:00:00,84.8,49.8,405.0,3.0,19.8,210.0,152.0,32.4,59.0,6.8,952.6,0.1
2026-09-10 13:00:00,83.6,49.7,411.0,3.9,18.3,210.0,152.0,32.9,57.0,5.6,952.0,0.1
2026-09-10 14:00:00,92.9,56.2,431.0,6.1,17.0,206.0,152.0,33.2,56.0,4.6,951.4,0.1
2026-09-10 15:00:00,79.9,49.0,430.0,7.2,16.4,201.0,152.0,33.1,56.0,4.8,951.0,0.0
2026-09-10 16:00:00,77.8,48.5,443.0,9.6,16.1,190.0,156.0,32.7,56.0,6.1,950.6,0.0
2026-09-10 17:00:00,77.8,50.2,527.0,18.1,15.7,170.0,175.0,32.0,59.0,6.8,950.4,0.0
2026-09-10 18:00:00,78.2,56.8,741.0,38.3,15.2,131.0,184.0,30.9,64.0,6.0,950.3,0.0
2026-09-10 19:00:00,81.7,60.3,1026.0,64.5,14.7,83.0,179.0,29.4,72.0,4.4,950.3,0.0
2026-09-10 20:00:00,87.8,65.0,1256.0,84.6,14.2,45.0,161.0,28.2,79.0,3.2,950.4,0.0
2026-09-10 21:00:00,94.5,70.3,1399.0,94.7,13.8,25.0,152.0,27.4,84.0,2.8,950.7,0.0
2026-09-10 22:00:00,98.7,74.5,1487.0,98.6,13.5,15.0,153.0,26.9,87.0,2.9,950.9,0.0
2026-09-10 23:00:00,97.3,76.4,1493.0,95.6,12.9,13.0,153.0,26.4,89.0,3.1,951.2,0.0
2026-09-11 00:00:00,90.3,71.7,1374.0,82.1,11.9,22.0,153.0,25.9,91.0,3.7,951.3,0.0
2026-09-11 01:00:00,83.4,65.9,1173.0,61.6,10.6,38.0,152.0,25.4,92.0,4.5,951.3,0.0
2026-09-11 02:00:00,78.7,61.2,995.0,44.5,9.7,53.0,152.0,25.1,93.0,5.1,951.5,0.0
2026-09-11 03:00:00,74.0,57.5,870.0,34.3,9.3,62.0,152.0,24.7,92.0,5.5,951.7,0.0
2026-09-11 04:00:00,66.4,53.4,766.0,27.5,9.2,69.0,152.0,24.4,91.0,5.7,952.0,0.0
2026-09-11 05:00:00,61.2,50.1,696.0,23.0,9.2,74.0,151.0,24.5,88.0,5.8,952.4,0.0
2026-09-11 06:00:00,,,,,,,151.0,25.2,85.0,5.7,953.1,0.0
2026-09-11 07:00:00,,,,,,,,26.3,81.0,5.6,954.0,0.0
2026-09-11 08:00:00,,,,,,,,27.5,76.0,5.0,954.5,0.0
2026-09-11 09:00:00,,,,,,,,28.9,71.0,4.2,955.0,0.0
2026-09-11 10:00:00,,,,,,,,30.4,65.0,4.5,955.2,0.0
2026-09-11 11:00:00,,,,,,,,31.7,61.0,5.2,955.1,0.0
2026-09-11 12:00:00,,,,,,,,32.7,57.0,4.2,954.6,0.0
2026-09-11 13:00:00,,,,,,,,33.4,53.0,2.3,953.9,0.0
2026-09-11 14:00:00,,,,,,,,33.7,51.0,1.2,953.2,0.0
2026-09-11 15:00:00,,,,,,,,33.8,50.0,1.3,952.6,0.0
2026-09-11 16:00:00,,,,,,,,33.5,50.0,1.8,952.1,0.0
2026-09-11 17:00:00,,,,,,,,32.8,52.0,2.0,951.7,0.0
2026-09-11 18:00:00,,,,,,,,31.7,58.0,1.8,951.6,0.0
2026-09-11 19:00:00,,,,,,,,30.1,68.0,1.9,951.7,0.0
2026-09-11 20:00:00,,,,,,,,28.8,77.0,2.4,951.9,0.0
2026-09-11 21:00:00,,,,,,,,27.9,82.0,3.0,952.3,0.0
2026-09-11 22:00:00,,,,,,,,27.3,84.0,3.4,952.9,0.0
2026-09-11 23:00:00,,,,,,,,26.7,85.0,4.0,953.3,0.0
2026-09-12 00:00:00,,,,,,,,26.3,87.0,4.6,953.5,0.0
2026-09-12 01:00:00,,,,,,,,25.9,89.0,5.0,953.6,0.0
2026-09-12 02:00:00,,,,,,,,25.6,90.0,5.6,953.7,0.0
2026-09-12 03:00:00,,,,,,,,25.2,90.0,6.8,953.9,0.2
2026-09-12 04:00:00,,,,,,,,25.0,90.0,8.0,954.2,0.2
2026-09-12 05:00:00,,,,,,,,24.8,89.0,8.7,954.5,0.2
2026-09-12 06:00:00,,,,,,,,24.8,89.0,8.4,955.1,0.4
2026-09-12 07:00:00,,,,,,,,24.9,88.0,7.4,955.7,0.4
2026-09-12 08:00:00,,,,,,,,25.5,85.0,6.0,956.2,0.4
2026-09-12 09:00:00,,,,,,,,27.1,77.0,3.2,956.4,0.0
2026-09-12 10:00:00,,,,,,,,29.2,69.0,1.3,956.5,0.0
2026-09-12 11:00:00,,,,,,,,30.8,63.0,3.4,956.5,0.0
2026-09-12 12:00:00,,,,,,,,30.3,64.0,5.7,955.4,0.0
2026-09-12 13:00:00,,,,,,,,30.9,62.0,5.8,954.6,0.0
2026-09-12 14:00:00,,,,,,,,31.3,60.0,6.1,953.6,0.0
2026-09-12 15:00:00,,,,,,,,31.5,59.0,6.2,952.7,0.0
2026-09-12 16:00:00,,,,,,,,31.5,59.0,6.5,951.9,0.0
2026-09-12 17:00:00,,,,,,,,31.3,60.0,6.1,951.5,0.0
2026-09-12 18:00:00,,,,,,,,30.8,62.0,5.1,951.5,0.0
2026-09-12 19:00:00,,,,,,,,30.0,66.0,3.3,951.9,0.0
2026-09-12 20:00:00,,,,,,,,29.0,72.0,1.1,952.2,0.0
2026-09-12 21:00:00,,,,,,,,27.9,78.0,1.3,952.8,0.0
2026-09-12 22:00:00,,,,,,,,26.9,84.0,3.1,953.3,0.0
2026-09-12 23:00:00,,,,,,,,26.2,88.0,4.3,953.6,0.0
